case_id,sex,age_band,name_origin,province,region,urbanicity,NAME_PATIENT,NAME_DOCTOR,NAME_DOCTOR_2,NAME_RELATIVE,RELATIVE_RELATION,AGE,GENDER,DATE_ENCOUNTER,DATE_VALIDATION,DATE_HISTORY,DOB,INSZ,RIZIV,IBAN,CREDITCARDNUMBER,STREET,ZIPCODE,CITY,TELEFOON,TELEFOON_MOBILE,EMAIL,URL,ORGANIZATION,SPECIALTY,DIAGNOSIS,DX_EPONYM,DX_TEST,DX_ANATOMY,DX_DRUG,DX_DRUG_2,DX_HOMOGRAPH,DX_NUMERIC,DX_ABBREV,DX_CODESWITCH,noise_ops,ambiguous_surname,PATIENT_NOUN_GENERIC,PATIENT_NOUN_MARKED,HONORIFIC,PRONOUN_SUBJ,PRONOUN_POSS,fmt
CASE000000,M,50-64,turkish,Antwerpen,Vlaanderen,rural,Serkan Aydin,dr. Els Peeters,dr. Rik Van Acker,Cem Sahin,Broer,50-jarige,man,21/04/2026,22/04/2026,05-09-2016,°5 feb 1976,76.02.05-433.57,4-56778-92-008,BE20 2368 9098 0656,4534192832764833,Abdijdreef 48 bus 12,2860,Sint-Katelijne-Waver,+32 4 959 31 03,0472 29 12 48,serkan.aydin@proximus.be,https://www.uzdamiaan.be,UZ Damiaan,Reumatologie,reumatoide artritis,ziekte van Dupuytren,Snellen 1,M. Supraspinatus,Atorstatine 20 mg,Ozempic 1 mg,as 165 graden,22u,SSp,blurr-test,,False,patient,patient,de heer,hij,zijn,"{'INSZ': 'dotted', 'RIZIV': 'dashed', 'IBAN': 'grouped', 'DATE_ENCOUNTER': 'dd/mm/yyyy', 'DATE_VALIDATION': 'dd/mm/yyyy', 'DATE_HISTORY': 'dd-mm-yyyy', 'DOB': 'degree', 'TELEFOON': 'intl', 'TELEFOON_MOBILE': 'spaced', 'STREET': 'bus', 'AGE': 'jarige'}"
CASE000001,F,50-64,flemish,Oost-Vlaanderen,Vlaanderen,urban,Nele Declercq,dr. Lieve Goossens,dr. Deniz Korkmaz,Wim Verhoeven,Broer,61 jaar,vrouw,23/05/2026,2026-05-23,2016-03-09,°12/07/1964,64071216493,9 30555 63 030,BE81071281034036,4932528809570158,Smidberg 240,9000,Gent,013-46 27 04,+32 (0)498/22.64.13,nele.declercq@proximus.be,https://www.imeldaziekenhuis.be,Imeldaziekenhuis,Orthopedie,gonartrose bilateraal,syndroom van Sjogren,Snellen 1,M. Supraspinatus,Cose protect,D-cure 25 000 ie,geel verkleurde sclerae,pH 7.38,nle,shared decision making,,False,patient,patiente,mevrouw,zij,haar,"{'INSZ': 'plain', 'RIZIV': 'spaced', 'IBAN': 'plain', 'DATE_ENCOUNTER': 'dd/mm/yyyy', 'DATE_VALIDATION': 'yyyy-mm-dd', 'DATE_HISTORY': 'yyyy-mm-dd', 'DOB': 'degree', 'TELEFOON': 'dashed', 'TELEFOON_MOBILE': 'intl_paren', 'STREET': 'plain', 'AGE': 'jaar'}"
CASE000002,M,65-79,flemish,West-Vlaanderen,Vlaanderen,town,Bart Van Acker,dr. Kris De Smet,dr. Femke Verhoeven,Tom Maes,Broer,77-jarige,man,27-05-2026,2026-05-29,24 aug 2019,°14/07/1948,48071407379,8-42225-26-003,BE18 0739 9774 1524,4513338726247311,Molenvest 37,8900,Ieper,055/31.16.56,0497-06 86 83,bart.vanacker@gmail.com,https://www.azklina.be,AZ Klina,Algemene Heelkunde,ziekte van Von Willebrand,ziekte van Dupuytren,Glasgow Coma Scale 15,m. Infraspinatus,Atorstatine 20 mg,Ibuprofen 400 mg,beers-teken afwezig,1/d,SSp,shared decision making,,False,patient,patient,de heer,hij,zijn,"{'INSZ': 'plain', 'RIZIV': 'dashed', 'IBAN': 'grouped', 'DATE_ENCOUNTER': 'dd-mm-yyyy', 'DATE_VALIDATION': 'yyyy-mm-dd', 'DATE_HISTORY': 'text_abbr', 'DOB': 'degree', 'TELEFOON': 'slash_dot', 'TELEFOON_MOBILE': 'dashed', 'STREET': 'plain', 'AGE': 'jarige'}"
CASE000003,F,18-34,flemish,Vlaams-Brabant,Vlaanderen,town,Ann Van den Berghe,dr. Hilde Vermeulen,dr. Khadija Cherkaoui,Els Dubois,Moeder,33-jarige,vrouw,25-05-2026,27/05/2026,03/07/2020,°12-11-1992,92.11.12-984.83,6 32496 41 004,BE72 2055 1995 1312,4838425135427846,Oudesteenweg 121,1700,Dilbeek,04/353.46.24,0498090158,ann.vandenberghe@telenet.be,https://www.algemeenziekenhuissintjozef.be,Algemeen Ziekenhuis Sint-Jozef,Gastro-enterologie,ferriprieve anaemie,ziekte van Hashimoto,Glasgow Coma Scale 15,m. Deltoideus,Paracetamol 1 g,Glucagen hypokit,peervormige galblaas,22u,ESWT,Painful arc beiderzijds +,,False,patient,patiente,mevrouw,zij,haar,"{'INSZ': 'dotted', 'RIZIV': 'spaced', 'IBAN': 'grouped', 'DATE_ENCOUNTER': 'dd-mm-yyyy', 'DATE_VALIDATION': 'dd/mm/yyyy', 'DATE_HISTORY': 'dd/mm/yyyy', 'DOB': 'degree', 'TELEFOON': 'slash_dot', 'TELEFOON_MOBILE': 'plain', 'STREET': 'plain', 'AGE': 'jarige'}"
CASE000004,M,18-34,flemish,Antwerpen,Vlaanderen,urban,Stijn Wouters,dr. Giuseppe Garcia,dr. Patrick Tshibangu,Marleen Willems,Nicht,27 jaar,man,2026-04-23,25 april 2026,19 dec 2020,°11/12/1998,98.12.11-905.34,8-24586-11-006,BE56040997998139,4160733754330367,Vissersweg 221,2800,Mechelen,09 923 22 60,+32 483 52 85 94,stijn.wouters@proximus.be,https://www.azsintvincentius.be,AZ Sint-Vincentius,Reumatologie,reumatoide artritis,syndroom van Raynaud,Humphrey - perimetrie,m. Deltoideus,Progor retard 180 mg,Ibuprofen 400 mg,beers-teken afwezig,2cc,z.n.,SSp testen positief,,False,patient,patient,de heer,hij,zijn,"{'INSZ': 'dotted', 'RIZIV': 'dashed', 'IBAN': 'plain', 'DATE_ENCOUNTER': 'yyyy-mm-dd', 'DATE_VALIDATION': 'text_nl', 'DATE_HISTORY': 'text_abbr', 'DOB': 'degree', 'TELEFOON': 'spaced', 'TELEFOON_MOBILE': 'intl', 'STREET': 'plain', 'AGE': 'jaar'}"
CASE000005,F,18-34,flemish,Vlaams-Brabant,Vlaanderen,town,Griet Lambert,dr. Leila Bennani,dr. Miroslav Marinescu,Tine Peeters,Moeder,26-jarige,vrouw,24-04-2026,26/04/2026,2017-09-12,°2000-01-20,00012044261,1-73372-64-018,BE68 3462 7381 5783,4214895134332003,Kortelei 159 bus 17,1500,Halle,+32 4 680 44 36,0492/83.41.59,griet.lambert@skynet.be,https://www.uzonzelievevrouw.be,UZ Onze-Lieve-Vrouw,Gynaecologie,endometriose,syndroom van Guillain-Barre,Barthel-index 90,m. Infraspinatus,Pantomed 40 mg,Depakine chrono 500 mg,boomstructuur van de bronchi,T 37.2,antec.,full range of motion,,False,patient,patiente,mevrouw,zij,haar,"{'INSZ': 'plain', 'RIZIV': 'dashed', 'IBAN': 'grouped', 'DATE_ENCOUNTER': 'dd-mm-yyyy', 'DATE_VALIDATION': 'dd/mm/yyyy', 'DATE_HISTORY': 'yyyy-mm-dd', 'DOB': 'degree', 'TELEFOON': 'intl', 'TELEFOON_MOBILE': 'slash_dot', 'STREET': 'bus', 'AGE': 'jarige'}"
CASE000006,M,18-34,southern_european,West-Vlaanderen,Vlaanderen,rural,Salvatore Costa,dr. Dirk De Clercq,dr. Veerle De Clercq,Miguel Costa,Neef,18-jarige,man,18-05-2026,20 mei 2026,03/03/2016,°08-04-2008,08.04.08-861.94,76863689008,BE31 8579 8763 6625,4054668893734674,Gaverbaan 141 bus 19,8600,Diksmuide,03 166 58 76,0456534998,salvatore.costa@telenet.be,https://www.ziekenhuisnikolaas.be,Ziekenhuis Nikolaas,Reumatologie,reumatoide artritis,ziekte van Bechterew,teken van Tinel,A. Radialis,Toujeo solostar,Pantomed 40 mg,peervormige galblaas,-0.25 ^ -0.25 as 165 graden,z.n.,Painful arc beiderzijds +,,False,patient,patient,de heer,hij,zijn,"{'INSZ': 'dotted', 'RIZIV': 'plain', 'IBAN': 'grouped', 'DATE_ENCOUNTER': 'dd-mm-yyyy', 'DATE_VALIDATION': 'text_nl', 'DATE_HISTORY': 'dd/mm/yyyy', 'DOB': 'degree', 'TELEFOON': 'spaced', 'TELEFOON_MOBILE': 'plain', 'STREET': 'bus', 'AGE': 'jarige'}"
CASE000007,F,50-64,flemish,West-Vlaanderen,Vlaanderen,rural,Lieve Willems,dr. Veerle Claes,dr. Nele Wouters,Marleen Maes,Tante,60-jarige,vrouw,27-05-2026,29/05/2026,10/2019,°18/07/1965,65 07 18 230 62,78172595004,BE65 0457 4893 7891,4491905865185068,Dorpbaan 103 bus 8,8600,Diksmuide,+32 2 241 90 49,0485 50 91 25,lieve.willems@gmail.com,https://www.azdelta.be,AZ Delta,Nefrologie,chronische nierinsufficientie stadium 3,ziekte van Crohn,Phalen-test,N. Medianus,Ibuprofen 400 mg,Pantomed 40 mg,peervormige galblaas,3x,NSAID,watchful waiting,,False,patient,patiente,mevrouw,zij,haar,"{'INSZ': 'spaced', 'RIZIV': 'plain', 'IBAN': 'grouped', 'DATE_ENCOUNTER': 'dd-mm-yyyy', 'DATE_VALIDATION': 'dd/mm/yyyy', 'DATE_HISTORY': 'm/yyyy', 'DOB': 'degree', 'TELEFOON': 'intl', 'TELEFOON_MOBILE': 'spaced', 'STREET': 'bus', 'AGE': 'jarige'}"
CASE000008,M,65-79,central_african,West-Vlaanderen,Vlaanderen,town,Blaise Bope,dr. Luc Wouters,dr. Angelo Moreira,Sylvie Mbala,Tante,74-jarige,man,2026-05-08,8/5/2026,2/5/2020,°1951-09-14,51.09.14-265.61,45687196008,BE08 6566 1597 4502,4313518233749899,Bloemstraat 98,8900,Ieper,03/634.95.78,0486/95.70.42,blaise.bope@proximus.be,https://www.azalma.be,AZ Alma,Nefrologie,chronische nierinsufficientie stadium 3,ziekte van Crohn,Goldmann applanatie,m. Deltoideus,L-thyroxine 50 mcg,Progor retard 180 mg,peervormige galblaas,BD: 146/68,RYGB,watchful waiting,,False,patient,patient,de heer,hij,zijn,"{'INSZ': 'dotted', 'RIZIV': 'plain', 'IBAN': 'grouped', 'DATE_ENCOUNTER': 'yyyy-mm-dd', 'DATE_VALIDATION': 'd/m/yyyy', 'DATE_HISTORY': 'd/m/yyyy', 'DOB': 'degree', 'TELEFOON': 'slash_dot', 'TELEFOON_MOBILE': 'slash_dot', 'STREET': 'plain', 'AGE': 'jarige'}"
CASE000009,F,35-49,flemish,Antwerpen,Vlaanderen,town,Lore Peeters,dr. Lore De Clercq,dr. Stijn Van Damme,Geert Van Damme,Vader,35-jarige,vrouw,22/04/2026,24.04.2026,23-01-2018,°14/06/1990,90 06 14 972 55,4-18594-58-004,BE66274851785492,4344713493618321,Kortehof 116,2200,Herentals,013 33 41 23,0472/20.00.52,lore.peeters@proximus.be,https://www.azklina.be,AZ Klina,Gastro-enterologie,status na gastric bypass (RYGB),ziekte van Parkinson,Humphrey - perimetrie,M. Biceps caput longum,Toujeo solostar,Nexiam 20 mg,hamstringletsel links,25 000 ie,ESWT,full range of motion,,False,patient,patiente,mevrouw,zij,haar,"{'INSZ': 'spaced', 'RIZIV': 'dashed', 'IBAN': 'plain', 'DATE_ENCOUNTER': 'dd/mm/yyyy', 'DATE_VALIDATION': 'dd.mm.yyyy', 'DATE_HISTORY': 'dd-mm-yyyy', 'DOB': 'degree', 'TELEFOON': 'spaced', 'TELEFOON_MOBILE': 'slash_dot', 'STREET': 'plain', 'AGE': 'jarige'}"
CASE000010,M,65-79,flemish,West-Vlaanderen,Vlaanderen,rural,Luc Vermeulen,dr. Fatima Benali,dr. Stijn Coppens,Lore Verhoeven,Zus,69-jarige,man,11-05-2026,2026-05-11,01/04/2019,°05/10/1956,56.10.05-357.60,5-28184-78-018,BE35 7358 1834 2333,4247710932480865,Langeplein 169,8700,Tielt,09/808.76.03,0492/96.63.80,luc.vermeulen@telenet.be,https://www.klinieksintvincentius.be,Kliniek Sint-Vincentius,Reumatologie,reumatoide artritis,syndroom van Sjogren,Humphrey - perimetrie,lig. Collaterale mediale,Glucagen hypokit,Ibuprofen 400 mg,peervormige galblaas,100 e/ml 3 ml,OD,no evidence of malignancy,,False,patient,patient,de heer,hij,zijn,"{'INSZ': 'dotted', 'RIZIV': 'dashed', 'IBAN': 'grouped', 'DATE_ENCOUNTER': 'dd-mm-yyyy', 'DATE_VALIDATION': 'yyyy-mm-dd', 'DATE_HISTORY': 'dd/mm/yyyy', 'DOB': 'degree', 'TELEFOON': 'slash_dot', 'TELEFOON_MOBILE': 'slash_dot', 'STREET': 'plain', 'AGE': 'jarige'}"
CASE000011,F,50-64,eastern_european,West-Vlaanderen,Vlaanderen,town,Magdalena Marinescu,dr. Luc Wouters,dr. Gul Aydin,Elena Ionescu,Moeder,57 jaar,vrouw,21-04-2026,23 april 2026,07-04-2020,°07-02-1969,69 02 07 496 78,4 61888 26 018,BE21 8398 8908 9976,4621745961586576,Smiddries 165,8800,Roeselare,054-62 70 28,0483/12.56.12,magdalena.marinescu@telenet.be,https://www.kliniekdevoorzorg.be,Kliniek De Voorzorg,NKO,chronische rhinosinusitis,manoeuvre van Valsalva,Humphrey - perimetrie,M. Supraspinatus,Ibuprofen 400 mg,Paracetamol 1 g,hamstringletsel links,18u,SSp,full range of motion,,False,patient,patiente,mevrouw,zij,haar,"{'INSZ': 'spaced', 'RIZIV': 'spaced', 'IBAN': 'grouped', 'DATE_ENCOUNTER': 'dd-mm-yyyy', 'DATE_VALIDATION': 'text_nl', 'DATE_HISTORY': 'dd-mm-yyyy', 'DOB': 'degree', 'TELEFOON': 'dashed', 'TELEFOON_MOBILE': 'slash_dot', 'STREET': 'plain', 'AGE': 'jaar'}"
CASE000012,M,65-79,southern_european,Antwerpen,Vlaanderen,rural,Paulo Rossi,dr. Jonas Lambert,dr. Tom Verhoeven,Rosa Ferrari,Nicht,76,man,23/05/2026,25-05-2026,30/01/2016,º1 nov 1949,49110193544,7 11484 11 006,BE73 5078 0338 2689,4640909743953390,Wilgendries 131,2400,Mol,09 474 36 71,0491-45 73 37,paulo.rossi@proximus.be,https://www.uzmariamiddelares.be,UZ Maria Middelares,Fysische Geneeskunde en revalidatie,bekkenbodemhypertonie,ziekte van Hashimoto,Bristol-schaal type 4,M. Subscapularis,Ibuprofen 400 mg,Glucagen hypokit,beeld passend bij bursitis,BD: 146/68,tvv,Painful arc beiderzijds +,,False,patient,patient,de heer,hij,zijn,"{'INSZ': 'plain', 'RIZIV': 'spaced', 'IBAN': 'grouped', 'DATE_ENCOUNTER': 'dd/mm/yyyy', 'DATE_VALIDATION': 'dd-mm-yyyy', 'DATE_HISTORY': 'dd/mm/yyyy', 'DOB': 'masc_ordinal', 'TELEFOON': 'spaced', 'TELEFOON_MOBILE': 'dashed', 'STREET': 'plain', 'AGE': 'bare'}"
CASE000013,F,65-79,southern_european,West-Vlaanderen,Vlaanderen,urban,Rosa Costa,dr. Ana Ferrari,dr. Hilde Dubois,Giuseppe Ferrari,Oom,66-jarige,vrouw,15 april 2026,17 apr 2026,06/03/2018,°29/12/1959,59122981031,51374168003,BE49 5895 4636 0500,4826758692617969,Kortedries 189,8500,Kortrijk,059593174,0473 17 05 04,rosa.costa@proximus.be,https://www.algemeenziekenhuisonzelievevrouw.be,Algemeen Ziekenhuis Onze-Lieve-Vrouw,Oftalmologie,cataract incipiens bilateraal,ziekte van Von Willebrand,teken van Tinel,M. Supraspinatus,Pantomed 40 mg,Pantomed 40 mg,boomstructuur van de bronchi,spO2: 94%,ESWT,watchful waiting,,False,patient,patiente,mevrouw,zij,haar,"{'INSZ': 'plain', 'RIZIV': 'plain', 'IBAN': 'grouped', 'DATE_ENCOUNTER': 'text_nl', 'DATE_VALIDATION': 'text_abbr', 'DATE_HISTORY': 'dd/mm/yyyy', 'DOB': 'degree', 'TELEFOON': 'plain', 'TELEFOON_MOBILE': 'spaced', 'STREET': 'plain', 'AGE': 'jarige'}"
CASE000014,M,80-95,flemish,Antwerpen,Vlaanderen,town,Dirk De Clercq,dr. Jan Janssens,dr. Serkan Korkmaz,Sofie Coppens,Grootmoeder,91-jarige,man,2026-05-14,15/05/2026,19-02-2017,°30/01/1935,35013000333,3-90743-70-006,BE31 1459 7531 8262,4007661771159211,Wilgenplein 57 bus 17,2500,Lier,058117758,0487 64 28 78,dirk.declercq@skynet.be,https://www.jessaziekenhuis.be,Jessa Ziekenhuis,Fysische Geneeskunde en revalidatie,lumbaal facettair syndroom,syndroom van Raynaud,Barthel-index 90,V. Saphena magna,Ozempic 1 mg,Sipralexa 20 mg,beers-teken afwezig,BD: 146/68,tvv,no evidence of malignancy,,False,patient,patient,de heer,hij,zijn,"{'INSZ': 'plain', 'RIZIV': 'dashed', 'IBAN': 'grouped', 'DATE_ENCOUNTER': 'yyyy-mm-dd', 'DATE_VALIDATION': 'dd/mm/yyyy', 'DATE_HISTORY': 'dd-mm-yyyy', 'DOB': 'degree', 'TELEFOON': 'plain', 'TELEFOON_MOBILE': 'spaced', 'STREET': 'bus', 'AGE': 'jarige'}"
CASE000015,F,18-34,southern_european,Oost-Vlaanderen,Vlaanderen,rural,Carmela Romano,dr. Nele Vermeulen,dr. Leila Bouzid,Antonio Fernandez,Zoon,21-jarige,vrouw,23 mei 2026,2026-05-23,10/2024,°04-07-2004,04.07.04-134.05,68339765003,BE36616592318610,4402445502296125,Abdijdreef 211/18,9400,Ninove,016/27.31.58,+32 498 35 73 28,carmela.romano@telenet.be,https://www.ziekenhuisnikolaas.be,Ziekenhuis Nikolaas,Gastro-enterologie,status na gastric bypass (RYGB),ziekte van Crohn,Glasgow Coma Scale 15,M. Supraspinatus,Sipralexa 20 mg,Depakine chrono 500 mg,lintvormige stoelgang,HR: 68,NSAID,SSp testen positief,,False,patient,patiente,mevrouw,zij,haar,"{'INSZ': 'dotted', 'RIZIV': 'plain', 'IBAN': 'plain', 'DATE_ENCOUNTER': 'text_nl', 'DATE_VALIDATION': 'yyyy-mm-dd', 'DATE_HISTORY': 'm/yyyy', 'DOB': 'degree', 'TELEFOON': 'slash_dot', 'TELEFOON_MOBILE': 'intl', 'STREET': 'slash', 'AGE': 'jarige'}"
CASE000016,M,35-49,flemish,Antwerpen,Vlaanderen,town,Bart Janssens,dr. Yasmine Alaoui,dr. Tine Wouters,Griet Lambert,Grootmoeder,44-jarige,man,21/05/2026,22-05-2026,27/03/2018,°13/05/1982,82.05.13-047.59,3-31230-25-030,BE75 6613 5815 8184,4605297516136960,Nieuwstraat 105 bus 14,2300,Turnhout,03 885 16 06,0472407354,bart.janssens@telenet.be,https://www.kliniekdevoorzorg.be,Kliniek De Voorzorg,Reumatologie,osteoporose,ziekte van Bechterew,Schirmer-test,N. Medianus,L-thyroxine 50 mcg,Ozempic 1 mg,peervormige galblaas,1/w,co,watchful waiting,,False,patient,patient,de heer,hij,zijn,"{'INSZ': 'dotted', 'RIZIV': 'dashed', 'IBAN': 'grouped', 'DATE_ENCOUNTER': 'dd/mm/yyyy', 'DATE_VALIDATION': 'dd-mm-yyyy', 'DATE_HISTORY': 'dd/mm/yyyy', 'DOB': 'degree', 'TELEFOON': 'spaced', 'TELEFOON_MOBILE': 'plain', 'STREET': 'bus', 'AGE': 'jarige'}"
CASE000017,F,50-64,turkish,Antwerpen,Vlaanderen,town,Merve Celik,dr. Luc Willems,dr. Iwona Marinescu,Onur Ozturk,Oom,64 jaar,vrouw,30/04/2026,30 april 2026,10 jul 2020,°16-12-1961,61.12.16-282.21,7-20148-77-003,BE71555562361507,4203778892554666,Oudelei 237/3,2300,Turnhout,059/07.93.59,+32 474 07 57 13,merve.celik@proximus.be,https://www.ziekenhuisnikolaas.be,Ziekenhuis Nikolaas,Fysische Geneeskunde en revalidatie,subacromiale bursitis,ziekte van Hashimoto,Barthel-index 90,M. Biceps caput longum,Ibuprofen 400 mg,Ibuprofen 400 mg,molaire zwangerschap uitgesloten,1/w,OS,Painful arc beiderzijds +,,False,patient,patiente,mevrouw,zij,haar,"{'INSZ': 'dotted', 'RIZIV': 'dashed', 'IBAN': 'plain', 'DATE_ENCOUNTER': 'dd/mm/yyyy', 'DATE_VALIDATION': 'text_nl', 'DATE_HISTORY': 'text_abbr', 'DOB': 'degree', 'TELEFOON': 'slash_dot', 'TELEFOON_MOBILE': 'intl', 'STREET': 'slash', 'AGE': 'jaar'}"
CASE000018,M,35-49,maghrebi,Oost-Vlaanderen,Vlaanderen,town,Karim Bennani,dr. Samira Alaoui,dr. Khadija Bennani,Rachid El Fassi,Vader,39 jaar,man,17-04-2026,2026-04-18,17/08/2016,º06/07/1986,86.07.06-849.50,8-74661-85-004,BE69737214063081,4065379473834739,Bakkerring 186/6,9700,Oudenaarde,028880592,+32 474 20 23 88,karim.bennani@proximus.be,https://www.imeldaziekenhuis.be,Imeldaziekenhuis,Neurologie,perifere polyneuropathie,ziekte van Hashimoto,Barthel-index 90,lig. Collaterale mediale,Pantomed 40 mg,Nexiam 20 mg,as 165 graden,300 ie/ml 1.5 ml,co,full range of motion,,False,patient,patient,de heer,hij,zijn,"{'INSZ': 'dotted', 'RIZIV': 'dashed', 'IBAN': 'plain', 'DATE_ENCOUNTER': 'dd-mm-yyyy', 'DATE_VALIDATION': 'yyyy-mm-dd', 'DATE_HISTORY': 'dd/mm/yyyy', 'DOB': 'masc_ordinal', 'TELEFOON': 'plain', 'TELEFOON_MOBILE': 'intl', 'STREET': 'slash', 'AGE': 'jaar'}"
CASE000019,F,65-79,flemish,Vlaams-Brabant,Vlaanderen,town,Lore De Backer,dr. Vasile Nowak,dr. Selin Aydin,Katrien Goossens,Tante,77-jarige,vrouw,06/05/2026,06/05/2026,22 feb 2021,°08/02/1949,49 02 08 242 76,50492458004,BE27246423373551,4036971179808938,Dorpvest 51 bus 8,1700,Dilbeek,+32 (0)56/90.10.43,0490/93.77.67,lore.debacker@skynet.be,https://www.jessaziekenhuis.be,Jessa Ziekenhuis,Cardiologie,boezemfibrilleren,syndroom van Raynaud,Phalen-test,M. Biceps caput longum,Trianal suppo,Progor retard 180 mg,boomstructuur van de bronchi,4.95*,ivm,blurr-test,,False,patient,patiente,mevrouw,zij,haar,"{'INSZ': 'spaced', 'RIZIV': 'plain', 'IBAN': 'plain', 'DATE_ENCOUNTER': 'dd/mm/yyyy', 'DATE_VALIDATION': 'dd/mm/yyyy', 'DATE_HISTORY': 'text_abbr', 'DOB': 'degree', 'TELEFOON': 'intl_paren', 'TELEFOON_MOBILE': 'slash_dot', 'STREET': 'bus', 'AGE': 'jarige'}"
CASE000020,M,18-34,flemish,Oost-Vlaanderen,Vlaanderen,town,Rik Verhoeven,dr. Lore Janssens,dr. Samira El Amrani,Filip Goossens,Vader,29,man,21-04-2026,23/04/2026,09/04/2017,°08/09/1996,96 09 08 347 37,9-53025-97-006,BE79858264962544,4765277584161690,Kouterpark 94 bus 14,9300,Aalst,058 68 74 03,0498 06 83 42,rik.verhoeven@skynet.be,https://www.azonzelievevrouw.be,AZ Onze-Lieve-Vrouw,Gastro-enterologie,diverticulose sigmoid,teken van Lasegue,Schirmer-test,N. Medianus,Glucagen hypokit,D-cure 25 000 ie,molaire zwangerschap uitgesloten,BMI 20.808,OD,SSp testen positief,,False,patient,patient,de heer,hij,zijn,"{'INSZ': 'spaced', 'RIZIV': 'dashed', 'IBAN': 'plain', 'DATE_ENCOUNTER': 'dd-mm-yyyy', 'DATE_VALIDATION': 'dd/mm/yyyy', 'DATE_HISTORY': 'dd/mm/yyyy', 'DOB': 'degree', 'TELEFOON': 'spaced', 'TELEFOON_MOBILE': 'spaced', 'STREET': 'bus', 'AGE': 'bare'}"
CASE000021,F,65-79,maghrebi,West-Vlaanderen,Vlaanderen,rural,Fatima Bouzid,dr. Marleen Declercq,dr. Andrzej Novak,Yassine Ouazzani,Neef,67-jarige,vrouw,19-05-2026,21-05-2026,25-03-2018,°17/12/1958,58.12.17 242 65,9-16332-27-018,BE44422462219932,4172715518844227,Molenweg 231,8700,Tielt,+32 3 786 81 44,0476-78 36 88,fatima.bouzid@proximus.be,https://www.azsintjozef.be,AZ Sint-Jozef,Gastro-enterologie,lichte chronische niet specifieke colitis,teken van Lasegue,Goldmann applanatie,m. Infraspinatus,Lambipol 100 mg,Lyumjev kwikpen,boomstructuur van de bronchi,100 e/ml 3 ml,RYGB,SSp testen positief,,False,patient,patiente,mevrouw,zij,haar,"{'INSZ': 'mixed', 'RIZIV': 'dashed', 'IBAN': 'plain', 'DATE_ENCOUNTER': 'dd-mm-yyyy', 'DATE_VALIDATION': 'dd-mm-yyyy', 'DATE_HISTORY': 'dd-mm-yyyy', 'DOB': 'degree', 'TELEFOON': 'intl', 'TELEFOON_MOBILE': 'dashed', 'STREET': 'plain', 'AGE': 'jarige'}"
CASE000022,M,35-49,eastern_european,Vlaams-Brabant,Vlaanderen,town,Andrzej Zielinski,dr. Katrien Mertens,dr. Krzysztof Zielinski,Tomasz Kaminski,Zoon,47-jarige,man,17/05/2026,17/05/2026,12/2020,°04.04.1979,79.04.04 531 66,2-60448-94-008,BE74 1768 0085 5920,4943969078447362,Kasteelbaan 178/3,1930,Zaventem,012829922,0497 77 43 72,andrzej.zielinski@proximus.be,https://www.azrivierenland.be,AZ Rivierenland,NKO,chronische rhinosinusitis,syndroom van Guillain-Barre,Humphrey - perimetrie,M. Biceps caput longum,Toujeo solostar,Pantomed 40 mg,as 165 graden,100 e/ml 3 ml,tvv,blurr-test,,False,patient,patient,de heer,hij,zijn,"{'INSZ': 'mixed', 'RIZIV': 'dashed', 'IBAN': 'grouped', 'DATE_ENCOUNTER': 'dd/mm/yyyy', 'DATE_VALIDATION': 'dd/mm/yyyy', 'DATE_HISTORY': 'm/yyyy', 'DOB': 'degree', 'TELEFOON': 'plain', 'TELEFOON_MOBILE': 'spaced', 'STREET': 'slash', 'AGE': 'jarige'}"
CASE000023,F,18-34,maghrebi,West-Vlaanderen,Vlaanderen,town,Khadija El Fassi,dr. Leen De Clercq,dr. Leen Mertens,Leila Bennani,Dochter,28 jaar,vrouw,13-05-2026,13/05/2026,10/9/2016,°10/12/1997,97.12.10-782.69,2-67082-56-480,BE05 5669 1837 1818,4358416878499126,Kouterpark 158,8400,Oostende,+32 (0)57/48.01.62,0497/46.97.51,khadija.elfassi@telenet.be,https://www.algemeenziekenhuisdamiaan.be,Algemeen Ziekenhuis Damiaan,Reumatologie,osteoporose,ziekte van Bechterew,teken van Tinel,N. Medianus,Diltiazemzalf 2%,Progor retard 180 mg,peervormige galblaas,12u,co,full range of motion,,False,patient,patiente,mevrouw,zij,haar,"{'INSZ': 'dotted', 'RIZIV': 'dashed', 'IBAN': 'grouped', 'DATE_ENCOUNTER': 'dd-mm-yyyy', 'DATE_VALIDATION': 'dd/mm/yyyy', 'DATE_HISTORY': 'd/m/yyyy', 'DOB': 'degree', 'TELEFOON': 'intl_paren', 'TELEFOON_MOBILE': 'slash_dot', 'STREET': 'plain', 'AGE': 'jaar'}"
CASE000024,M,0-17,maghrebi,Oost-Vlaanderen,Vlaanderen,town,Ismail El Fassi,dr. Ann Van den Berghe,dr. Svetlana Kaminski,Yasmine Bennani,Grootmoeder,4 jaar,man,28.04.2026,28 april 2026,24/08/2021,°29/09/2021,21092992103,8-60557-27-003,BE08 5222 5475 0088,4028385786527858,Wilgenbaan 27,9200,Dendermonde,013/30.75.62,0476526499,ismail.elfassi@proximus.be,https://www.azheilighart.be,AZ Heilig Hart,Pneumologie,"astma, goed gecontroleerd",ziekte van Hashimoto,Bristol-schaal type 4,m. Deltoideus,Trianal suppo,Injectafer 1000 mg,boomstructuur van de bronchi,18u,ODS,no evidence of malignancy,,False,patient,patient,de heer,hij,zijn,"{'INSZ': 'plain', 'RIZIV': 'dashed', 'IBAN': 'grouped', 'DATE_ENCOUNTER': 'dd.mm.yyyy', 'DATE_VALIDATION': 'text_nl', 'DATE_HISTORY': 'dd/mm/yyyy', 'DOB': 'degree', 'TELEFOON': 'slash_dot', 'TELEFOON_MOBILE': 'plain', 'STREET': 'plain', 'AGE': 'jaar'}"
CASE000025,F,80-95,turkish,Antwerpen,Vlaanderen,urban,Selin Ozturk,dr. Hilde Jacobs,dr. Nele Lambert,Esra Yilmaz,Zus,89 jaar,vrouw,23/5/2026,24-05-2026,26/6/2015,°24-06-1936,36062422052,3-11883-69-008,BE29 6181 8763 0594,4938026206724001,Bloemweg 56,2800,Mechelen,013/20.82.67,0476 96 36 41,selin.ozturk@proximus.be,https://www.ziekenhuisdamiaan.be,Ziekenhuis Damiaan,Pneumologie,"astma, goed gecontroleerd",manoeuvre van Valsalva,Barthel-index 90,m. Infraspinatus,Ozempic 1 mg,Nexiam 20 mg,lintvormige stoelgang,FEV1/FVC 73.17,z.n.,no evidence of malignancy,,False,patient,patiente,mevrouw,zij,haar,"{'INSZ': 'plain', 'RIZIV': 'dashed', 'IBAN': 'grouped', 'DATE_ENCOUNTER': 'd/m/yyyy', 'DATE_VALIDATION': 'dd-mm-yyyy', 'DATE_HISTORY': 'd/m/yyyy', 'DOB': 'degree', 'TELEFOON': 'slash_dot', 'TELEFOON_MOBILE': 'spaced', 'STREET': 'plain', 'AGE': 'jaar'}"
CASE000026,M,80-95,flemish,Limburg,Vlaanderen,town,Bart Declercq,dr. Jan Dubois,dr. Serkan Korkmaz,Tine Verhoeven,Tante,94-jarige,man,2026-05-23,24/05/2026,4/5/2018,°24/04/1932,32 04 24 489 73,4 39320 90 007,BE05 2834 9717 6691,4878339187851913,Smidbaan 229B,3800,Sint-Truiden,042684145,0477/17.61.19,bart.declercq@telenet.be,https://www.azklina.be,AZ Klina,Pneumologie,obstructief slaapapneusyndroom,teken van Lasegue,Glasgow Coma Scale 15,M. Supraspinatus,Cose protect,Diltiazemzalf 2%,peervormige galblaas,8u,OS,shared decision making,,False,patient,patient,de heer,hij,zijn,"{'INSZ': 'spaced', 'RIZIV': 'spaced', 'IBAN': 'grouped', 'DATE_ENCOUNTER': 'yyyy-mm-dd', 'DATE_VALIDATION': 'dd/mm/yyyy', 'DATE_HISTORY': 'd/m/yyyy', 'DOB': 'degree', 'TELEFOON': 'plain', 'TELEFOON_MOBILE': 'slash_dot', 'STREET': 'letter', 'AGE': 'jarige'}"
CASE000027,F,18-34,maghrebi,Vlaams-Brabant,Vlaanderen,town,Meryem El Amrani,dr. Femke Coppens,dr. Hilde Peeters,Nadia Bennani,Moeder,24 jaar,vrouw,26-05-2026,27 mei 2026,27-12-2021,º26 sep 2001,01 09 26 958 24,1 72371 95 480,BE94 3136 6891 2860,4686337524310694,Weverplein 70,1930,Zaventem,+32 3 512 86 82,0477-00 96 02,meryem.elamrani@telenet.be,https://www.algemeenziekenhuissintlucas.be,Algemeen Ziekenhuis Sint-Lucas,Gastro-enterologie,status na gastric bypass (RYGB),syndroom van Sjogren,Goldmann applanatie,m. Infraspinatus,Glucagen hypokit,Trianal suppo,beeld passend bij bursitis,25 000 ie,PRP,blurr-test,,False,patient,patiente,mevrouw,zij,haar,"{'INSZ': 'spaced', 'RIZIV': 'spaced', 'IBAN': 'grouped', 'DATE_ENCOUNTER': 'dd-mm-yyyy', 'DATE_VALIDATION': 'text_abbr', 'DATE_HISTORY': 'dd-mm-yyyy', 'DOB': 'masc_ordinal', 'TELEFOON': 'intl', 'TELEFOON_MOBILE': 'dashed', 'STREET': 'plain', 'AGE': 'jaar'}"
CASE000028,M,35-49,flemish,Antwerpen,Vlaanderen,town,Rik Goossens,dr. Sylvie Nkosi,dr. Rik Goossens,Els De Backer,Dochter,38 jaar,man,17-05-2026,19 mei 2026,20-03-2018,°9 mei 1988,88.05.09-353.96,7-74565-77-030,BE17578900622716,4304699013983733,Kasteelhof 210/3,2200,Herentals,059 66 88 26,0476-42 82 10,rik.goossens@proximus.be,https://www.klinieksintlucas.be,Kliniek Sint-Lucas,NKO,chronische rhinosinusitis,syndroom van Raynaud,Snellen 1,M. Supraspinatus,Lambipol 100 mg,Glucagen hypokit,lintvormige stoelgang,18u,APO,full range of motion,,False,patient,patient,de heer,hij,zijn,"{'INSZ': 'dotted', 'RIZIV': 'dashed', 'IBAN': 'plain', 'DATE_ENCOUNTER': 'dd-mm-yyyy', 'DATE_VALIDATION': 'text_nl', 'DATE_HISTORY': 'dd-mm-yyyy', 'DOB': 'degree', 'TELEFOON': 'spaced', 'TELEFOON_MOBILE': 'dashed', 'STREET': 'slash', 'AGE': 'jaar'}"
CASE000029,F,50-64,flemish,Oost-Vlaanderen,Vlaanderen,town,Inge Lambert,dr. Femke Jacobs,dr. Sylvie Nkosi,Els Coppens,Tante,62 jaar,vrouw,19 mei 2026,19-05-2026,28 november 2022,°1963-10-18,63101873818,5-37862-03-008,BE46 2154 0296 6821,4623120387509974,Abdijbaan 195/2,9300,Aalst,056 25 22 87,0490 82 07 67,inge.lambert@gmail.com,https://www.algemeenziekenhuisgroeninge.be,Algemeen Ziekenhuis Groeninge,Oftalmologie,cataract incipiens bilateraal,ziekte van Von Willebrand,Snellen 1,V. Saphena magna,Diltiazemzalf 2%,Depakine chrono 500 mg,beeld passend bij bursitis,1/d,co,watchful waiting,,False,patient,patiente,mevrouw,zij,haar,"{'INSZ': 'plain', 'RIZIV': 'dashed', 'IBAN': 'grouped', 'DATE_ENCOUNTER': 'text_abbr', 'DATE_VALIDATION': 'dd-mm-yyyy', 'DATE_HISTORY': 'text_nl', 'DOB': 'degree', 'TELEFOON': 'spaced', 'TELEFOON_MOBILE': 'spaced', 'STREET': 'slash', 'AGE': 'jaar'}"
CASE000030,M,80-95,flemish,West-Vlaanderen,Vlaanderen,rural,Bart Jacobs,dr. Kris Van Acker,dr. Marleen Van den Berghe,Femke Coppens,Tante,80-jarige,man,14-04-2026,14-04-2026,17 mei 2022,°25 juni 1945,45.06.25-879.37,7-81463-66-003,BE45 4427 8321 3089,4392614293968562,Smidberg 244B,8600,Diksmuide,+32 2 339 74 01,0478 69 72 84,bart.jacobs@skynet.be,https://www.azvesalius.be,AZ Vesalius,Oftalmologie,cataract incipiens bilateraal,ziekte van Dupuytren,Humphrey - perimetrie,V. Saphena magna,Progor retard 180 mg,Atorstatine 20 mg,geel verkleurde sclerae,3x,PTO,shared decision making,,False,patient,patient,de heer,hij,zijn,"{'INSZ': 'dotted', 'RIZIV': 'dashed', 'IBAN': 'grouped', 'DATE_ENCOUNTER': 'dd-mm-yyyy', 'DATE_VALIDATION': 'dd-mm-yyyy', 'DATE_HISTORY': 'text_nl', 'DOB': 'degree', 'TELEFOON': 'intl', 'TELEFOON_MOBILE': 'spaced', 'STREET': 'letter', 'AGE': 'jarige'}"
CASE000031,F,50-64,eastern_european,Limburg,Vlaanderen,rural,Agnieszka Zielinski,dr. Nele Vermeulen,dr. Katrien Van Acker,Andrzej Nowak,Broer,59-jarige,vrouw,19-05-2026,20-05-2026,07/11/2017,°21/11/1966,66.11.21-370.75,2-11726-25-004,BE52 4866 5530 3096,4447212646471544,Visserspad 53,3700,Tongeren,+32 52 60 46 61,0490 31 73 66,agnieszka.zielinski@skynet.be,https://www.uzdamiaan.be,UZ Damiaan,Pneumologie,obstructief longlijden GOLD II,syndroom van Cushing,Bristol-schaal type 4,lig. Collaterale mediale,Trianal suppo,Trianal suppo,boomstructuur van de bronchi,25 000 ie,ESWT,blurr-test,,False,patient,patiente,mevrouw,zij,haar,"{'INSZ': 'dotted', 'RIZIV': 'dashed', 'IBAN': 'grouped', 'DATE_ENCOUNTER': 'dd-mm-yyyy', 'DATE_VALIDATION': 'dd-mm-yyyy', 'DATE_HISTORY': 'dd/mm/yyyy', 'DOB': 'degree', 'TELEFOON': 'intl', 'TELEFOON_MOBILE': 'spaced', 'STREET': 'plain', 'AGE': 'jarige'}"
CASE000032,M,80-95,central_african,Limburg,Vlaanderen,town,Blaise Bope,dr. Sofie Van Damme,dr. Veerle De Smet,Josiane Bope,Nicht,90,man,8 mei 2026,2026-05-09,29-08-2022,°08.12.1935,35.12.08-117.74,6-91240-79-007,BE39 1999 1195 4718,4891135290965613,Dorpdries 108C,3800,Sint-Truiden,03/661.79.79,0489 88 53 69,blaise.bope@telenet.be,https://www.kliniekonzelievevrouw.be,Kliniek Onze-Lieve-Vrouw,Oftalmologie,cataract incipiens bilateraal,ziekte van Crohn,Schirmer-test,M. Supraspinatus,Ventolin aerosol,Ventolin aerosol,beers-teken afwezig,4.95*,PTO,full range of motion,,False,patient,patient,de heer,hij,zijn,"{'INSZ': 'dotted', 'RIZIV': 'dashed', 'IBAN': 'grouped', 'DATE_ENCOUNTER': 'text_nl', 'DATE_VALIDATION': 'yyyy-mm-dd', 'DATE_HISTORY': 'dd-mm-yyyy', 'DOB': 'degree', 'TELEFOON': 'slash_dot', 'TELEFOON_MOBILE': 'spaced', 'STREET': 'letter', 'AGE': 'bare'}"
CASE000033,F,50-64,flemish,Antwerpen,Vlaanderen,town,Inge Van Damme,dr. Katrien Jacobs,dr. Gaston Mukendi,Rik Van Damme,Broer,60 jaar,vrouw,28-04-2026,28-04-2026,11-11-2020,°1965-09-29,65.09.29 308 56,14685305004,BE10 9321 0490 5547,4825537147859694,Abdijdreef 85 bus 3,2300,Turnhout,015660937,0485 00 90 27,inge.vandamme@gmail.com,https://www.kliniekonzelievevrouw.be,Kliniek Onze-Lieve-Vrouw,Neurologie,migraine met aura,manoeuvre van Valsalva,Humphrey - perimetrie,N. Medianus,Progor retard 180 mg,Pantomed 40 mg,peervormige galblaas,BMI 20.808,OD,no evidence of malignancy,,False,patient,patiente,mevrouw,zij,haar,"{'INSZ': 'mixed', 'RIZIV': 'plain', 'IBAN': 'grouped', 'DATE_ENCOUNTER': 'dd-mm-yyyy', 'DATE_VALIDATION': 'dd-mm-yyyy', 'DATE_HISTORY': 'dd-mm-yyyy', 'DOB': 'degree', 'TELEFOON': 'plain', 'TELEFOON_MOBILE': 'spaced', 'STREET': 'bus', 'AGE': 'jaar'}"
CASE000034,M,65-79,flemish,Antwerpen,Vlaanderen,urban,Bart Mertens,dr. Lieve Coppens,dr. Lode Declercq,Ann De Backer,Nicht,70-jarige,man,27-04-2026,28/4/2026,14-03-2024,º10-01-1956,56 01 10 635 54,1 56215 52 018,BE30 0126 7806 4653,4148580783613405,Gaverweg 100,2018,Antwerpen,02 340 43 84,+32 487 72 95 98,bart.mertens@gmail.com,https://www.azalma.be,AZ Alma,Fysische Geneeskunde en revalidatie,subacromiale bursitis,syndroom van Raynaud,teken van Tinel,m. Infraspinatus,Pantomed 40 mg,Glucagen hypokit,boomstructuur van de bronchi,12u,i.o.m.,shared decision making,,False,patient,patient,de heer,hij,zijn,"{'INSZ': 'spaced', 'RIZIV': 'spaced', 'IBAN': 'grouped', 'DATE_ENCOUNTER': 'dd-mm-yyyy', 'DATE_VALIDATION': 'd/m/yyyy', 'DATE_HISTORY': 'dd-mm-yyyy', 'DOB': 'masc_ordinal', 'TELEFOON': 'spaced', 'TELEFOON_MOBILE': 'intl', 'STREET': 'plain', 'AGE': 'jarige'}"
CASE000035,F,50-64,flemish,Antwerpen,Vlaanderen,urban,Els De Backer,dr. Wouter De Smet,dr. Griet Mertens,Els Wouters,Tante,52-jarige,vrouw,14/04/2026,14-04-2026,09-12-2022,º25-02-1974,74.02.25-254.79,89846249030,BE85156721031901,4892975001701271,Bloemhof 193,2800,Mechelen,+32 52 90 17 51,0485/27.54.27,els.debacker@gmail.com,https://www.azdelta.be,AZ Delta,Fysische Geneeskunde en revalidatie,supraspinatuspeestendinose bilateraal,ziekte van Von Willebrand,Phalen-test,M. Supraspinatus,Lyumjev kwikpen,Ibuprofen 400 mg,hamstringletsel links,8u,ODS,Painful arc beiderzijds +,,False,patient,patiente,mevrouw,zij,haar,"{'INSZ': 'dotted', 'RIZIV': 'plain', 'IBAN': 'plain', 'DATE_ENCOUNTER': 'dd/mm/yyyy', 'DATE_VALIDATION': 'dd-mm-yyyy', 'DATE_HISTORY': 'dd-mm-yyyy', 'DOB': 'masc_ordinal', 'TELEFOON': 'intl', 'TELEFOON_MOBILE': 'slash_dot', 'STREET': 'plain', 'AGE': 'jarige'}"
CASE000036,M,35-49,maghrebi,Antwerpen,Vlaanderen,rural,Mohamed El Habti,dr. Anas Alaoui,dr. Jan Claes,Hafida Cherkaoui,Zus,40,man,15-04-2026,16 april 2026,20/08/2025,º1985-07-10,85.07.10-837.18,22645144030,BE22 1447 1476 1229,4112196565234138,Meerssteenweg 118 bus 15,2400,Mol,03/189.09.27,0476-80 95 19,mohamed.elhabti@proximus.be,https://www.azdelta.be,AZ Delta,Orthopedie,carpaal tunnelsyndroom,ziekte van Dupuytren,Snellen 1,m. Deltoideus,Lambipol 100 mg,Ventolin aerosol,beers-teken afwezig,12u,antec.,SSp testen positief,,False,patient,patient,de heer,hij,zijn,"{'INSZ': 'dotted', 'RIZIV': 'plain', 'IBAN': 'grouped', 'DATE_ENCOUNTER': 'dd-mm-yyyy', 'DATE_VALIDATION': 'text_nl', 'DATE_HISTORY': 'dd/mm/yyyy', 'DOB': 'masc_ordinal', 'TELEFOON': 'slash_dot', 'TELEFOON_MOBILE': 'dashed', 'STREET': 'bus', 'AGE': 'bare'}"
CASE000037,F,65-79,eastern_european,West-Vlaanderen,Vlaanderen,town,Katarzyna Marinescu,dr. Filip Dubois,dr. Inge De Backer,Andrzej Kowalski,Oom,77 jaar,vrouw,24/05/2026,24-05-2026,28-11-2022,°6 oktober 1948,48.10.06-972.23,9-27630-78-030,BE09 3157 0848 8576,4210202758842520,Weverhof 206,8300,Knokke-Heist,054 91 46 30,0486145878,katarzyna.marinescu@proximus.be,https://www.znamiddelheim.be,ZNA Middelheim,NKO,chronische rhinosinusitis,syndroom van Cushing,Humphrey - perimetrie,M. Biceps caput longum,Ozempic 1 mg,Depakine chrono 500 mg,hamstringletsel links,300 ie/ml 1.5 ml,SSp,SSp testen positief,,False,patient,patiente,mevrouw,zij,haar,"{'INSZ': 'dotted', 'RIZIV': 'dashed', 'IBAN': 'grouped', 'DATE_ENCOUNTER': 'dd/mm/yyyy', 'DATE_VALIDATION': 'dd-mm-yyyy', 'DATE_HISTORY': 'dd-mm-yyyy', 'DOB': 'degree', 'TELEFOON': 'spaced', 'TELEFOON_MOBILE': 'plain', 'STREET': 'plain', 'AGE': 'jaar'}"
CASE000038,M,50-64,flemish,West-Vlaanderen,Vlaanderen,urban,Marc Coppens,dr. Stijn Jacobs,dr. Salvatore Costa,Leen Janssens,Moeder,51-jarige,man,05-05-2026,6 mei 2026,23/06/2015,º22 sep 1974,74.09.22-037.47,6-79720-56-030,BE93 3531 5160 4213,4973832060385052,Eikenhof 164 bus 8,8000,Brugge,012/74.45.18,+32 484 25 37 72,marc.coppens@telenet.be,https://www.azalma.be,AZ Alma,Cardiologie,arteriele hypertensie,ziekte van Dupuytren,Bristol-schaal type 4,A. Radialis,Nexiam 20 mg,Glucagen hypokit,boomstructuur van de bronchi,300 ie/ml 1.5 ml,PTO,full range of motion,,False,patient,patient,de heer,hij,zijn,"{'INSZ': 'dotted', 'RIZIV': 'dashed', 'IBAN': 'grouped', 'DATE_ENCOUNTER': 'dd-mm-yyyy', 'DATE_VALIDATION': 'text_abbr', 'DATE_HISTORY': 'dd/mm/yyyy', 'DOB': 'masc_ordinal', 'TELEFOON': 'slash_dot', 'TELEFOON_MOBILE': 'intl', 'STREET': 'bus', 'AGE': 'jarige'}"
CASE000039,F,0-17,maghrebi,Vlaams-Brabant,Vlaanderen,town,Nadia El Fassi,dr. Femke Maes,dr. Geert Maes,Leila Alaoui,Moeder,4-jarige,vrouw,13/05/2026,14/05/2026,21-11-2022,°12/04/2022,22.04.12 852 83,8-71073-84-018,BE95495287286538,4356804420678838,Bloembaan 39/11,1500,Halle,+32 3 747 41 12,0479 90 89 77,nadia.elfassi@telenet.be,https://www.kliniekdamiaan.be,Kliniek Damiaan,Fysische Geneeskunde en revalidatie,supraspinatuspeestendinose bilateraal,syndroom van Guillain-Barre,Humphrey - perimetrie,M. Subscapularis,Glucagen hypokit,Asaflow 80 mg,beeld passend bij bursitis,18u,PPI,blurr-test,,False,patient,patiente,mevrouw,zij,haar,"{'INSZ': 'mixed', 'RIZIV': 'dashed', 'IBAN': 'plain', 'DATE_ENCOUNTER': 'dd/mm/yyyy', 'DATE_VALIDATION': 'dd/mm/yyyy', 'DATE_HISTORY': 'dd-mm-yyyy', 'DOB': 'degree', 'TELEFOON': 'intl', 'TELEFOON_MOBILE': 'spaced', 'STREET': 'slash', 'AGE': 'jarige'}"
CASE000040,M,35-49,eastern_european,Oost-Vlaanderen,Vlaanderen,rural,Vasile Nowak,dr. Kris Declercq,dr. Luc Dubois,Piotr Wisniewski,Oom,45,man,01.05.2026,3/5/2026,10-05-2021,º26-04-1981,81.04.26-437.27,2-81201-02-018,BE64 9973 5461 1308,4856420593040782,Veldpad 144,9600,Ronse,09-263 83 80,0499/91.45.61,vasile.nowak@proximus.be,https://www.kliniekvesalius.be,Kliniek Vesalius,Dermatologie,psoriasis vulgaris,ziekte van Dupuytren,Barthel-index 90,M. Supraspinatus,Toujeo solostar,Glucagen hypokit,boomstructuur van de bronchi,BMI 20.808,PTO,SSp testen positief,,False,patient,patient,de heer,hij,zijn,"{'INSZ': 'dotted', 'RIZIV': 'dashed', 'IBAN': 'grouped', 'DATE_ENCOUNTER': 'dd.mm.yyyy', 'DATE_VALIDATION': 'd/m/yyyy', 'DATE_HISTORY': 'dd-mm-yyyy', 'DOB': 'masc_ordinal', 'TELEFOON': 'dashed', 'TELEFOON_MOBILE': 'slash_dot', 'STREET': 'plain', 'AGE': 'bare'}"
CASE000041,F,65-79,flemish,Oost-Vlaanderen,Vlaanderen,rural,Nele Willems,dr. Inge Coppens,dr. Lieve Coppens,Jonas Willems,Oom,76 jaar,vrouw,26/05/2026,26.05.2026,03/2025,º24 februari 1950,50.02.24 540 95,6 01207 96 003,BE27 2216 8102 0854,4895392644220965,Groenevest 91 bus 6,9500,Geraardsbergen,012 56 91 54,0475-93 55 81,nele.willems@telenet.be,https://www.azklina.be,AZ Klina,Orthopedie,gonartrose bilateraal,ziekte van Parkinson,Barthel-index 90,N. Medianus,Trianal suppo,L-thyroxine 50 mcg,geel verkleurde sclerae,100 e/ml 3 ml,PPI,SSp testen positief,,False,patient,patiente,mevrouw,zij,haar,"{'INSZ': 'mixed', 'RIZIV': 'spaced', 'IBAN': 'grouped', 'DATE_ENCOUNTER': 'dd/mm/yyyy', 'DATE_VALIDATION': 'dd.mm.yyyy', 'DATE_HISTORY': 'mm/yyyy', 'DOB': 'masc_ordinal', 'TELEFOON': 'spaced', 'TELEFOON_MOBILE': 'dashed', 'STREET': 'bus', 'AGE': 'jaar'}"
CASE000042,M,35-49,flemish,Limburg,Vlaanderen,town,Pieter Schirmer,dr. Filip Wouters,dr. Mehmet Arslan,Ann Vermeulen,Tante,40 jaar,man,04-05-2026,5 mei 2026,02/09/2019,°23 apr 1986,86.04.23-885.65,7-06135-25-007,BE18 4946 1984 3437,4844431069872058,Oudelaan 151B,3800,Sint-Truiden,052997062,0486 20 06 12,pieter.schirmer@telenet.be,https://www.klinieknikolaas.be,Kliniek Nikolaas,Nefrologie,chronische nierinsufficientie stadium 3,ziekte van Bechterew,Humphrey - perimetrie,m. Deltoideus,Paracetamol 1 g,Ibuprofen 400 mg,lintvormige stoelgang,12u,ESWT,Painful arc beiderzijds +,,True,patient,patient,de heer,hij,zijn,"{'INSZ': 'dotted', 'RIZIV': 'dashed', 'IBAN': 'grouped', 'DATE_ENCOUNTER': 'dd-mm-yyyy', 'DATE_VALIDATION': 'text_nl', 'DATE_HISTORY': 'dd/mm/yyyy', 'DOB': 'degree', 'TELEFOON': 'plain', 'TELEFOON_MOBILE': 'spaced', 'STREET': 'letter', 'AGE': 'jaar'}"
CASE000043,F,50-64,flemish,Limburg,Vlaanderen,rural,Nele Wouters,dr. Ann Lambert,dr. Rosa Fernandez,Pieter Wouters,Oom,51-jarige,vrouw,11-05-2026,13 mei 2026,13-02-2025,º12-04-1975,75 04 12 684 74,2 01400 69 004,BE62 3808 2676 6533,4632945116868542,Weverbaan 32,3630,Maasmechelen,02-898 99 21,+32 487 22 21 27,nele.wouters@gmail.com,https://www.imeldaziekenhuis.be,Imeldaziekenhuis,Oftalmologie,cataract incipiens bilateraal,ziekte van Von Willebrand,Barthel-index 90,V. Saphena magna,Depakine chrono 500 mg,Glucagen hypokit,as 165 graden,1 a 2 /d,PPI,no evidence of malignancy,,False,patient,patiente,mevrouw,zij,haar,"{'INSZ': 'spaced', 'RIZIV': 'spaced', 'IBAN': 'grouped', 'DATE_ENCOUNTER': 'dd-mm-yyyy', 'DATE_VALIDATION': 'text_nl', 'DATE_HISTORY': 'dd-mm-yyyy', 'DOB': 'masc_ordinal', 'TELEFOON': 'dashed', 'TELEFOON_MOBILE': 'intl', 'STREET': 'plain', 'AGE': 'jarige'}"
CASE000044,M,65-79,southern_european,Antwerpen,Vlaanderen,urban,Paulo Santos,dr. Elena Fernandez,dr. Els Willems,Elena Rossi,Zus,66-jarige,man,7 mei 2026,09/05/2026,19-02-2023,°1959-08-30,59 08 30 943 34,3 81631 64 018,BE47 3694 5408 7066,4890233030705349,Vijverlei 144 bus 13,2000,Antwerpen,+32 9 913 73 67,0484 07 65 20,paulo.santos@proximus.be,https://www.azturnhout.be,AZ Turnhout,Endocrinologie,type 2 diabetes mellitus,syndroom van Guillain-Barre,Glasgow Coma Scale 15,A. Radialis,Ibuprofen 400 mg,Glucagen hypokit,beeld passend bij bursitis,18u,i.o.m.,full range of motion,,False,patient,patient,de heer,hij,zijn,"{'INSZ': 'spaced', 'RIZIV': 'spaced', 'IBAN': 'grouped', 'DATE_ENCOUNTER': 'text_abbr', 'DATE_VALIDATION': 'dd/mm/yyyy', 'DATE_HISTORY': 'dd-mm-yyyy', 'DOB': 'degree', 'TELEFOON': 'intl', 'TELEFOON_MOBILE': 'spaced', 'STREET': 'bus', 'AGE': 'jarige'}"
CASE000045,F,18-34,flemish,Limburg,Vlaanderen,rural,Ann Wouters,dr. Burak Yilmaz,dr. Kris Goossens,Sofie Wouters,Nicht,33 jaar,vrouw,26/4/2026,26/04/2026,28 jan 2016,º08-12-1992,92120893466,2 38741 73 006,BE64883050180684,4715454443283095,Kerkbaan 130,3900,Pelt,04-896 91 08,0456477182,ann.wouters@gmail.com,https://www.azmariamiddelares.be,AZ Maria Middelares,Reumatologie,osteoporose,ziekte van Hashimoto,teken van Tinel,M. Subscapularis,Asaflow 80 mg,Ibuprofen 400 mg,lintvormige stoelgang,BD: 146/68,ODS,full range of motion,,False,patient,patiente,mevrouw,zij,haar,"{'INSZ': 'plain', 'RIZIV': 'spaced', 'IBAN': 'plain', 'DATE_ENCOUNTER': 'd/m/yyyy', 'DATE_VALIDATION': 'dd/mm/yyyy', 'DATE_HISTORY': 'text_abbr', 'DOB': 'masc_ordinal', 'TELEFOON': 'dashed', 'TELEFOON_MOBILE': 'plain', 'STREET': 'plain', 'AGE': 'jaar'}"
CASE000046,M,65-79,maghrebi,Antwerpen,Vlaanderen,town,Hamza Cherkaoui,dr. Ilham Bouzid,dr. Bart De Smet,Samira El Fassi,Zus,74 jaar,man,15/04/2026,16.04.2026,27.05.2018,°28-08-1951,51082822958,8-80360-12-008,BE52 8650 9434 2411,4752500743292717,Abdijwal 134/6,2500,Lier,02-684 60 22,0483 52 72 58,hamza.cherkaoui@skynet.be,https://www.azdelta.be,AZ Delta,Fysische Geneeskunde en revalidatie,bekkenbodemhypertonie,manoeuvre van Valsalva,Phalen-test,A. Radialis,Sipralexa 20 mg,Depakine chrono 500 mg,lintvormige stoelgang,2cc,RYGB,Painful arc beiderzijds +,,False,patient,patient,de heer,hij,zijn,"{'INSZ': 'plain', 'RIZIV': 'dashed', 'IBAN': 'grouped', 'DATE_ENCOUNTER': 'dd/mm/yyyy', 'DATE_VALIDATION': 'dd.mm.yyyy', 'DATE_HISTORY': 'dd.mm.yyyy', 'DOB': 'degree', 'TELEFOON': 'dashed', 'TELEFOON_MOBILE': 'spaced', 'STREET': 'slash', 'AGE': 'jaar'}"
CASE000047,F,65-79,southern_european,Antwerpen,Vlaanderen,town,Maria Romano,dr. Hilde Mertens,dr. Ann Maes,Ana Fernandez,Dochter,65 jaar,vrouw,2026-04-20,22.04.2026,19/12/2021,°15/9/1960,60.09.15-924.46,61398921018,BE58 2093 8015 2118,4304618499261893,Schoolberg 10,2500,Lier,04 890 90 10,0473 53 56 48,maria.romano@telenet.be,https://www.uzonzelievevrouw.be,UZ Onze-Lieve-Vrouw,Gynaecologie,endometriose,syndroom van Raynaud,Humphrey - perimetrie,m. Infraspinatus,Injectafer 1000 mg,Lambipol 100 mg,boomstructuur van de bronchi,22u,co,blurr-test,,False,patient,patiente,mevrouw,zij,haar,"{'INSZ': 'dotted', 'RIZIV': 'plain', 'IBAN': 'grouped', 'DATE_ENCOUNTER': 'yyyy-mm-dd', 'DATE_VALIDATION': 'dd.mm.yyyy', 'DATE_HISTORY': 'dd/mm/yyyy', 'DOB': 'degree', 'TELEFOON': 'spaced', 'TELEFOON_MOBILE': 'spaced', 'STREET': 'plain', 'AGE': 'jaar'}"
CASE000048,M,35-49,flemish,Antwerpen,Vlaanderen,urban,Lode Peeters,dr. Dirk Coppens,dr. Youssef El Fassi,Dirk Wouters,Neef,37-jarige,man,29 april 2026,30/4/2026,26/10/2022,°25-09-1988,88.09.25-179.12,14136066008,BE45 8820 1540 5881,4021697972965909,Kasteelhof 60 bus 6,2800,Mechelen,012-55 21 66,+32 478 49 88 61,lode.peeters@skynet.be,https://www.azrivierenland.be,AZ Rivierenland,Oftalmologie,geen diabetische retinopathie,syndroom van Guillain-Barre,Romberg negatief,m. Infraspinatus,Depakine chrono 500 mg,Pantomed 40 mg,beeld passend bij bursitis,1/w,ODS,watchful waiting,,False,patient,patient,de heer,hij,zijn,"{'INSZ': 'dotted', 'RIZIV': 'plain', 'IBAN': 'grouped', 'DATE_ENCOUNTER': 'text_nl', 'DATE_VALIDATION': 'd/m/yyyy', 'DATE_HISTORY': 'dd/mm/yyyy', 'DOB': 'degree', 'TELEFOON': 'dashed', 'TELEFOON_MOBILE': 'intl', 'STREET': 'bus', 'AGE': 'jarige'}"
CASE000049,F,65-79,flemish,Oost-Vlaanderen,Vlaanderen,rural,Leen Dubois,dr. Koen Goossens,dr. Lieve De Backer,Marc Peeters,Grootvader,75-jarige,vrouw,26/04/2026,27-04-2026,20.03.2016,°25-08-1950,50082577071,6-15530-32-018,BE46361811875348,4755037589975714,Bloemlaan 115,9500,Geraardsbergen,09 016 60 88,0472 77 79 81,leen.dubois@telenet.be,https://www.uzsintvincentius.be,UZ Sint-Vincentius,Fysische Geneeskunde en revalidatie,bekkenbodemhypertonie,ziekte van Dupuytren,Bristol-schaal type 4,M. Supraspinatus,Asaflow 80 mg,Ozempic 1 mg,molaire zwangerschap uitgesloten,FEV1/FVC 73.17,OD,no evidence of malignancy,,False,patient,patiente,mevrouw,zij,haar,"{'INSZ': 'plain', 'RIZIV': 'dashed', 'IBAN': 'plain', 'DATE_ENCOUNTER': 'dd/mm/yyyy', 'DATE_VALIDATION': 'dd-mm-yyyy', 'DATE_HISTORY': 'dd.mm.yyyy', 'DOB': 'degree', 'TELEFOON': 'spaced', 'TELEFOON_MOBILE': 'spaced', 'STREET': 'plain', 'AGE': 'jarige'}"
CASE000050,M,65-79,southern_european,Antwerpen,Vlaanderen,town,Miguel Moreira,dr. Geert Claes,dr. Wouter Jacobs,Giulia Fernandez,Moeder,65 jaar,man,16/04/2026,18/4/2026,2/2/2020,°4 oktober 1960,60100400541,6-56127-78-003,BE33920981907761,4833394522885153,Meersring 91 bus 11,2200,Herentals,019 46 54 72,0492 89 95 65,miguel.moreira@gmail.com,https://www.azturnhout.be,AZ Turnhout,Cardiologie,boezemfibrilleren,manoeuvre van Valsalva,Barthel-index 90,A. Radialis,Paracetamol 1 g,Diltiazemzalf 2%,hamstringletsel links,3x,RYGB,no evidence of malignancy,,False,patient,patient,de heer,hij,zijn,"{'INSZ': 'plain', 'RIZIV': 'dashed', 'IBAN': 'plain', 'DATE_ENCOUNTER': 'dd/mm/yyyy', 'DATE_VALIDATION': 'd/m/yyyy', 'DATE_HISTORY': 'd/m/yyyy', 'DOB': 'degree', 'TELEFOON': 'spaced', 'TELEFOON_MOBILE': 'spaced', 'STREET': 'bus', 'AGE': 'jaar'}"
CASE000051,F,35-49,maghrebi,Limburg,Vlaanderen,urban,Khadija Alaoui,dr. Jonas Claes,dr. Onur Dogan,Meryem Cherkaoui,Nicht,35-jarige,vrouw,04-05-2026,04/05/2026,24/1/2020,°24-02-1991,91.02.24-980.31,9 26394 53 018,BE76609738610812,4294057202590946,Nieuwstraat 129,3500,Hasselt,016-34 72 12,0497 65 15 48,khadija.alaoui@gmail.com,https://www.ziekenhuisdamiaan.be,Ziekenhuis Damiaan,Dermatologie,atopisch eczeem,ziekte van Dupuytren,Barthel-index 90,V. Saphena magna,Progor retard 180 mg,D-cure 25 000 ie,molaire zwangerschap uitgesloten,300 ie/ml 1.5 ml,PTO,blurr-test,,False,patient,patiente,mevrouw,zij,haar,"{'INSZ': 'dotted', 'RIZIV': 'spaced', 'IBAN': 'plain', 'DATE_ENCOUNTER': 'dd-mm-yyyy', 'DATE_VALIDATION': 'dd/mm/yyyy', 'DATE_HISTORY': 'd/m/yyyy', 'DOB': 'degree', 'TELEFOON': 'dashed', 'TELEFOON_MOBILE': 'spaced', 'STREET': 'plain', 'AGE': 'jarige'}"
CASE000052,M,65-79,flemish,West-Vlaanderen,Vlaanderen,town,Luc Claes,dr. Sara El Habti,dr. An Jacobs,Tom Declercq,Oom,67 jaar,man,26-05-2026,28/05/2026,03/12/2015,º1958-09-13,58.09.13-263.46,6-66479-08-008,BE60 9041 6306 2531,4075011024819343,Vissersring 229,8400,Oostende,+32 (0)12/33.61.38,+32 497 99 55 82,luc.claes@gmail.com,https://www.azheilighart.be,AZ Heilig Hart,Oftalmologie,cataract incipiens bilateraal,ziekte van Bechterew,Romberg negatief,A. Radialis,Depakine chrono 500 mg,Ozempic 1 mg,beeld passend bij bursitis,2cc,ESWT,no evidence of malignancy,,False,patient,patiente,de heer,hij,zijn,"{'INSZ': 'dotted', 'RIZIV': 'dashed', 'IBAN': 'grouped', 'DATE_ENCOUNTER': 'dd-mm-yyyy', 'DATE_VALIDATION': 'dd/mm/yyyy', 'DATE_HISTORY': 'dd/mm/yyyy', 'DOB': 'masc_ordinal', 'TELEFOON': 'intl_paren', 'TELEFOON_MOBILE': 'intl', 'STREET': 'plain', 'AGE': 'jaar'}"
CASE000053,F,65-79,turkish,Vlaams-Brabant,Vlaanderen,town,Elif Aydin,dr. Katrien De Smet,dr. Deniz Arslan,Selin Kaya,Moeder,66-jarige,vrouw,14-05-2026,14 mei 2026,12-06-2017,°19 aug 1959,59.08.19-984.32,7-64845-97-006,BE70 7443 0948 5120,4814141397552316,Vissersstraat 73C,1500,Halle,09 822 23 94,+32 (0)475/85.72.06,elif.aydin@proximus.be,https://www.algemeenziekenhuissintblasius.be,Algemeen Ziekenhuis Sint-Blasius,Gynaecologie,myomateuze uterus,manoeuvre van Valsalva,Humphrey - perimetrie,M. Supraspinatus,Ozempic 1 mg,Injectafer 1000 mg,lintvormige stoelgang,HR: 68,OD,watchful waiting,,False,patient,patiente,mevrouw,zij,haar,"{'INSZ': 'dotted', 'RIZIV': 'dashed', 'IBAN': 'grouped', 'DATE_ENCOUNTER': 'dd-mm-yyyy', 'DATE_VALIDATION': 'text_abbr', 'DATE_HISTORY': 'dd-mm-yyyy', 'DOB': 'degree', 'TELEFOON': 'spaced', 'TELEFOON_MOBILE': 'intl_paren', 'STREET': 'letter', 'AGE': 'jarige'}"
CASE000054,M,50-64,central_african,Antwerpen,Vlaanderen,rural,Patrick Nkosi,dr. Samira Bouzid,dr. Lore De Clercq,Josiane Mwamba,Dochter,55 jaar,man,17-05-2026,2026-05-19,10/01/2019,°04/11/1970,70 11 04 847 95,24680263007,BE33804289468572,4392827229927508,Oudesteenweg 10,2400,Mol,+32 59 72 56 39,0479/17.59.64,patrick.nkosi@skynet.be,https://www.azdelta.be,AZ Delta,Gastro-enterologie,diverticulose sigmoid,ziekte van Dupuytren,Romberg negatief,M. Supraspinatus,D-cure 25 000 ie,Metformine viatris 500 mg,molaire zwangerschap uitgesloten,18u,PRP,watchful waiting,,False,patient,patient,de heer,hij,zijn,"{'INSZ': 'spaced', 'RIZIV': 'plain', 'IBAN': 'plain', 'DATE_ENCOUNTER': 'dd-mm-yyyy', 'DATE_VALIDATION': 'yyyy-mm-dd', 'DATE_HISTORY': 'dd/mm/yyyy', 'DOB': 'degree', 'TELEFOON': 'intl', 'TELEFOON_MOBILE': 'slash_dot', 'STREET': 'plain', 'AGE': 'jaar'}"
CASE000055,F,80-95,flemish,Vlaams-Brabant,Vlaanderen,town,Els Dubois,dr. Marleen Coppens,dr. Geert Declercq,Luc Verhoeven,Grootvader,91-jarige,vrouw,04/05/2026,04/05/2026,1/1/2020,º31/10/1934,34.10.31-812.12,6-05529-42-003,BE77 9685 2301 5021,4809202428699042,Groenedries 85,1500,Halle,052 17 77 39,0456 52 02 31,els.dubois@telenet.be,https://www.ziekenhuismariamiddelares.be,Ziekenhuis Maria Middelares,Oftalmologie,droge maculadegeneratie,syndroom van Sjogren,Romberg negatief,lig. Collaterale mediale,Injectafer 1000 mg,Toujeo solostar,boomstructuur van de bronchi,3x,PPI,shared decision making,,False,patient,patiente,mevrouw,zij,haar,"{'INSZ': 'dotted', 'RIZIV': 'dashed', 'IBAN': 'grouped', 'DATE_ENCOUNTER': 'dd/mm/yyyy', 'DATE_VALIDATION': 'dd/mm/yyyy', 'DATE_HISTORY': 'd/m/yyyy', 'DOB': 'masc_ordinal', 'TELEFOON': 'spaced', 'TELEFOON_MOBILE': 'spaced', 'STREET': 'plain', 'AGE': 'jarige'}"
CASE000056,M,65-79,maghrebi,Antwerpen,Vlaanderen,rural,Mehdi Idrissi,dr. Tom Van den Berghe,dr. Jan Claes,Ilham Rahmani,Grootmoeder,74 jaar,man,20-04-2026,20/04/2026,7 oktober 2023,º01-02-1952,52020189980,9-21945-40-004,BE49 5286 8122 5263,4098180635651263,Groenestraat 221,2400,Mol,089-16 24 73,0472/36.76.69,mehdi.idrissi@proximus.be,https://www.algemeenziekenhuisgroeninge.be,Algemeen Ziekenhuis Groeninge,Fysische Geneeskunde en revalidatie,supraspinatuspeestendinose bilateraal,syndroom van Raynaud,Glasgow Coma Scale 15,A. Radialis,Cose protect,Progor retard 180 mg,hamstringletsel links,BMI 20.808,antec.,shared decision making,,False,patient,patient,de heer,hij,zijn,"{'INSZ': 'plain', 'RIZIV': 'dashed', 'IBAN': 'grouped', 'DATE_ENCOUNTER': 'dd-mm-yyyy', 'DATE_VALIDATION': 'dd/mm/yyyy', 'DATE_HISTORY': 'text_nl', 'DOB': 'masc_ordinal', 'TELEFOON': 'dashed', 'TELEFOON_MOBILE': 'slash_dot', 'STREET': 'plain', 'AGE': 'jaar'}"
CASE000057,F,50-64,flemish,Oost-Vlaanderen,Vlaanderen,rural,Lore De Smet,dr. Lieve Jacobs,dr. Zeynep Demir,Veerle De Backer,Tante,58-jarige,vrouw,2026-05-18,19 mei 2026,13-09-2018,°05/12/1967,67.12.05-844.12,2-52387-07-480,BE82 6611 0654 2386,4021465669380117,Bakkersteenweg 33 bus 2,9400,Ninove,011 27 70 38,+32 471 76 65 66,lore.desmet@proximus.be,https://www.znamiddelheim.be,ZNA Middelheim,Gastro-enterologie,ferriprieve anaemie,syndroom van Cushing,Glasgow Coma Scale 15,N. Medianus,Progor retard 180 mg,Metformine viatris 500 mg,boomstructuur van de bronchi,-0.25 ^ -0.25 as 165 graden,APO,full range of motion,,False,patient,patiente,mevrouw,zij,haar,"{'INSZ': 'dotted', 'RIZIV': 'dashed', 'IBAN': 'grouped', 'DATE_ENCOUNTER': 'yyyy-mm-dd', 'DATE_VALIDATION': 'text_abbr', 'DATE_HISTORY': 'dd-mm-yyyy', 'DOB': 'degree', 'TELEFOON': 'spaced', 'TELEFOON_MOBILE': 'intl', 'STREET': 'bus', 'AGE': 'jarige'}"
CASE000058,M,50-64,flemish,Antwerpen,Vlaanderen,urban,Luc Dubois,dr. Elena Zielinski,dr. Ioana Dimitrov,Pieter Coppens,Oom,54,man,28-04-2026,28-04-2026,19/11/2022,°25/09/1971,71.09.25-719.85,3-41099-50-018,BE49568452219998,4790807595794722,Kerkpad 128,2000,Antwerpen,015 37 33 34,0476 31 79 45,luc.dubois@proximus.be,https://www.imeldaziekenhuis.be,Imeldaziekenhuis,Gastro-enterologie,lichte chronische niet specifieke colitis,ziekte van Bechterew,Goldmann applanatie,M. Subscapularis,Atorstatine 20 mg,Ventolin aerosol,as 165 graden,100 e/ml 3 ml,z.n.,Painful arc beiderzijds +,,False,patient,patient,de heer,hij,zijn,"{'INSZ': 'dotted', 'RIZIV': 'dashed', 'IBAN': 'plain', 'DATE_ENCOUNTER': 'dd-mm-yyyy', 'DATE_VALIDATION': 'dd-mm-yyyy', 'DATE_HISTORY': 'dd/mm/yyyy', 'DOB': 'degree', 'TELEFOON': 'spaced', 'TELEFOON_MOBILE': 'spaced', 'STREET': 'plain', 'AGE': 'bare'}"
CASE000059,F,35-49,turkish,Antwerpen,Vlaanderen,urban,Selin Yilmaz,dr. Geert Coppens,dr. Marleen Willems,Burak Dogan,Broer,45-jarige,vrouw,05-05-2026,5 mei 2026,15/03/2020,º1980-10-17,80 10 17 382 82,48281254030,BE12495122238749,4203471754558849,Veldweg 118,2018,Antwerpen,+32 10 26 72 88,0499623832,selin.yilmaz@proximus.be,https://www.kliniekdamiaan.be,Kliniek Damiaan,Neurologie,"epilepsie, in remissie",ziekte van Von Willebrand,Phalen-test,m. Infraspinatus,Progor retard 180 mg,Paracetamol 1 g,boomstructuur van de bronchi,4.95*,z.n.,blurr-test,,False,patient,patiente,mevrouw,zij,haar,"{'INSZ': 'spaced', 'RIZIV': 'plain', 'IBAN': 'plain', 'DATE_ENCOUNTER': 'dd-mm-yyyy', 'DATE_VALIDATION': 'text_nl', 'DATE_HISTORY': 'dd/mm/yyyy', 'DOB': 'masc_ordinal', 'TELEFOON': 'intl', 'TELEFOON_MOBILE': 'plain', 'STREET': 'plain', 'AGE': 'jarige'}"
CASE000060,M,35-49,maghrebi,West-Vlaanderen,Vlaanderen,rural,Youssef El Habti,dr. Bart Declercq,dr. Bernadette Bope,Youssef Ouazzani,Vader,40-jarige,man,2026-05-14,15/5/2026,04/2022,°01/10/1985,85.10.01-661.97,5-14664-18-008,BE14 4891 4391 1724,4347228200557784,Vissersring 231 bus 13,8700,Tielt,02/117.80.06,0472 13 33 79,youssef.elhabti@proximus.be,https://www.ziekenhuisgroeninge.be,Ziekenhuis Groeninge,Algemene Heelkunde,ziekte van Von Willebrand,teken van Lasegue,Romberg negatief,M. Subscapularis,Diltiazemzalf 2%,Toujeo solostar,lintvormige stoelgang,FEV1/FVC 73.17,ivm,no evidence of malignancy,,False,patient,patient,de heer,hij,zijn,"{'INSZ': 'dotted', 'RIZIV': 'dashed', 'IBAN': 'grouped', 'DATE_ENCOUNTER': 'yyyy-mm-dd', 'DATE_VALIDATION': 'd/m/yyyy', 'DATE_HISTORY': 'mm/yyyy', 'DOB': 'degree', 'TELEFOON': 'slash_dot', 'TELEFOON_MOBILE': 'spaced', 'STREET': 'bus', 'AGE': 'jarige'}"
CASE000061,F,50-64,flemish,Antwerpen,Vlaanderen,rural,Katrien Lambert,dr. Jonas Peeters,dr. Filip De Smet,Lore Van Damme,Moeder,64 jaar,vrouw,28-05-2026,29/05/2026,28-11-2016,°1961-09-10,61.09.10-008.66,67484284018,BE80 4517 8147 2264,4350208021442709,Bakkerberg 128,2860,Sint-Katelijne-Waver,050 48 46 31,0479148158,katrien.lambert@skynet.be,https://www.uznikolaas.be,UZ Nikolaas,Pneumologie,obstructief slaapapneusyndroom,ziekte van Crohn,Jaeger transfertest,M. Biceps caput longum,Injectafer 1000 mg,Lambipol 100 mg,molaire zwangerschap uitgesloten,3x,OD,shared decision making,,False,patient,patiente,mevrouw,zij,haar,"{'INSZ': 'dotted', 'RIZIV': 'plain', 'IBAN': 'grouped', 'DATE_ENCOUNTER': 'dd-mm-yyyy', 'DATE_VALIDATION': 'dd/mm/yyyy', 'DATE_HISTORY': 'dd-mm-yyyy', 'DOB': 'degree', 'TELEFOON': 'spaced', 'TELEFOON_MOBILE': 'plain', 'STREET': 'plain', 'AGE': 'jaar'}"
CASE000062,M,80-95,maghrebi,Limburg,Vlaanderen,town,Youssef Ouazzani,dr. Katrien De Backer,dr. Stijn Van den Berghe,Mehdi Cherkaoui,Vader,94,man,30.04.2026,30/04/2026,07/2017,°04/06/1932,32060475335,9-08447-55-004,BE04 7323 8271 5799,4979251327195002,Beekpark 200,3800,Sint-Truiden,016 50 31 36,0475/35.74.15,youssef.ouazzani@proximus.be,https://www.uzmariamiddelares.be,UZ Maria Middelares,Neurologie,perifere polyneuropathie,ziekte van Hashimoto,Jaeger transfertest,V. Saphena magna,Glucagen hypokit,Lyumjev kwikpen,lintvormige stoelgang,18u,OS,no evidence of malignancy,,False,patient,patient,de heer,hij,zijn,"{'INSZ': 'plain', 'RIZIV': 'dashed', 'IBAN': 'grouped', 'DATE_ENCOUNTER': 'dd.mm.yyyy', 'DATE_VALIDATION': 'dd/mm/yyyy', 'DATE_HISTORY': 'mm/yyyy', 'DOB': 'degree', 'TELEFOON': 'spaced', 'TELEFOON_MOBILE': 'slash_dot', 'STREET': 'plain', 'AGE': 'bare'}"
CASE000063,F,65-79,southern_european,Brussel-Hoofdstad,Brussel,urban,Elena Ferrari,dr. Lode De Clercq,dr. Sofie Coppens,Rafael Fernandez,Zoon,77,vrouw,20-04-2026,22/04/2026,12/2023,º10/03/1949,49031084007,3-76141-25-018,BE20 0019 5025 4385,4317310967899405,Smidplein 10,1030,Schaarbeek,059 29 45 65,+32 (0)489/84.08.05,elena.ferrari@proximus.be,https://www.azklina.be,AZ Klina,Pneumologie,obstructief longlijden GOLD II,syndroom van Sjogren,Barthel-index 90,m. Infraspinatus,Asaflow 80 mg,Lambipol 100 mg,lintvormige stoelgang,1/w,tvv,shared decision making,,False,patient,patiente,mevrouw,zij,haar,"{'INSZ': 'plain', 'RIZIV': 'dashed', 'IBAN': 'grouped', 'DATE_ENCOUNTER': 'dd-mm-yyyy', 'DATE_VALIDATION': 'dd/mm/yyyy', 'DATE_HISTORY': 'm/yyyy', 'DOB': 'masc_ordinal', 'TELEFOON': 'spaced', 'TELEFOON_MOBILE': 'intl_paren', 'STREET': 'plain', 'AGE': 'bare'}"
CASE000064,M,35-49,eastern_european,West-Vlaanderen,Vlaanderen,urban,Piotr Ionescu,dr. Jonas Maes,dr. Andrzej Popescu,Ionut Kaminski,Broer,46,man,22/4/2026,24-04-2026,3/10/2023,º9 nov 1979,79 11 09 765 22,2-10639-45-018,BE06 5054 0809 7129,4760049082404335,Bakkerdreef 86,8000,Brugge,052566593,0476-48 98 70,piotr.ionescu@proximus.be,https://www.algemeenziekenhuisheilighart.be,Algemeen Ziekenhuis Heilig Hart,Oftalmologie,cataract incipiens bilateraal,ziekte van Von Willebrand,Schirmer-test,V. Saphena magna,Ventolin aerosol,Diltiazemzalf 2%,peervormige galblaas,3x/week,PRP,full range of motion,,False,patient,patient,de heer,hij,zijn,"{'INSZ': 'spaced', 'RIZIV': 'dashed', 'IBAN': 'grouped', 'DATE_ENCOUNTER': 'd/m/yyyy', 'DATE_VALIDATION': 'dd-mm-yyyy', 'DATE_HISTORY': 'd/m/yyyy', 'DOB': 'masc_ordinal', 'TELEFOON': 'plain', 'TELEFOON_MOBILE': 'dashed', 'STREET': 'plain', 'AGE': 'bare'}"
CASE000065,F,18-34,southern_european,Antwerpen,Vlaanderen,rural,Ana Esposito,dr. Luc Dubois,dr. Tolga Korkmaz,Paulo Rossi,Vader,29-jarige,vrouw,04/05/2026,04-05-2026,16/01/2017,°1997-01-28,97.01.28-124.13,9-07812-11-007,BE29 7204 7079 3794,4168622783769384,Kerkberg 28 bus 18,2860,Sint-Katelijne-Waver,+32 9 998 13 64,0474/16.43.10,ana.esposito@skynet.be,https://www.azalma.be,AZ Alma,Dermatologie,psoriasis vulgaris,syndroom van Sjogren,Humphrey - perimetrie,m. Deltoideus,Depakine chrono 500 mg,Ozempic 1 mg,geel verkleurde sclerae,3x/week,ivm,full range of motion,,False,patient,patiente,mevrouw,zij,haar,"{'INSZ': 'dotted', 'RIZIV': 'dashed', 'IBAN': 'grouped', 'DATE_ENCOUNTER': 'dd/mm/yyyy', 'DATE_VALIDATION': 'dd-mm-yyyy', 'DATE_HISTORY': 'dd/mm/yyyy', 'DOB': 'degree', 'TELEFOON': 'intl', 'TELEFOON_MOBILE': 'slash_dot', 'STREET': 'bus', 'AGE': 'jarige'}"
CASE000066,M,18-34,flemish,Limburg,Vlaanderen,rural,Bart Van Acker,dr. Nadine Kalala,dr. Kris Lambert,Luc Jacobs,Neef,29-jarige,man,13/05/2026,15-05-2026,5 juni 2015,°23.05.1997,97.05.23-295.20,1-14400-60-018,BE58883448123486,4451046368157987,Kortelei 231 bus 1,3630,Maasmechelen,010 69 80 42,0476 89 79 34,bart.vanacker@telenet.be,https://www.azalma.be,AZ Alma,Gastro-enterologie,ferriprieve anaemie,ziekte van Parkinson,Goldmann applanatie,V. Saphena magna,Pantomed 40 mg,Diltiazemzalf 2%,beeld passend bij bursitis,2/d,PTO,no evidence of malignancy,,False,patient,patient,de heer,hij,zijn,"{'INSZ': 'dotted', 'RIZIV': 'dashed', 'IBAN': 'plain', 'DATE_ENCOUNTER': 'dd/mm/yyyy', 'DATE_VALIDATION': 'dd-mm-yyyy', 'DATE_HISTORY': 'text_nl', 'DOB': 'degree', 'TELEFOON': 'spaced', 'TELEFOON_MOBILE': 'spaced', 'STREET': 'bus', 'AGE': 'jarige'}"
CASE000067,F,50-64,flemish,Limburg,Vlaanderen,rural,Inge Goossens,dr. Agnieszka Ionescu,dr. Paulo Romano,Lieve Maes,Tante,61,vrouw,25/04/2026,27/4/2026,25 nov 2018,º17-12-1964,64121799421,42755719018,BE81 5946 3465 3810,4474231220994990,Groenekaai 71 bus 14,3900,Pelt,014-92 51 88,+32 473 23 40 18,inge.goossens@skynet.be,https://www.uzheilighart.be,UZ Heilig Hart,Endocrinologie,type 2 diabetes mellitus,manoeuvre van Valsalva,Goldmann applanatie,M. Supraspinatus,Paracetamol 1 g,Asaflow 80 mg,molaire zwangerschap uitgesloten,1/w,nle,blurr-test,,False,patient,patiente,mevrouw,zij,haar,"{'INSZ': 'plain', 'RIZIV': 'plain', 'IBAN': 'grouped', 'DATE_ENCOUNTER': 'dd/mm/yyyy', 'DATE_VALIDATION': 'd/m/yyyy', 'DATE_HISTORY': 'text_abbr', 'DOB': 'masc_ordinal', 'TELEFOON': 'dashed', 'TELEFOON_MOBILE': 'intl', 'STREET': 'bus', 'AGE': 'bare'}"
CASE000068,M,50-64,maghrebi,West-Vlaanderen,Vlaanderen,town,Ismail Ouazzani,dr. Koen Peeters,dr. Carmela Romano,Karim Idrissi,Vader,61-jarige,man,14-04-2026,15 april 2026,7 januari 2016,°10-03-1965,65031041589,91392014003,BE13 8100 6489 0933,4472649082771812,Smidvest 202,8300,Knokke-Heist,011/38.86.08,0498 80 06 24,ismail.ouazzani@skynet.be,https://www.uzheilighart.be,UZ Heilig Hart,Nefrologie,chronische nierinsufficientie stadium 3,ziekte van Dupuytren,Barthel-index 90,V. Saphena magna,Lyumjev kwikpen,Sipralexa 20 mg,as 165 graden,HR: 68,tvv,Painful arc beiderzijds +,,False,patient,patient,de heer,hij,zijn,"{'INSZ': 'plain', 'RIZIV': 'plain', 'IBAN': 'grouped', 'DATE_ENCOUNTER': 'dd-mm-yyyy', 'DATE_VALIDATION': 'text_nl', 'DATE_HISTORY': 'text_nl', 'DOB': 'degree', 'TELEFOON': 'slash_dot', 'TELEFOON_MOBILE': 'spaced', 'STREET': 'plain', 'AGE': 'jarige'}"
CASE000069,F,50-64,southern_european,Vlaams-Brabant,Vlaanderen,town,Ana Ferrari,dr. Youssef Benali,dr. Amina El Fassi,Antonio Garcia,Neef,61-jarige,vrouw,04-05-2026,04.05.2026,06/03/2017,°23/10/1964,64.10.23-580.47,7-91567-50-006,BE43954179057407,4990384983022056,Stationsplein 27,1930,Zaventem,050077780,0488302775,ana.ferrari@telenet.be,https://www.azdelta.be,AZ Delta,Dermatologie,atopisch eczeem,ziekte van Parkinson,Snellen 1,m. Deltoideus,Ozempic 1 mg,D-cure 25 000 ie,beeld passend bij bursitis,3x/week,ivm,blurr-test,,False,patient,patiente,mevrouw,zij,haar,"{'INSZ': 'dotted', 'RIZIV': 'dashed', 'IBAN': 'plain', 'DATE_ENCOUNTER': 'dd-mm-yyyy', 'DATE_VALIDATION': 'dd.mm.yyyy', 'DATE_HISTORY': 'dd/mm/yyyy', 'DOB': 'degree', 'TELEFOON': 'plain', 'TELEFOON_MOBILE': 'plain', 'STREET': 'plain', 'AGE': 'jarige'}"
CASE000070,M,35-49,maghrebi,Oost-Vlaanderen,Vlaanderen,rural,Adil Idrissi,dr. Ayse Demir,dr. Gul Arslan,Meryem Benali,Tante,45-jarige,man,28 apr 2026,28/04/2026,29/5/2024,°08-08-1980,80.08.08-215.20,82963011007,BE75062758292977,4713966055830345,Langering 45,9500,Geraardsbergen,053/29.97.87,0475 78 29 90,adil.idrissi@proximus.be,https://www.ziekenhuisonzelievevrouw.be,Ziekenhuis Onze-Lieve-Vrouw,Pneumologie,obstructief longlijden GOLD II,ziekte van Dupuytren,Humphrey - perimetrie,m. Deltoideus,Nexiam 20 mg,Ventolin aerosol,beers-teken afwezig,HR: 68,RYGB,Painful arc beiderzijds +,,False,patient,patient,de heer,hij,zijn,"{'INSZ': 'dotted', 'RIZIV': 'plain', 'IBAN': 'plain', 'DATE_ENCOUNTER': 'text_abbr', 'DATE_VALIDATION': 'dd/mm/yyyy', 'DATE_HISTORY': 'd/m/yyyy', 'DOB': 'degree', 'TELEFOON': 'slash_dot', 'TELEFOON_MOBILE': 'spaced', 'STREET': 'plain', 'AGE': 'jarige'}"
CASE000071,F,35-49,flemish,Antwerpen,Vlaanderen,town,Sofie Dubois,dr. Lucia Rossi,dr. Khadija Alaoui,Veerle De Clercq,Grootmoeder,46-jarige,vrouw,25.05.2026,27 mei 2026,29.06.2022,°25.05.1980,80.05.25-020.72,3-18379-72-018,BE49875692418614,4031780782357844,Marktsteenweg 77,2440,Geel,+32 (0)51/50.46.17,0484/57.38.27,sofie.dubois@proximus.be,https://www.ziekenhuisdevoorzorg.be,Ziekenhuis De Voorzorg,Reumatologie,osteoporose,ziekte van Parkinson,Humphrey - perimetrie,V. Saphena magna,Paracetamol 1 g,Lyumjev kwikpen,boomstructuur van de bronchi,pH 7.38,PRP,full range of motion,,False,patient,patiente,mevrouw,zij,haar,"{'INSZ': 'dotted', 'RIZIV': 'dashed', 'IBAN': 'plain', 'DATE_ENCOUNTER': 'dd.mm.yyyy', 'DATE_VALIDATION': 'text_nl', 'DATE_HISTORY': 'dd.mm.yyyy', 'DOB': 'degree', 'TELEFOON': 'intl_paren', 'TELEFOON_MOBILE': 'slash_dot', 'STREET': 'plain', 'AGE': 'jarige'}"
CASE000072,M,65-79,flemish,Oost-Vlaanderen,Vlaanderen,town,Luc Janssens,dr. An Coppens,dr. Onur Sahin,Veerle De Clercq,Dochter,66-jarige,man,11/05/2026,11-05-2026,17 jan 2024,°22/05/1960,60.05.22 527 11,2 07348 38 007,BE92 3845 8223 2446,4381792171747739,Kasteelpad 73,9700,Oudenaarde,+32 2 160 16 62,0491/80.88.89,luc.janssens@skynet.be,https://www.azgroeninge.be,AZ Groeninge,Gastro-enterologie,coeliakie,ziekte van Parkinson,Barthel-index 90,m. Deltoideus,Progor retard 180 mg,Sipralexa 20 mg,peervormige galblaas,T 37.2,OS,shared decision making,,False,patient,patient,de heer,hij,zijn,"{'INSZ': 'mixed', 'RIZIV': 'spaced', 'IBAN': 'grouped', 'DATE_ENCOUNTER': 'dd/mm/yyyy', 'DATE_VALIDATION': 'dd-mm-yyyy', 'DATE_HISTORY': 'text_abbr', 'DOB': 'degree', 'TELEFOON': 'intl', 'TELEFOON_MOBILE': 'slash_dot', 'STREET': 'plain', 'AGE': 'jarige'}"
CASE000073,F,35-49,flemish,Antwerpen,Vlaanderen,urban,Inge Willems,dr. Lieve Verhoeven,dr. Wouter De Backer,Femke Van den Berghe,Dochter,42-jarige,vrouw,02/05/2026,2 mei 2026,28.10.2018,°08.10.1983,83100849412,5-02460-97-004,BE91 2290 9662 2851,4290227846997336,Bakkerhof 176 bus 2,2018,Antwerpen,059172461,0495 76 98 48,inge.willems@proximus.be,https://www.azklina.be,AZ Klina,NKO,chronische rhinosinusitis,syndroom van Raynaud,Barthel-index 90,m. Deltoideus,Depakine chrono 500 mg,Progor retard 180 mg,geel verkleurde sclerae,4.95*,RYGB,no evidence of malignancy,,False,patient,patiente,mevrouw,zij,haar,"{'INSZ': 'plain', 'RIZIV': 'dashed', 'IBAN': 'grouped', 'DATE_ENCOUNTER': 'dd/mm/yyyy', 'DATE_VALIDATION': 'text_abbr', 'DATE_HISTORY': 'dd.mm.yyyy', 'DOB': 'degree', 'TELEFOON': 'plain', 'TELEFOON_MOBILE': 'spaced', 'STREET': 'bus', 'AGE': 'jarige'}"
CASE000074,M,35-49,southern_european,West-Vlaanderen,Vlaanderen,urban,Marco Van Mol,dr. Esther Mukendi,dr. Miguel Moreira,Miguel Garcia,Zoon,37-jarige,man,01/05/2026,03/05/2026,2023-06-01,°06-05-1989,89.05.06 193 76,68240191030,BE03 9249 6539 3333,4097384689500977,Weverweg 148,8000,Brugge,012 26 79 69,0489/54.70.57,marco.vanmol@proximus.be,https://www.klinieksintjozef.be,Kliniek Sint-Jozef,Neurologie,perifere polyneuropathie,ziekte van Crohn,Barthel-index 90,lig. Collaterale mediale,D-cure 25 000 ie,Lyumjev kwikpen,beers-teken afwezig,22u,tvv,no evidence of malignancy,,True,patient,patient,de heer,hij,zijn,"{'INSZ': 'mixed', 'RIZIV': 'plain', 'IBAN': 'grouped', 'DATE_ENCOUNTER': 'dd/mm/yyyy', 'DATE_VALIDATION': 'dd/mm/yyyy', 'DATE_HISTORY': 'yyyy-mm-dd', 'DOB': 'degree', 'TELEFOON': 'spaced', 'TELEFOON_MOBILE': 'slash_dot', 'STREET': 'plain', 'AGE': 'jarige'}"
CASE000075,F,65-79,flemish,Vlaams-Brabant,Vlaanderen,town,Hilde Dubois,dr. Lode De Clercq,dr. Veerle Vermeulen,Hilde Willems,Dochter,66,vrouw,14/04/2026,16/04/2026,02-05-2017,º27/07/1959,59.07.27-174.13,7-00687-41-003,BE37890311300761,4276637239504101,Dorplei 249C,1800,Vilvoorde,03/927.52.43,0499-67 04 43,hilde.dubois@skynet.be,https://www.algemeenziekenhuissintblasius.be,Algemeen Ziekenhuis Sint-Blasius,Gastro-enterologie,ulcus anastomoticum,syndroom van Guillain-Barre,Phalen-test,lig. Collaterale mediale,Nexiam 20 mg,Injectafer 1000 mg,beers-teken afwezig,18u,antec.,watchful waiting,,False,patient,patiente,mevrouw,zij,haar,"{'INSZ': 'dotted', 'RIZIV': 'dashed', 'IBAN': 'plain', 'DATE_ENCOUNTER': 'dd/mm/yyyy', 'DATE_VALIDATION': 'dd/mm/yyyy', 'DATE_HISTORY': 'dd-mm-yyyy', 'DOB': 'masc_ordinal', 'TELEFOON': 'slash_dot', 'TELEFOON_MOBILE': 'dashed', 'STREET': 'letter', 'AGE': 'bare'}"
CASE000076,M,50-64,flemish,Brussel-Hoofdstad,Brussel,urban,Jonas De Clercq,dr. Els Jacobs,dr. Elena Moreira,Veerle Wouters,Dochter,52 jaar,man,22/05/2026,23/05/2026,03-07-2018,°31/10/1973,73103168981,7 17322 90 007,BE39 3716 0036 5664,4212447174654219,Veldvest 6 bus 19,1000,Brussel,+32 2 910 93 91,0473/11.77.16,jonas.declercq@proximus.be,https://www.klinieknikolaas.be,Kliniek Nikolaas,Oftalmologie,droge maculadegeneratie,ziekte van Dupuytren,Snellen 1,A. Radialis,Sipralexa 20 mg,Ozempic 1 mg,beeld passend bij bursitis,22u,ODS,blurr-test,,False,patient,patient,de heer,hij,zijn,"{'INSZ': 'plain', 'RIZIV': 'spaced', 'IBAN': 'grouped', 'DATE_ENCOUNTER': 'dd/mm/yyyy', 'DATE_VALIDATION': 'dd/mm/yyyy', 'DATE_HISTORY': 'dd-mm-yyyy', 'DOB': 'degree', 'TELEFOON': 'intl', 'TELEFOON_MOBILE': 'slash_dot', 'STREET': 'bus', 'AGE': 'jaar'}"
CASE000077,F,50-64,flemish,Antwerpen,Vlaanderen,town,Lore De Backer,dr. Emre Dogan,dr. Mohamed Benali,Stijn De Clercq,Neef,64 jaar,vrouw,27 april 2026,27/04/2026,14/06/2018,°24/11/1961,61.11.24-400.44,3-79378-86-006,BE61363783967043,4432806346157175,Brouwersstraat 252,2440,Geel,013 98 55 46,+32 (0)493/11.46.68,lore.debacker@skynet.be,https://www.azvesalius.be,AZ Vesalius,Gastro-enterologie,lichte chronische niet specifieke colitis,ziekte van Parkinson,Snellen 1,M. Supraspinatus,Asaflow 80 mg,Cose protect,boomstructuur van de bronchi,100 e/ml 3 ml,antec.,Painful arc beiderzijds +,,False,patient,patiente,mevrouw,zij,haar,"{'INSZ': 'dotted', 'RIZIV': 'dashed', 'IBAN': 'plain', 'DATE_ENCOUNTER': 'text_nl', 'DATE_VALIDATION': 'dd/mm/yyyy', 'DATE_HISTORY': 'dd/mm/yyyy', 'DOB': 'degree', 'TELEFOON': 'spaced', 'TELEFOON_MOBILE': 'intl_paren', 'STREET': 'plain', 'AGE': 'jaar'}"
CASE000078,M,50-64,flemish,Brussel-Hoofdstad,Brussel,urban,Marc Dubois,dr. Cem Demir,dr. Lieve Coppens,Marc Mertens,Vader,57-jarige,man,17 april 2026,17/04/2026,17-06-2020,º24/10/1968,68.10.24-249.44,8-35363-01-006,BE61 1890 4025 9118,4262582739021964,Nieuwlei 50,1030,Schaarbeek,055 56 51 98,0456279705,marc.dubois@skynet.be,https://www.algemeenziekenhuissintlucas.be,Algemeen Ziekenhuis Sint-Lucas,Nefrologie,chronische nierinsufficientie stadium 3,ziekte van Von Willebrand,Romberg negatief,m. Infraspinatus,Asaflow 80 mg,Asaflow 80 mg,peervormige galblaas,1/w,OD,full range of motion,,False,patient,patient,de heer,hij,zijn,"{'INSZ': 'dotted', 'RIZIV': 'dashed', 'IBAN': 'grouped', 'DATE_ENCOUNTER': 'text_nl', 'DATE_VALIDATION': 'dd/mm/yyyy', 'DATE_HISTORY': 'dd-mm-yyyy', 'DOB': 'masc_ordinal', 'TELEFOON': 'spaced', 'TELEFOON_MOBILE': 'plain', 'STREET': 'plain', 'AGE': 'jarige'}"
CASE000079,F,65-79,maghrebi,Antwerpen,Vlaanderen,town,Ilham Idrissi,dr. Marc Van Acker,dr. Katrien Declercq,Sara Rahmani,Dochter,72 jaar,vrouw,23/4/2026,23 apr 2026,11-08-2023,°2/3/1954,54.03.02-098.27,7-48985-49-018,BE47836929057102,4137995635315319,Lindedries 107,2300,Turnhout,04 436 45 97,0497 06 68 22,ilham.idrissi@skynet.be,https://www.jessaziekenhuis.be,Jessa Ziekenhuis,Gastro-enterologie,anale fissuur,syndroom van Cushing,Phalen-test,M. Supraspinatus,Sipralexa 20 mg,L-thyroxine 50 mcg,geel verkleurde sclerae,100 e/ml 3 ml,nle,Painful arc beiderzijds +,,False,patient,patiente,mevrouw,zij,haar,"{'INSZ': 'dotted', 'RIZIV': 'dashed', 'IBAN': 'plain', 'DATE_ENCOUNTER': 'd/m/yyyy', 'DATE_VALIDATION': 'text_abbr', 'DATE_HISTORY': 'dd-mm-yyyy', 'DOB': 'degree', 'TELEFOON': 'spaced', 'TELEFOON_MOBILE': 'spaced', 'STREET': 'plain', 'AGE': 'jaar'}"
CASE000080,M,18-34,flemish,Antwerpen,Vlaanderen,town,Pieter Declercq,dr. Sofie Dubois,dr. Stijn Mertens,Pieter Vermeulen,Oom,32-jarige,man,2026-05-07,07/05/2026,11-11-2015,°26 november 1993,93 11 26 627 41,2-78190-06-007,BE03451342970503,4318063254310748,Gaverkaai 243/4,2200,Herentals,+32 14 90 60 07,0489/04.54.67,pieter.declercq@skynet.be,https://www.uznikolaas.be,UZ Nikolaas,Fysische Geneeskunde en revalidatie,subacromiale bursitis,syndroom van Cushing,Romberg negatief,M. Biceps caput longum,Pantomed 40 mg,Pantomed 40 mg,peervormige galblaas,T 37.2,antec.,blurr-test,,False,patient,patient,de heer,hij,zijn,"{'INSZ': 'spaced', 'RIZIV': 'dashed', 'IBAN': 'plain', 'DATE_ENCOUNTER': 'yyyy-mm-dd', 'DATE_VALIDATION': 'dd/mm/yyyy', 'DATE_HISTORY': 'dd-mm-yyyy', 'DOB': 'degree', 'TELEFOON': 'intl', 'TELEFOON_MOBILE': 'slash_dot', 'STREET': 'slash', 'AGE': 'jarige'}"
CASE000081,F,35-49,maghrebi,Vlaams-Brabant,Vlaanderen,town,Leila Bouzid,dr. Tine Wouters,dr. Yassine Benali,Mehdi El Amrani,Zoon,42 jaar,vrouw,15-04-2026,16 apr 2026,13.10.2015,º07/06/1984,84.06.07 634 89,1-42859-22-018,BE53 1905 5237 8779,4847951371162416,Oudekaai 71/16,1800,Vilvoorde,019 55 48 64,0484/44.57.62,leila.bouzid@telenet.be,https://www.azturnhout.be,AZ Turnhout,Orthopedie,carpaal tunnelsyndroom,ziekte van Parkinson,Schirmer-test,m. Infraspinatus,Lyumjev kwikpen,Injectafer 1000 mg,peervormige galblaas,12u,co,watchful waiting,,False,patient,patient,mevrouw,zij,haar,"{'INSZ': 'mixed', 'RIZIV': 'dashed', 'IBAN': 'grouped', 'DATE_ENCOUNTER': 'dd-mm-yyyy', 'DATE_VALIDATION': 'text_abbr', 'DATE_HISTORY': 'dd.mm.yyyy', 'DOB': 'masc_ordinal', 'TELEFOON': 'spaced', 'TELEFOON_MOBILE': 'slash_dot', 'STREET': 'slash', 'AGE': 'jaar'}"
CASE000082,M,50-64,flemish,West-Vlaanderen,Vlaanderen,town,Filip Declercq,dr. Luc Peeters,dr. Rafael Garcia,Veerle Van Damme,Nicht,60 jaar,man,16/04/2026,18/04/2026,10/2019,°06/04/1966,66.04.06-581.71,2-38364-62-008,BE68868320999108,4552578284106720,Wilgenbaan 248,8900,Ieper,015-22 23 10,0491/16.56.33,filip.declercq@gmail.com,https://www.kliniekmariamiddelares.be,Kliniek Maria Middelares,NKO,chronische rhinosinusitis,ziekte van Graves,Jaeger transfertest,M. Biceps caput longum,Diltiazemzalf 2%,Ventolin aerosol,molaire zwangerschap uitgesloten,FEV1/FVC 73.17,OD,full range of motion,,False,patient,patient,de heer,hij,zijn,"{'INSZ': 'dotted', 'RIZIV': 'dashed', 'IBAN': 'plain', 'DATE_ENCOUNTER': 'dd/mm/yyyy', 'DATE_VALIDATION': 'dd/mm/yyyy', 'DATE_HISTORY': 'm/yyyy', 'DOB': 'degree', 'TELEFOON': 'dashed', 'TELEFOON_MOBILE': 'slash_dot', 'STREET': 'plain', 'AGE': 'jaar'}"
CASE000083,F,80-95,turkish,Limburg,Vlaanderen,town,Elif Yilmaz,dr. Jonas Peeters,dr. Pieter Lambert,Merve Korkmaz,Moeder,84 jaar,vrouw,14 mei 2026,15-05-2026,17/08/2023,º04-11-1941,41.11.04-870.45,56709663004,BE60566831914534,4629912347851965,Brouwerskaai 252/14,3800,Sint-Truiden,+32 4 554 78 13,0487 94 53 56,elif.yilmaz@telenet.be,https://www.jessaziekenhuis.be,Jessa Ziekenhuis,Gynaecologie,endometriose,ziekte van Von Willebrand,Phalen-test,m. Deltoideus,Depakine chrono 500 mg,Toujeo solostar,beers-teken afwezig,25 000 ie,PPI,blurr-test,,False,patient,patiente,mevrouw,zij,haar,"{'INSZ': 'dotted', 'RIZIV': 'plain', 'IBAN': 'plain', 'DATE_ENCOUNTER': 'text_abbr', 'DATE_VALIDATION': 'dd-mm-yyyy', 'DATE_HISTORY': 'dd/mm/yyyy', 'DOB': 'masc_ordinal', 'TELEFOON': 'intl', 'TELEFOON_MOBILE': 'spaced', 'STREET': 'slash', 'AGE': 'jaar'}"
CASE000084,M,35-49,flemish,Oost-Vlaanderen,Vlaanderen,rural,Jonas De Clercq,dr. Wim Wouters,dr. Griet Declercq,Tine Willems,Dochter,43-jarige,man,2026-04-14,16/04/2026,29/12/2022,°05/01/1983,83.01.05 505 28,1 69966 75 018,BE37 5307 7663 5872,4219285544518950,Bakkerpad 244C,9600,Ronse,014520456,0484/06.37.37,jonas.declercq@skynet.be,https://www.azalma.be,AZ Alma,Nefrologie,chronische nierinsufficientie stadium 3,ziekte van Von Willebrand,Jaeger transfertest,V. Saphena magna,Nexiam 20 mg,Progor retard 180 mg,lintvormige stoelgang,3x,OS,blurr-test,,False,patient,patient,de heer,hij,zijn,"{'INSZ': 'mixed', 'RIZIV': 'spaced', 'IBAN': 'grouped', 'DATE_ENCOUNTER': 'yyyy-mm-dd', 'DATE_VALIDATION': 'dd/mm/yyyy', 'DATE_HISTORY': 'dd/mm/yyyy', 'DOB': 'degree', 'TELEFOON': 'plain', 'TELEFOON_MOBILE': 'slash_dot', 'STREET': 'letter', 'AGE': 'jarige'}"
CASE000085,F,18-34,central_african,Oost-Vlaanderen,Vlaanderen,town,Esther Kabongo,dr. Jan Van Damme,dr. Lieve De Clercq,Gaston Ilunga,Grootvader,25 jaar,vrouw,2026-05-27,29/05/2026,20 september 2016,º21/08/2000,00.08.21-878.32,8-27967-25-006,BE48 2520 6324 3203,4012495528938913,Vijverweg 108,9200,Dendermonde,+32 2 714 01 40,0499157726,esther.kabongo@telenet.be,https://www.azklina.be,AZ Klina,Pneumologie,obstructief slaapapneusyndroom,manoeuvre van Valsalva,Snellen 1,V. Saphena magna,Lambipol 100 mg,Lambipol 100 mg,hamstringletsel links,8u,z.n.,Painful arc beiderzijds +,,False,patient,patiente,mevrouw,zij,haar,"{'INSZ': 'dotted', 'RIZIV': 'dashed', 'IBAN': 'grouped', 'DATE_ENCOUNTER': 'yyyy-mm-dd', 'DATE_VALIDATION': 'dd/mm/yyyy', 'DATE_HISTORY': 'text_nl', 'DOB': 'masc_ordinal', 'TELEFOON': 'intl', 'TELEFOON_MOBILE': 'plain', 'STREET': 'plain', 'AGE': 'jaar'}"
CASE000086,M,18-34,southern_european,West-Vlaanderen,Vlaanderen,town,Rafael Ferrari,dr. Bart Lambert,dr. Ioana Kaminski,Rafael Esposito,Vader,24 jaar,man,21 mei 2026,23-05-2026,25.04.2024,°6 juni 2001,01.06.06-571.20,85721571003,BE08 3568 3553 7800,4121535396136740,Gaverdreef 198,8900,Ieper,02/752.07.16,0495 86 10 15,rafael.ferrari@proximus.be,https://www.ziekenhuisdamiaan.be,Ziekenhuis Damiaan,Cardiologie,boezemfibrilleren,ziekte van Dupuytren,Bristol-schaal type 4,A. Radialis,Progor retard 180 mg,Injectafer 1000 mg,as 165 graden,100 e/ml 3 ml,co,SSp testen positief,,False,patient,patient,de heer,hij,zijn,"{'INSZ': 'dotted', 'RIZIV': 'plain', 'IBAN': 'grouped', 'DATE_ENCOUNTER': 'text_abbr', 'DATE_VALIDATION': 'dd-mm-yyyy', 'DATE_HISTORY': 'dd.mm.yyyy', 'DOB': 'degree', 'TELEFOON': 'slash_dot', 'TELEFOON_MOBILE': 'spaced', 'STREET': 'plain', 'AGE': 'jaar'}"
CASE000087,F,50-64,flemish,Antwerpen,Vlaanderen,rural,Lieve Jaeger,dr. Grace Ilunga,dr. Lieve De Smet,Luc Verhoeven,Vader,51-jarige,vrouw,29 april 2026,29-04-2026,27/06/2022,°29/9/1974,74 09 29 268 91,6-68787-28-018,BE69 9483 6950 2093,4828064796954509,Dorplaan 221,2860,Sint-Katelijne-Waver,+32 15 76 24 67,0491/86.62.84,lieve.jaeger@telenet.be,https://www.kliniekdevoorzorg.be,Kliniek De Voorzorg,Orthopedie,gonartrose bilateraal,manoeuvre van Valsalva,Snellen 1,M. Subscapularis,Progor retard 180 mg,Progor retard 180 mg,beeld passend bij bursitis,FEV1/FVC 73.17,OS,full range of motion,,True,patient,patiente,mevrouw,zij,haar,"{'INSZ': 'spaced', 'RIZIV': 'dashed', 'IBAN': 'grouped', 'DATE_ENCOUNTER': 'text_nl', 'DATE_VALIDATION': 'dd-mm-yyyy', 'DATE_HISTORY': 'dd/mm/yyyy', 'DOB': 'degree', 'TELEFOON': 'intl', 'TELEFOON_MOBILE': 'slash_dot', 'STREET': 'plain', 'AGE': 'jarige'}"
CASE000088,M,35-49,flemish,Vlaams-Brabant,Vlaanderen,urban,Tom De Smet,dr. Jonas Jacobs,dr. Wouter Janssens,Tine Wouters,Tante,40 jaar,man,14 april 2026,15/4/2026,22/02/2019,°10 mei 1986,86051038787,6-98059-50-030,BE79 6284 5001 4451,4419876351484688,Langepark 52,3000,Leuven,02/834.40.49,+32 477 79 95 11,tom.desmet@proximus.be,https://www.azdelta.be,AZ Delta,Gastro-enterologie,lichte chronische niet specifieke colitis,syndroom van Sjogren,Phalen-test,A. Radialis,Metformine viatris 500 mg,Trianal suppo,beers-teken afwezig,25 000 ie,z.n.,blurr-test,,False,patient,patient,de heer,hij,zijn,"{'INSZ': 'plain', 'RIZIV': 'dashed', 'IBAN': 'grouped', 'DATE_ENCOUNTER': 'text_nl', 'DATE_VALIDATION': 'd/m/yyyy', 'DATE_HISTORY': 'dd/mm/yyyy', 'DOB': 'degree', 'TELEFOON': 'slash_dot', 'TELEFOON_MOBILE': 'intl', 'STREET': 'plain', 'AGE': 'jaar'}"
CASE000089,F,50-64,southern_european,Oost-Vlaanderen,Vlaanderen,urban,Carmela Fernandez,dr. Els Verhoeven,dr. Lieve Goossens,Ana Garcia,Nicht,58,vrouw,2026-05-08,08-05-2026,11-09-2018,º21-08-1967,67.08.21-274.74,9-63723-69-008,BE58 1788 6839 1226,4159416516231981,Wilgenbaan 208,9000,Gent,016242044,0475/82.05.92,carmela.fernandez@telenet.be,https://www.azturnhout.be,AZ Turnhout,Reumatologie,osteoporose,teken van Lasegue,Bristol-schaal type 4,V. Saphena magna,Metformine viatris 500 mg,Injectafer 1000 mg,geel verkleurde sclerae,18u,ESWT,shared decision making,,False,patient,patiente,mevrouw,zij,haar,"{'INSZ': 'dotted', 'RIZIV': 'dashed', 'IBAN': 'grouped', 'DATE_ENCOUNTER': 'yyyy-mm-dd', 'DATE_VALIDATION': 'dd-mm-yyyy', 'DATE_HISTORY': 'dd-mm-yyyy', 'DOB': 'masc_ordinal', 'TELEFOON': 'plain', 'TELEFOON_MOBILE': 'slash_dot', 'STREET': 'plain', 'AGE': 'bare'}"
CASE000090,M,35-49,maghrebi,West-Vlaanderen,Vlaanderen,rural,Bilal Ouazzani,dr. Femke Vermeulen,dr. Lode De Backer,Hamza El Fassi,Vader,44-jarige,man,28-04-2026,30-04-2026,1/2023,°8 februari 1982,82020848739,85043561018,BE65 3385 3518 6489,4560417765612486,Dorplaan 28,8600,Diksmuide,03-760 64 41,+32 (0)498/30.38.26,bilal.ouazzani@telenet.be,https://www.uzonzelievevrouw.be,UZ Onze-Lieve-Vrouw,Reumatologie,osteoporose,ziekte van Graves,Phalen-test,V. Saphena magna,Ozempic 1 mg,Pantomed 40 mg,beeld passend bij bursitis,2/d,NSAID,watchful waiting,,False,patient,patient,de heer,hij,zijn,"{'INSZ': 'plain', 'RIZIV': 'plain', 'IBAN': 'grouped', 'DATE_ENCOUNTER': 'dd-mm-yyyy', 'DATE_VALIDATION': 'dd-mm-yyyy', 'DATE_HISTORY': 'm/yyyy', 'DOB': 'degree', 'TELEFOON': 'dashed', 'TELEFOON_MOBILE': 'intl_paren', 'STREET': 'plain', 'AGE': 'jarige'}"
CASE000091,F,50-64,flemish,Limburg,Vlaanderen,rural,Veerle Jacobs,dr. Koen Dubois,dr. Stijn Willems,Jonas Claes,Zoon,50-jarige,vrouw,02-05-2026,03-05-2026,30/09/2023,°24-07-1975,75.07.24-906.95,69809712007,BE94 7110 6847 1850,4393436262044392,Lindesteenweg 237,3630,Maasmechelen,013 08 67 71,+32 476 24 34 36,veerle.jacobs@gmail.com,https://www.kliniekrivierenland.be,Kliniek Rivierenland,Gastro-enterologie,refluxoesofagitis graad B,syndroom van Sjogren,teken van Tinel,lig. Collaterale mediale,D-cure 25 000 ie,Asaflow 80 mg,lintvormige stoelgang,1 a 2 /d,OS,watchful waiting,,False,patient,patiente,mevrouw,zij,haar,"{'INSZ': 'dotted', 'RIZIV': 'plain', 'IBAN': 'grouped', 'DATE_ENCOUNTER': 'dd-mm-yyyy', 'DATE_VALIDATION': 'dd-mm-yyyy', 'DATE_HISTORY': 'dd/mm/yyyy', 'DOB': 'degree', 'TELEFOON': 'spaced', 'TELEFOON_MOBILE': 'intl', 'STREET': 'plain', 'AGE': 'jarige'}"
CASE000092,M,18-34,maghrebi,Vlaams-Brabant,Vlaanderen,rural,Youssef El Amrani,dr. Lode Lambert,dr. Piotr Ionescu,Samira Rahmani,Tante,30-jarige,man,20/05/2026,22 mei 2026,17 mei 2025,°4 aug 1995,95.08.04-505.68,4-55652-54-480,BE17 0950 5587 0600,4203207427617079,Kasteelring 222 bus 15,3200,Aarschot,+32 4 948 56 25,+32 (0)488/97.19.71,youssef.elamrani@proximus.be,https://www.ziekenhuissintjozef.be,Ziekenhuis Sint-Jozef,Neurologie,migraine met aura,syndroom van Cushing,Glasgow Coma Scale 15,lig. Collaterale mediale,Pantomed 40 mg,Injectafer 1000 mg,geel verkleurde sclerae,pH 7.38,PPI,Painful arc beiderzijds +,,False,patient,patient,de heer,hij,zijn,"{'INSZ': 'dotted', 'RIZIV': 'dashed', 'IBAN': 'grouped', 'DATE_ENCOUNTER': 'dd/mm/yyyy', 'DATE_VALIDATION': 'text_nl', 'DATE_HISTORY': 'text_abbr', 'DOB': 'degree', 'TELEFOON': 'intl', 'TELEFOON_MOBILE': 'intl_paren', 'STREET': 'bus', 'AGE': 'jarige'}"
CASE000093,F,18-34,flemish,Oost-Vlaanderen,Vlaanderen,town,Marleen Coppens,dr. Rik Coppens,dr. Tom Van Damme,Jan De Smet,Zoon,27,vrouw,3/5/2026,4 mei 2026,03-03-2019,°1999-03-10,99031033213,2-61245-73-003,BE04502859337581,4610326642147642,Meersdries 138,9100,Sint-Niklaas,+32 89 23 04 50,0490/77.48.11,marleen.coppens@skynet.be,https://www.azrivierenland.be,AZ Rivierenland,Gastro-enterologie,coeliakie,ziekte van Graves,Bristol-schaal type 4,m. Infraspinatus,Progor retard 180 mg,Ventolin aerosol,boomstructuur van de bronchi,100 e/ml 3 ml,tvv,full range of motion,,False,patient,patiente,mevrouw,zij,haar,"{'INSZ': 'plain', 'RIZIV': 'dashed', 'IBAN': 'plain', 'DATE_ENCOUNTER': 'd/m/yyyy', 'DATE_VALIDATION': 'text_abbr', 'DATE_HISTORY': 'dd-mm-yyyy', 'DOB': 'degree', 'TELEFOON': 'intl', 'TELEFOON_MOBILE': 'slash_dot', 'STREET': 'plain', 'AGE': 'bare'}"
CASE000094,M,50-64,flemish,West-Vlaanderen,Vlaanderen,urban,Bart Vermeulen,dr. Femke Goossens,dr. Ismail El Fassi,Katrien De Smet,Grootmoeder,56 jaar,man,01-05-2026,01-05-2026,12-08-2015,°7 november 1969,69110713121,8 17555 58 008,BE56 2741 9731 7651,4945232194168000,Bakkerlei 25,8000,Brugge,02 801 72 26,0486903840,bart.vermeulen@gmail.com,https://www.ziekenhuissintjozef.be,Ziekenhuis Sint-Jozef,Cardiologie,boezemfibrilleren,ziekte van Crohn,Snellen 1,M. Subscapularis,Ibuprofen 400 mg,Injectafer 1000 mg,lintvormige stoelgang,T 37.2,antec.,shared decision making,,False,patient,patient,de heer,hij,zijn,"{'INSZ': 'plain', 'RIZIV': 'spaced', 'IBAN': 'grouped', 'DATE_ENCOUNTER': 'dd-mm-yyyy', 'DATE_VALIDATION': 'dd-mm-yyyy', 'DATE_HISTORY': 'dd-mm-yyyy', 'DOB': 'degree', 'TELEFOON': 'spaced', 'TELEFOON_MOBILE': 'plain', 'STREET': 'plain', 'AGE': 'jaar'}"
CASE000095,F,65-79,flemish,West-Vlaanderen,Vlaanderen,urban,Nele Maes,dr. Kris Jacobs,dr. Patrick Nkosi,Leen Vermeulen,Zus,76-jarige,vrouw,16/05/2026,16 mei 2026,14-06-2022,°04/08/1949,49.08.04-120.69,2-74174-45-006,BE19 7719 7218 6986,4080695814671790,Hoevepark 242B,8000,Brugge,055 67 99 84,+32 485 62 65 75,nele.maes@proximus.be,https://www.uzmariamiddelares.be,UZ Maria Middelares,Gynaecologie,myomateuze uterus,syndroom van Guillain-Barre,Phalen-test,M. Biceps caput longum,Toujeo solostar,Nexiam 20 mg,boomstructuur van de bronchi,100 e/ml 3 ml,i.o.m.,full range of motion,,False,patient,patiente,mevrouw,zij,haar,"{'INSZ': 'dotted', 'RIZIV': 'dashed', 'IBAN': 'grouped', 'DATE_ENCOUNTER': 'dd/mm/yyyy', 'DATE_VALIDATION': 'text_nl', 'DATE_HISTORY': 'dd-mm-yyyy', 'DOB': 'degree', 'TELEFOON': 'spaced', 'TELEFOON_MOBILE': 'intl', 'STREET': 'letter', 'AGE': 'jarige'}"
CASE000096,M,18-34,southern_european,West-Vlaanderen,Vlaanderen,town,Antonio Garcia,dr. Iwona Wisniewski,dr. Amina Alaoui,Carmela Ferrari,Zus,28 jaar,man,22/05/2026,23-05-2026,21/4/2020,°03/07/1997,97 07 03 049 07,1 19011 08 018,BE91 2872 5130 4451,4918081213524781,Marktplein 90 bus 4,8800,Roeselare,+32 4 508 42 89,0496-06 56 58,antonio.garcia@gmail.com,https://www.uzdevoorzorg.be,UZ De Voorzorg,Nefrologie,chronische nierinsufficientie stadium 3,syndroom van Cushing,Humphrey - perimetrie,M. Subscapularis,Ibuprofen 400 mg,Progor retard 180 mg,molaire zwangerschap uitgesloten,1 a 2 /d,ESWT,shared decision making,,False,patient,patient,de heer,hij,zijn,"{'INSZ': 'spaced', 'RIZIV': 'spaced', 'IBAN': 'grouped', 'DATE_ENCOUNTER': 'dd/mm/yyyy', 'DATE_VALIDATION': 'dd-mm-yyyy', 'DATE_HISTORY': 'd/m/yyyy', 'DOB': 'degree', 'TELEFOON': 'intl', 'TELEFOON_MOBILE': 'dashed', 'STREET': 'bus', 'AGE': 'jaar'}"
CASE000097,F,80-95,flemish,Limburg,Vlaanderen,town,Hilde Maes,dr. Inge Declercq,dr. Adil Rahmani,Tine Vermeulen,Zus,80 jaar,vrouw,29/04/2026,2026-05-01,2016-11-13,°18 okt 1945,45.10.18-150.34,9 07562 67 003,BE21 8878 4544 2030,4975634108562884,Oudesteenweg 174 bus 18,3800,Sint-Truiden,+32 (0)4/668.45.50,0489/78.18.89,hilde.maes@proximus.be,https://www.azmariamiddelares.be,AZ Maria Middelares,Reumatologie,osteoporose,syndroom van Sjogren,Humphrey - perimetrie,V. Saphena magna,Diltiazemzalf 2%,Nexiam 20 mg,beers-teken afwezig,HR: 68,NSAID,Painful arc beiderzijds +,,False,patient,patient,mevrouw,zij,haar,"{'INSZ': 'dotted', 'RIZIV': 'spaced', 'IBAN': 'grouped', 'DATE_ENCOUNTER': 'dd/mm/yyyy', 'DATE_VALIDATION': 'yyyy-mm-dd', 'DATE_HISTORY': 'yyyy-mm-dd', 'DOB': 'degree', 'TELEFOON': 'intl_paren', 'TELEFOON_MOBILE': 'slash_dot', 'STREET': 'bus', 'AGE': 'jaar'}"
CASE000098,M,65-79,flemish,West-Vlaanderen,Vlaanderen,rural,Rik Janssens,dr. Sylvie Kabongo,dr. Pieter De Smet,Femke Dubois,Moeder,74 jaar,man,2026-04-21,23-04-2026,28/09/2017,°12-01-1952,52.01.12-359.89,4-13735-67-008,BE55 8618 5786 8972,4776228277288131,Groeneberg 127,8600,Diksmuide,09/273.71.58,+32 (0)490/66.99.50,rik.janssens@gmail.com,https://www.algemeenziekenhuisrivierenland.be,Algemeen Ziekenhuis Rivierenland,Oftalmologie,cataract incipiens bilateraal,syndroom van Guillain-Barre,Snellen 1,M. Subscapularis,Diltiazemzalf 2%,Progor retard 180 mg,geel verkleurde sclerae,-0.25 ^ -0.25 as 165 graden,ivm,Painful arc beiderzijds +,,False,patient,patient,de heer,hij,zijn,"{'INSZ': 'dotted', 'RIZIV': 'dashed', 'IBAN': 'grouped', 'DATE_ENCOUNTER': 'yyyy-mm-dd', 'DATE_VALIDATION': 'dd-mm-yyyy', 'DATE_HISTORY': 'dd/mm/yyyy', 'DOB': 'degree', 'TELEFOON': 'slash_dot', 'TELEFOON_MOBILE': 'intl_paren', 'STREET': 'plain', 'AGE': 'jaar'}"
CASE000099,F,50-64,flemish,West-Vlaanderen,Vlaanderen,urban,Hilde De Smet,dr. Wim Mertens,dr. Ayse Celik,Bart Van Damme,Broer,50-jarige,vrouw,21/05/2026,23.05.2026,5 december 2021,°10/04/1976,76 04 10 428 23,6 04550 51 008,BE78 4963 5117 6830,4094818139890986,Abdijberg 244,8000,Brugge,012 99 66 36,0471 85 56 94,hilde.desmet@skynet.be,https://www.znamiddelheim.be,ZNA Middelheim,Gastro-enterologie,anale fissuur,ziekte van Dupuytren,Romberg negatief,V. Saphena magna,Asaflow 80 mg,Glucagen hypokit,beers-teken afwezig,8u,RYGB,SSp testen positief,,False,patient,patiente,mevrouw,zij,haar,"{'INSZ': 'spaced', 'RIZIV': 'spaced', 'IBAN': 'grouped', 'DATE_ENCOUNTER': 'dd/mm/yyyy', 'DATE_VALIDATION': 'dd.mm.yyyy', 'DATE_HISTORY': 'text_nl', 'DOB': 'degree', 'TELEFOON': 'spaced', 'TELEFOON_MOBILE': 'spaced', 'STREET': 'plain', 'AGE': 'jarige'}"
CASE000100,M,35-49,central_african,West-Vlaanderen,Vlaanderen,rural,Christian Bope,dr. Lode Peeters,dr. Koen Peeters,Serge Mukendi,Zoon,46-jarige,man,21/05/2026,21/05/2026,6 okt 2019,°17 aug 1979,79.08.17-787.30,19398218006,BE13 7447 7858 1153,4706304891382496,Schoollaan 167,8700,Tielt,011/33.99.37,0489 49 14 34,christian.bope@gmail.com,https://www.azklina.be,AZ Klina,Gastro-enterologie,refluxoesofagitis graad B,syndroom van Guillain-Barre,Humphrey - perimetrie,V. Saphena magna,Lambipol 100 mg,Lyumjev kwikpen,molaire zwangerschap uitgesloten,0.5 mg,NSAID,shared decision making,,False,patient,patient,de heer,hij,zijn,"{'INSZ': 'dotted', 'RIZIV': 'plain', 'IBAN': 'grouped', 'DATE_ENCOUNTER': 'dd/mm/yyyy', 'DATE_VALIDATION': 'dd/mm/yyyy', 'DATE_HISTORY': 'text_abbr', 'DOB': 'degree', 'TELEFOON': 'slash_dot', 'TELEFOON_MOBILE': 'spaced', 'STREET': 'plain', 'AGE': 'jarige'}"
CASE000101,F,80-95,flemish,Limburg,Vlaanderen,town,Ann Van Peer,dr. Nele Lambert,dr. Didier Mbala,Katrien De Smet,Grootmoeder,94,vrouw,3/5/2026,05-05-2026,30/05/2024,º27-10-1931,31.10.27 900 78,55294552007,BE64 5566 7262 3827,4180715695620176,Kasteelvest 134,3600,Genk,014/09.70.02,0496/90.62.97,ann.vanpeer@proximus.be,https://www.algemeenziekenhuissintblasius.be,Algemeen Ziekenhuis Sint-Blasius,Gastro-enterologie,refluxoesofagitis graad B,syndroom van Sjogren,Romberg negatief,M. Biceps caput longum,L-thyroxine 50 mcg,Asaflow 80 mg,hamstringletsel links,BMI 20.808,i.o.m.,blurr-test,,True,patient,patiente,mevrouw,zij,haar,"{'INSZ': 'mixed', 'RIZIV': 'plain', 'IBAN': 'grouped', 'DATE_ENCOUNTER': 'd/m/yyyy', 'DATE_VALIDATION': 'dd-mm-yyyy', 'DATE_HISTORY': 'dd/mm/yyyy', 'DOB': 'masc_ordinal', 'TELEFOON': 'slash_dot', 'TELEFOON_MOBILE': 'slash_dot', 'STREET': 'plain', 'AGE': 'bare'}"
CASE000102,M,50-64,central_african,Antwerpen,Vlaanderen,rural,Blaise Mbala,dr. Jan Claes,dr. Katarzyna Ionescu,Emmanuel Mwamba,Oom,54-jarige,man,16 april 2026,18/04/2026,5/2019,°18.02.1972,72 02 18 067 46,71673595006,BE18 0719 2340 8261,4687506351903610,Groenepad 117 bus 8,2860,Sint-Katelijne-Waver,056 06 05 66,0495/66.59.63,blaise.mbala@skynet.be,https://www.algemeenziekenhuisgroeninge.be,Algemeen Ziekenhuis Groeninge,Fysische Geneeskunde en revalidatie,laterale epicondylitis rechts,syndroom van Sjogren,Jaeger transfertest,N. Medianus,Nexiam 20 mg,D-cure 25 000 ie,geel verkleurde sclerae,1/d,nle,full range of motion,,False,patient,patient,de heer,hij,zijn,"{'INSZ': 'spaced', 'RIZIV': 'plain', 'IBAN': 'grouped', 'DATE_ENCOUNTER': 'text_nl', 'DATE_VALIDATION': 'dd/mm/yyyy', 'DATE_HISTORY': 'm/yyyy', 'DOB': 'degree', 'TELEFOON': 'spaced', 'TELEFOON_MOBILE': 'slash_dot', 'STREET': 'bus', 'AGE': 'jarige'}"
CASE000103,F,50-64,eastern_european,Vlaams-Brabant,Vlaanderen,urban,Katarzyna Dimitrov,dr. Chantal Kabongo,dr. Elif Dogan,Piotr Kowalski,Vader,60-jarige,vrouw,08-05-2026,10/05/2026,27 januari 2025,°04.02.1966,66020482270,5-63385-88-003,BE24 6713 0970 6583,4091939284567972,Bakkersteenweg 53,3000,Leuven,010 76 76 99,0493/86.03.58,katarzyna.dimitrov@skynet.be,https://www.azzeepreventorium.be,AZ Zeepreventorium,Endocrinologie,type 2 diabetes mellitus,syndroom van Sjogren,Jaeger transfertest,M. Biceps caput longum,Atorstatine 20 mg,Lyumjev kwikpen,hamstringletsel links,4.95*,ivm,no evidence of malignancy,,False,patient,patiente,mevrouw,zij,haar,"{'INSZ': 'plain', 'RIZIV': 'dashed', 'IBAN': 'grouped', 'DATE_ENCOUNTER': 'dd-mm-yyyy', 'DATE_VALIDATION': 'dd/mm/yyyy', 'DATE_HISTORY': 'text_nl', 'DOB': 'degree', 'TELEFOON': 'spaced', 'TELEFOON_MOBILE': 'slash_dot', 'STREET': 'plain', 'AGE': 'jarige'}"
CASE000104,M,65-79,flemish,Antwerpen,Vlaanderen,town,Wim Van Acker,dr. An Verhoeven,dr. Marc Goossens,Els Vermeulen,Grootmoeder,69-jarige,man,16 mei 2026,16-05-2026,08/2018,°10/9/1956,56.09.10-709.36,5-90106-42-018,BE64639314509227,4739500334234258,Abdijlei 215,2300,Turnhout,016 37 56 36,0470/46.01.09,wim.vanacker@skynet.be,https://www.azonzelievevrouw.be,AZ Onze-Lieve-Vrouw,Neurologie,"epilepsie, in remissie",ziekte van Parkinson,Goldmann applanatie,M. Biceps caput longum,Toujeo solostar,Metformine viatris 500 mg,geel verkleurde sclerae,1/d,PPI,full range of motion,,False,patient,patient,de heer,hij,zijn,"{'INSZ': 'dotted', 'RIZIV': 'dashed', 'IBAN': 'plain', 'DATE_ENCOUNTER': 'text_abbr', 'DATE_VALIDATION': 'dd-mm-yyyy', 'DATE_HISTORY': 'mm/yyyy', 'DOB': 'degree', 'TELEFOON': 'spaced', 'TELEFOON_MOBILE': 'slash_dot', 'STREET': 'plain', 'AGE': 'jarige'}"
CASE000105,F,65-79,eastern_european,West-Vlaanderen,Vlaanderen,town,Ioana Dimitrov,dr. Amina Benali,dr. Kris Claes,Dimitar Dimitrov,Neef,70,vrouw,18-04-2026,18.04.2026,03-06-2015,°1956-01-10,56011060287,2-98287-85-008,BE72 1666 0001 1006,4749690333736342,Kasteelbaan 28,8800,Roeselare,012/28.68.57,0475/41.91.47,ioana.dimitrov@gmail.com,https://www.jessaziekenhuis.be,Jessa Ziekenhuis,Reumatologie,reumatoide artritis,ziekte van Bechterew,Barthel-index 90,M. Subscapularis,Progor retard 180 mg,Metformine viatris 500 mg,beers-teken afwezig,1/w,PPI,shared decision making,,False,patient,patiente,mevrouw,zij,haar,"{'INSZ': 'plain', 'RIZIV': 'dashed', 'IBAN': 'grouped', 'DATE_ENCOUNTER': 'dd-mm-yyyy', 'DATE_VALIDATION': 'dd.mm.yyyy', 'DATE_HISTORY': 'dd-mm-yyyy', 'DOB': 'degree', 'TELEFOON': 'slash_dot', 'TELEFOON_MOBILE': 'slash_dot', 'STREET': 'plain', 'AGE': 'bare'}"
CASE000106,M,50-64,flemish,West-Vlaanderen,Vlaanderen,town,Rik Vermeulen,dr. Tine Lambert,dr. Mireille Lumumba,Tom Wouters,Oom,55,man,6/5/2026,06/05/2026,30 juni 2022,º21 mei 1971,71.05.21-081.39,9-24047-72-008,BE79 2530 8784 5303,4333738987751539,Langedreef 37 bus 5,8800,Roeselare,03-840 44 56,0456 74 96 83,rik.vermeulen@gmail.com,https://www.algemeenziekenhuisdevoorzorg.be,Algemeen Ziekenhuis De Voorzorg,Gastro-enterologie,status na gastric bypass (RYGB),ziekte van Dupuytren,Phalen-test,M. Supraspinatus,Pantomed 40 mg,Pantomed 40 mg,beers-teken afwezig,1/d,i.o.m.,blurr-test,,False,patient,patient,de heer,hij,zijn,"{'INSZ': 'dotted', 'RIZIV': 'dashed', 'IBAN': 'grouped', 'DATE_ENCOUNTER': 'd/m/yyyy', 'DATE_VALIDATION': 'dd/mm/yyyy', 'DATE_HISTORY': 'text_nl', 'DOB': 'masc_ordinal', 'TELEFOON': 'dashed', 'TELEFOON_MOBILE': 'spaced', 'STREET': 'bus', 'AGE': 'bare'}"
CASE000107,F,18-34,flemish,Limburg,Vlaanderen,rural,Veerle Vermeulen,dr. Meryem El Habti,dr. Marc Mertens,Geert Van den Berghe,Zoon,18 jaar,vrouw,03/05/2026,3 mei 2026,18-10-2019,°30/06/2007,07 06 30 584 92,57346992008,BE69 1850 8406 2952,4632346729949383,Langeplein 17,3900,Pelt,+32 (0)56/05.80.25,0486 50 20 14,veerle.vermeulen@gmail.com,https://www.klinieksintvincentius.be,Kliniek Sint-Vincentius,Oftalmologie,geen diabetische retinopathie,syndroom van Raynaud,Goldmann applanatie,M. Biceps caput longum,Lyumjev kwikpen,Pantomed 40 mg,geel verkleurde sclerae,2cc,PTO,no evidence of malignancy,,False,patient,patiente,mevrouw,zij,haar,"{'INSZ': 'spaced', 'RIZIV': 'plain', 'IBAN': 'grouped', 'DATE_ENCOUNTER': 'dd/mm/yyyy', 'DATE_VALIDATION': 'text_abbr', 'DATE_HISTORY': 'dd-mm-yyyy', 'DOB': 'degree', 'TELEFOON': 'intl_paren', 'TELEFOON_MOBILE': 'spaced', 'STREET': 'plain', 'AGE': 'jaar'}"
CASE000108,M,50-64,flemish,Vlaams-Brabant,Vlaanderen,town,Luc De Clercq,dr. Nele Van Acker,dr. Serge Nkosi,Koen De Clercq,Grootvader,57-jarige,man,16 apr 2026,16 apr 2026,28-11-2017,º21/08/1968,68082196979,1-45785-06-007,BE25957286112843,4636004125777116,Schoolpad 150 bus 13,1500,Halle,02/856.72.43,+32 487 03 09 81,luc.declercq@skynet.be,https://www.kliniekdamiaan.be,Kliniek Damiaan,Neurologie,perifere polyneuropathie,syndroom van Cushing,Romberg negatief,M. Subscapularis,Injectafer 1000 mg,Metformine viatris 500 mg,peervormige galblaas,8u,RYGB,no evidence of malignancy,,False,patient,patient,de heer,hij,zijn,"{'INSZ': 'plain', 'RIZIV': 'dashed', 'IBAN': 'plain', 'DATE_ENCOUNTER': 'text_abbr', 'DATE_VALIDATION': 'text_abbr', 'DATE_HISTORY': 'dd-mm-yyyy', 'DOB': 'masc_ordinal', 'TELEFOON': 'slash_dot', 'TELEFOON_MOBILE': 'intl', 'STREET': 'bus', 'AGE': 'jarige'}"
CASE000109,F,35-49,turkish,Vlaams-Brabant,Vlaanderen,town,Ayse Kaya,dr. Kris Janssens,dr. Angelo Rossi,Elif Arslan,Grootmoeder,43-jarige,vrouw,30 april 2026,30/4/2026,27/01/2019,º14/03/1983,83.03.14-786.73,3-11537-27-007,BE93 9980 4149 9408,4331552065063739,Eikenkaai 47,1800,Vilvoorde,015 20 68 15,0493-24 79 26,ayse.kaya@telenet.be,https://www.azalma.be,AZ Alma,Pneumologie,obstructief slaapapneusyndroom,ziekte van Hashimoto,Schirmer-test,N. Medianus,Atorstatine 20 mg,D-cure 25 000 ie,boomstructuur van de bronchi,3x,OD,shared decision making,,False,patient,patiente,mevrouw,zij,haar,"{'INSZ': 'dotted', 'RIZIV': 'dashed', 'IBAN': 'grouped', 'DATE_ENCOUNTER': 'text_nl', 'DATE_VALIDATION': 'd/m/yyyy', 'DATE_HISTORY': 'dd/mm/yyyy', 'DOB': 'masc_ordinal', 'TELEFOON': 'spaced', 'TELEFOON_MOBILE': 'dashed', 'STREET': 'plain', 'AGE': 'jarige'}"
CASE000110,M,80-95,maghrebi,Antwerpen,Vlaanderen,rural,Rachid Bennani,dr. Lieve Dubois,dr. Lore Maes,Nabil Idrissi,Grootvader,83-jarige,man,26/04/2026,28/04/2026,14/06/2017,º31.08.1942,42.08.31-239.60,1-22243-74-004,BE47 2590 2453 2514,4803396852701716,Bakkerbaan 41,2400,Mol,052245086,+32 (0)479/96.03.29,rachid.bennani@skynet.be,https://www.jessaziekenhuis.be,Jessa Ziekenhuis,Neurologie,perifere polyneuropathie,ziekte van Von Willebrand,Bristol-schaal type 4,M. Subscapularis,Lambipol 100 mg,Lyumjev kwikpen,geel verkleurde sclerae,8u,z.n.,shared decision making,,False,patient,patient,de heer,hij,zijn,"{'INSZ': 'dotted', 'RIZIV': 'dashed', 'IBAN': 'grouped', 'DATE_ENCOUNTER': 'dd/mm/yyyy', 'DATE_VALIDATION': 'dd/mm/yyyy', 'DATE_HISTORY': 'dd/mm/yyyy', 'DOB': 'masc_ordinal', 'TELEFOON': 'plain', 'TELEFOON_MOBILE': 'intl_paren', 'STREET': 'plain', 'AGE': 'jarige'}"
CASE000111,F,18-34,flemish,Limburg,Vlaanderen,rural,Ann Goossens,dr. Jonas De Smet,dr. Stijn Van Damme,Geert Van den Berghe,Zoon,34,vrouw,28/04/2026,2026-04-29,13/01/2021,°10-10-1991,91 10 10 160 66,9 59416 11 480,BE19 8376 0371 0648,4567491601692369,Smidhof 43B,3630,Maasmechelen,09 152 73 23,0489/93.92.47,ann.goossens@proximus.be,https://www.klinieknikolaas.be,Kliniek Nikolaas,Fysische Geneeskunde en revalidatie,bekkenbodemhypertonie,ziekte van Dupuytren,teken van Tinel,V. Saphena magna,Injectafer 1000 mg,Ibuprofen 400 mg,molaire zwangerschap uitgesloten,T 37.2,PRP,watchful waiting,,False,patient,patiente,mevrouw,zij,haar,"{'INSZ': 'spaced', 'RIZIV': 'spaced', 'IBAN': 'grouped', 'DATE_ENCOUNTER': 'dd/mm/yyyy', 'DATE_VALIDATION': 'yyyy-mm-dd', 'DATE_HISTORY': 'dd/mm/yyyy', 'DOB': 'degree', 'TELEFOON': 'spaced', 'TELEFOON_MOBILE': 'slash_dot', 'STREET': 'letter', 'AGE': 'bare'}"
CASE000112,M,50-64,flemish,West-Vlaanderen,Vlaanderen,urban,Jan Declercq,dr. Lieve Wouters,dr. Jan Jacobs,Nele Van den Berghe,Nicht,53-jarige,man,23/05/2026,25-05-2026,22 augustus 2015,º24/05/1973,73 05 24 259 07,8 25443 27 008,BE89723844587932,4223728179323026,Smidlei 211,8000,Brugge,+32 9 402 70 11,0486 67 53 83,jan.declercq@skynet.be,https://www.azturnhout.be,AZ Turnhout,NKO,chronische rhinosinusitis,syndroom van Raynaud,Phalen-test,lig. Collaterale mediale,Ibuprofen 400 mg,Trianal suppo,geel verkleurde sclerae,FEV1/FVC 73.17,NSAID,Painful arc beiderzijds +,,False,patient,patient,de heer,hij,zijn,"{'INSZ': 'spaced', 'RIZIV': 'spaced', 'IBAN': 'plain', 'DATE_ENCOUNTER': 'dd/mm/yyyy', 'DATE_VALIDATION': 'dd-mm-yyyy', 'DATE_HISTORY': 'text_nl', 'DOB': 'masc_ordinal', 'TELEFOON': 'intl', 'TELEFOON_MOBILE': 'spaced', 'STREET': 'plain', 'AGE': 'jarige'}"
CASE000113,F,35-49,flemish,Oost-Vlaanderen,Vlaanderen,rural,Leen Jacobs,dr. An Coppens,dr. Emre Sahin,Nele Van Acker,Moeder,39,vrouw,11-05-2026,12/05/2026,03-07-2020,°1987-05-23,87.05.23-380.16,8-14982-12-018,BE65 3478 8996 7854,4505057397691561,Eikenwal 205 bus 1,9600,Ronse,014/09.18.43,0492/87.84.60,leen.jacobs@gmail.com,https://www.algemeenziekenhuisheilighart.be,Algemeen Ziekenhuis Heilig Hart,Gynaecologie,endometriose,ziekte van Hashimoto,Humphrey - perimetrie,A. Radialis,Nexiam 20 mg,Trianal suppo,boomstructuur van de bronchi,T 37.2,PPI,shared decision making,,False,patient,patiente,mevrouw,zij,haar,"{'INSZ': 'dotted', 'RIZIV': 'dashed', 'IBAN': 'grouped', 'DATE_ENCOUNTER': 'dd-mm-yyyy', 'DATE_VALIDATION': 'dd/mm/yyyy', 'DATE_HISTORY': 'dd-mm-yyyy', 'DOB': 'degree', 'TELEFOON': 'slash_dot', 'TELEFOON_MOBILE': 'slash_dot', 'STREET': 'bus', 'AGE': 'bare'}"
CASE000114,M,50-64,maghrebi,Antwerpen,Vlaanderen,town,Ismail El Habti,dr. Nadine Kalala,dr. Ioana Popescu,Amina Benali,Nicht,63,man,27 mei 2026,2026-05-27,12/3/2022,°28-05-1963,63.05.28-737.72,37014309480,BE97987634188819,4952569040983664,Korteweg 252,2200,Herentals,054 86 33 41,0473114394,ismail.elhabti@proximus.be,https://www.ziekenhuissintrembert.be,Ziekenhuis Sint-Rembert,Reumatologie,osteoporose,ziekte van Dupuytren,teken van Tinel,M. Subscapularis,Ventolin aerosol,Paracetamol 1 g,boomstructuur van de bronchi,3x/week,antec.,Painful arc beiderzijds +,,False,patient,patient,de heer,hij,zijn,"{'INSZ': 'dotted', 'RIZIV': 'plain', 'IBAN': 'plain', 'DATE_ENCOUNTER': 'text_abbr', 'DATE_VALIDATION': 'yyyy-mm-dd', 'DATE_HISTORY': 'd/m/yyyy', 'DOB': 'degree', 'TELEFOON': 'spaced', 'TELEFOON_MOBILE': 'plain', 'STREET': 'plain', 'AGE': 'bare'}"
CASE000115,F,50-64,central_african,Antwerpen,Vlaanderen,rural,Josiane Ilunga,dr. Marc Van Acker,dr. Stijn Coppens,Blaise Mukendi,Broer,52,vrouw,25/05/2026,26/05/2026,20-02-2024,°10-01-1974,74.01.10-830.43,3 36004 04 003,BE19953152705204,4472927742333052,Veldpark 201,2860,Sint-Katelijne-Waver,09/618.44.38,+32 (0)474/41.96.74,josiane.ilunga@telenet.be,https://www.uzrivierenland.be,UZ Rivierenland,Endocrinologie,type 2 diabetes mellitus,ziekte van Hashimoto,Jaeger transfertest,A. Radialis,Depakine chrono 500 mg,Paracetamol 1 g,peervormige galblaas,2/d,ESWT,SSp testen positief,,False,patient,patiente,mevrouw,zij,haar,"{'INSZ': 'dotted', 'RIZIV': 'spaced', 'IBAN': 'plain', 'DATE_ENCOUNTER': 'dd/mm/yyyy', 'DATE_VALIDATION': 'dd/mm/yyyy', 'DATE_HISTORY': 'dd-mm-yyyy', 'DOB': 'degree', 'TELEFOON': 'slash_dot', 'TELEFOON_MOBILE': 'intl_paren', 'STREET': 'plain', 'AGE': 'bare'}"
CASE000116,M,18-34,flemish,Limburg,Vlaanderen,town,Koen Declercq,dr. Mohamed Benali,dr. Hilde Van Acker,Nele Maes,Nicht,19 jaar,man,17/04/2026,18-04-2026,29/8/2022,°12-09-2006,06.09.12-123.26,22229232004,BE17537395119474,4131292087510290,Lindestraat 246,3800,Sint-Truiden,+32 2 826 06 88,+32 (0)489/62.08.66,koen.declercq@skynet.be,https://www.kliniekonzelievevrouw.be,Kliniek Onze-Lieve-Vrouw,Cardiologie,boezemfibrilleren,ziekte van Hashimoto,Jaeger transfertest,m. Infraspinatus,Diltiazemzalf 2%,Metformine viatris 500 mg,beeld passend bij bursitis,1/w,ESWT,no evidence of malignancy,,False,patient,patient,de heer,hij,zijn,"{'INSZ': 'dotted', 'RIZIV': 'plain', 'IBAN': 'plain', 'DATE_ENCOUNTER': 'dd/mm/yyyy', 'DATE_VALIDATION': 'dd-mm-yyyy', 'DATE_HISTORY': 'd/m/yyyy', 'DOB': 'degree', 'TELEFOON': 'intl', 'TELEFOON_MOBILE': 'intl_paren', 'STREET': 'plain', 'AGE': 'jaar'}"
CASE000117,F,80-95,flemish,Brussel-Hoofdstad,Brussel,urban,Leen Verhoeven,dr. Lucia Ferrari,dr. Inge Van Acker,Dirk Janssens,Broer,85-jarige,vrouw,26-05-2026,26 mei 2026,2024-04-06,º17/07/1940,40.07.17-566.07,32653465018,BE32 1386 3035 9031,4818615155423402,Bakkersteenweg 131,1000,Brussel,+32 (0)4/359.89.26,0483-55 48 03,leen.verhoeven@telenet.be,https://www.uzsintjozef.be,UZ Sint-Jozef,Oftalmologie,open kamerhoek glaucoom,ziekte van Bechterew,Goldmann applanatie,A. Radialis,Glucagen hypokit,Glucagen hypokit,peervormige galblaas,300 ie/ml 1.5 ml,OD,no evidence of malignancy,,False,patient,patiente,mevrouw,zij,haar,"{'INSZ': 'dotted', 'RIZIV': 'plain', 'IBAN': 'grouped', 'DATE_ENCOUNTER': 'dd-mm-yyyy', 'DATE_VALIDATION': 'text_abbr', 'DATE_HISTORY': 'yyyy-mm-dd', 'DOB': 'masc_ordinal', 'TELEFOON': 'intl_paren', 'TELEFOON_MOBILE': 'dashed', 'STREET': 'plain', 'AGE': 'jarige'}"
CASE000118,M,50-64,flemish,Limburg,Vlaanderen,town,Stijn Janssens,dr. Ann Lambert,dr. Josiane Bope,Lieve Mertens,Moeder,58-jarige,man,04-05-2026,6 mei 2026,18 jul 2017,º24-08-1967,67 08 24 797 43,3-61212-16-030,BE87 5055 4679 9657,4068277881609304,Velddries 182,3600,Genk,051-65 11 13,+32 475 73 07 10,stijn.janssens@gmail.com,https://www.ziekenhuisdamiaan.be,Ziekenhuis Damiaan,Fysische Geneeskunde en revalidatie,supraspinatuspeestendinose bilateraal,syndroom van Cushing,Glasgow Coma Scale 15,N. Medianus,L-thyroxine 50 mcg,Paracetamol 1 g,beers-teken afwezig,BMI 20.808,PRP,no evidence of malignancy,,False,patient,patient,de heer,hij,zijn,"{'INSZ': 'spaced', 'RIZIV': 'dashed', 'IBAN': 'grouped', 'DATE_ENCOUNTER': 'dd-mm-yyyy', 'DATE_VALIDATION': 'text_abbr', 'DATE_HISTORY': 'text_abbr', 'DOB': 'masc_ordinal', 'TELEFOON': 'dashed', 'TELEFOON_MOBILE': 'intl', 'STREET': 'plain', 'AGE': 'jarige'}"
CASE000119,F,18-34,southern_european,Vlaams-Brabant,Vlaanderen,town,Sofia Costa,dr. Koen Van Damme,dr. Griet Dubois,Giuseppe Silva,Broer,34-jarige,vrouw,28/04/2026,29/04/2026,22-10-2022,°08-03-1992,92.03.08-404.48,3-28026-28-008,BE06 7084 9408 9748,4456284177225605,Molendries 250,1800,Vilvoorde,09 731 88 26,0488001998,sofia.costa@proximus.be,https://www.imeldaziekenhuis.be,Imeldaziekenhuis,Pneumologie,obstructief slaapapneusyndroom,syndroom van Cushing,Goldmann applanatie,m. Infraspinatus,Lambipol 100 mg,Nexiam 20 mg,beeld passend bij bursitis,1 a 2 /d,antec.,full range of motion,,False,patient,patiente,mevrouw,zij,haar,"{'INSZ': 'dotted', 'RIZIV': 'dashed', 'IBAN': 'grouped', 'DATE_ENCOUNTER': 'dd/mm/yyyy', 'DATE_VALIDATION': 'dd/mm/yyyy', 'DATE_HISTORY': 'dd-mm-yyyy', 'DOB': 'degree', 'TELEFOON': 'spaced', 'TELEFOON_MOBILE': 'plain', 'STREET': 'plain', 'AGE': 'jarige'}"
CASE000120,M,80-95,maghrebi,Limburg,Vlaanderen,urban,Youssef El Fassi,dr. Wouter Van den Berghe,dr. Lieve Jacobs,Khadija Ouazzani,Moeder,85-jarige,man,2026-04-26,26/04/2026,01-03-2017,°16/10/1940,40.10.16-351.79,5-50536-36-003,BE18 5258 5143 6867,4326093106684339,Zonnelei 249,3500,Hasselt,055 37 18 92,0491 80 81 19,youssef.elfassi@proximus.be,https://www.azvesalius.be,AZ Vesalius,Neurologie,"epilepsie, in remissie",ziekte van Bechterew,Romberg negatief,M. Biceps caput longum,Ventolin aerosol,Depakine chrono 500 mg,beeld passend bij bursitis,BD: 146/68,ESWT,SSp testen positief,,False,patient,patient,de heer,hij,zijn,"{'INSZ': 'dotted', 'RIZIV': 'dashed', 'IBAN': 'grouped', 'DATE_ENCOUNTER': 'yyyy-mm-dd', 'DATE_VALIDATION': 'dd/mm/yyyy', 'DATE_HISTORY': 'dd-mm-yyyy', 'DOB': 'degree', 'TELEFOON': 'spaced', 'TELEFOON_MOBILE': 'spaced', 'STREET': 'plain', 'AGE': 'jarige'}"
CASE000121,F,80-95,flemish,Antwerpen,Vlaanderen,town,Els Peer,dr. Marleen Van Acker,dr. Stijn Van Damme,Griet Jacobs,Dochter,93-jarige,vrouw,15/04/2026,2026-04-17,06/02/2017,°27 mei 1933,33.05.27-760.31,9-49383-53-018,BE78857889360617,4684855716176880,Vissersbaan 142,2440,Geel,016/37.11.89,0497/60.97.25,els.peer@telenet.be,https://www.ziekenhuisonzelievevrouw.be,Ziekenhuis Onze-Lieve-Vrouw,Gastro-enterologie,anale fissuur,ziekte van Parkinson,Barthel-index 90,m. Deltoideus,Lyumjev kwikpen,Nexiam 20 mg,beeld passend bij bursitis,4.95*,PRP,shared decision making,,True,patient,patiente,mevrouw,zij,haar,"{'INSZ': 'dotted', 'RIZIV': 'dashed', 'IBAN': 'plain', 'DATE_ENCOUNTER': 'dd/mm/yyyy', 'DATE_VALIDATION': 'yyyy-mm-dd', 'DATE_HISTORY': 'dd/mm/yyyy', 'DOB': 'degree', 'TELEFOON': 'slash_dot', 'TELEFOON_MOBILE': 'slash_dot', 'STREET': 'plain', 'AGE': 'jarige'}"
CASE000122,M,18-34,flemish,Oost-Vlaanderen,Vlaanderen,town,Luc Verhoeven,dr. Nele Van Acker,dr. Jan Willems,Jan Verhoeven,Grootvader,30-jarige,man,26 apr 2026,28/04/2026,9 september 2017,°06/09/1995,95.09.06-275.51,6-78972-28-004,BE68245548043843,4005342408916495,Molenbaan 150/10,9100,Sint-Niklaas,059 10 59 55,0496 70 33 92,luc.verhoeven@skynet.be,https://www.ziekenhuisrivierenland.be,Ziekenhuis Rivierenland,Cardiologie,boezemfibrilleren,syndroom van Guillain-Barre,Goldmann applanatie,N. Medianus,Metformine viatris 500 mg,Lambipol 100 mg,as 165 graden,1 a 2 /d,tvv,blurr-test,,False,patient,patient,de heer,hij,zijn,"{'INSZ': 'dotted', 'RIZIV': 'dashed', 'IBAN': 'plain', 'DATE_ENCOUNTER': 'text_abbr', 'DATE_VALIDATION': 'dd/mm/yyyy', 'DATE_HISTORY': 'text_nl', 'DOB': 'degree', 'TELEFOON': 'spaced', 'TELEFOON_MOBILE': 'spaced', 'STREET': 'slash', 'AGE': 'jarige'}"
CASE000123,F,50-64,southern_european,Oost-Vlaanderen,Vlaanderen,urban,Rosa Ferrari,dr. Ann Declercq,dr. Ann Willems,Carmela Esposito,Nicht,52-jarige,vrouw,24 mei 2026,25 mei 2026,05/02/2023,º24/04/1974,74.04.24-742.23,6-52367-55-006,BE21 8277 5515 1135,4848100184186209,Kerkdreef 194,9000,Gent,010 01 85 13,0498 72 56 20,rosa.ferrari@skynet.be,https://www.klinieksintvincentius.be,Kliniek Sint-Vincentius,Fysische Geneeskunde en revalidatie,subacromiale bursitis,ziekte van Von Willebrand,Goldmann applanatie,A. Radialis,Sipralexa 20 mg,Lyumjev kwikpen,molaire zwangerschap uitgesloten,FEV1/FVC 73.17,OD,blurr-test,,False,patient,patiente,mevrouw,zij,haar,"{'INSZ': 'dotted', 'RIZIV': 'dashed', 'IBAN': 'grouped', 'DATE_ENCOUNTER': 'text_nl', 'DATE_VALIDATION': 'text_abbr', 'DATE_HISTORY': 'dd/mm/yyyy', 'DOB': 'masc_ordinal', 'TELEFOON': 'spaced', 'TELEFOON_MOBILE': 'spaced', 'STREET': 'plain', 'AGE': 'jarige'}"
CASE000124,M,65-79,southern_european,Oost-Vlaanderen,Vlaanderen,urban,Antonio Romano,dr. Inge Maes,dr. Filip Maes,Antonio Ferrari,Grootvader,75 jaar,man,25/04/2026,26 apr 2026,16 januari 2019,º20 april 1951,51.04.20-915.69,7-99686-79-008,BE35 9003 3148 1210,4557676952366876,Zonnewal 54A,9000,Gent,014 52 67 71,0486 93 35 18,antonio.romano@gmail.com,https://www.azturnhout.be,AZ Turnhout,Reumatologie,osteoporose,teken van Lasegue,Glasgow Coma Scale 15,M. Supraspinatus,Sipralexa 20 mg,D-cure 25 000 ie,as 165 graden,300 ie/ml 1.5 ml,PTO,watchful waiting,,False,patient,patient,de heer,hij,zijn,"{'INSZ': 'dotted', 'RIZIV': 'dashed', 'IBAN': 'grouped', 'DATE_ENCOUNTER': 'dd/mm/yyyy', 'DATE_VALIDATION': 'text_abbr', 'DATE_HISTORY': 'text_nl', 'DOB': 'masc_ordinal', 'TELEFOON': 'spaced', 'TELEFOON_MOBILE': 'spaced', 'STREET': 'letter', 'AGE': 'jaar'}"
CASE000125,F,35-49,eastern_european,West-Vlaanderen,Vlaanderen,urban,Iwona Nowak,dr. Inge Mertens,dr. Koen Goossens,Piotr Wisniewski,Broer,38-jarige,vrouw,14/04/2026,16-04-2026,18 februari 2024,°29/05/1988,88.05.29-056.84,8-35473-85-004,BE37 6385 0163 7879,4667849843624186,Oudepark 81,8000,Brugge,058 47 65 70,0474078204,iwona.nowak@gmail.com,https://www.azdamiaan.be,AZ Damiaan,Gastro-enterologie,coeliakie,ziekte van Parkinson,Goldmann applanatie,A. Radialis,Trianal suppo,Atorstatine 20 mg,boomstructuur van de bronchi,2cc,NSAID,shared decision making,,False,patient,patiente,mevrouw,zij,haar,"{'INSZ': 'dotted', 'RIZIV': 'dashed', 'IBAN': 'grouped', 'DATE_ENCOUNTER': 'dd/mm/yyyy', 'DATE_VALIDATION': 'dd-mm-yyyy', 'DATE_HISTORY': 'text_nl', 'DOB': 'degree', 'TELEFOON': 'spaced', 'TELEFOON_MOBILE': 'plain', 'STREET': 'plain', 'AGE': 'jarige'}"
CASE000126,M,50-64,flemish,West-Vlaanderen,Vlaanderen,town,Lode Declercq,dr. Ann Janssens,dr. Chantal Mukendi,Filip Van Acker,Vader,63,man,27 mei 2026,27-05-2026,10.09.2022,º24/06/1962,62062406772,3-22203-31-003,BE75 9996 8164 7512,4818209679042276,Vijverkaai 104,8800,Roeselare,+32 4 054 68 35,+32 497 45 16 89,lode.declercq@telenet.be,https://www.znamiddelheim.be,ZNA Middelheim,Algemene Heelkunde,ziekte van Von Willebrand,ziekte van Hashimoto,Humphrey - perimetrie,M. Supraspinatus,Lambipol 100 mg,Paracetamol 1 g,peervormige galblaas,T 37.2,NSAID,no evidence of malignancy,,False,patient,patient,de heer,hij,zijn,"{'INSZ': 'plain', 'RIZIV': 'dashed', 'IBAN': 'grouped', 'DATE_ENCOUNTER': 'text_abbr', 'DATE_VALIDATION': 'dd-mm-yyyy', 'DATE_HISTORY': 'dd.mm.yyyy', 'DOB': 'masc_ordinal', 'TELEFOON': 'intl', 'TELEFOON_MOBILE': 'intl', 'STREET': 'plain', 'AGE': 'bare'}"
CASE000127,F,65-79,flemish,West-Vlaanderen,Vlaanderen,rural,Lieve Lambert,dr. Fatima Alaoui,dr. Luc Mertens,Dirk Peeters,Oom,75-jarige,vrouw,9/5/2026,11-05-2026,2016,º1950-12-24,50122446645,4-28957-74-006,BE33 3261 3428 7055,4687409038021460,Schoolsteenweg 144/11,8700,Tielt,014/19.70.54,0492/87.16.56,lieve.lambert@skynet.be,https://www.azmariamiddelares.be,AZ Maria Middelares,Fysische Geneeskunde en revalidatie,subacromiale bursitis,manoeuvre van Valsalva,Phalen-test,m. Infraspinatus,L-thyroxine 50 mcg,Sipralexa 20 mg,lintvormige stoelgang,BMI 20.808,SSp,SSp testen positief,,False,patient,patiente,mevrouw,zij,haar,"{'INSZ': 'plain', 'RIZIV': 'dashed', 'IBAN': 'grouped', 'DATE_ENCOUNTER': 'd/m/yyyy', 'DATE_VALIDATION': 'dd-mm-yyyy', 'DATE_HISTORY': 'yyyy', 'DOB': 'masc_ordinal', 'TELEFOON': 'slash_dot', 'TELEFOON_MOBILE': 'slash_dot', 'STREET': 'slash', 'AGE': 'jarige'}"
CASE000128,M,50-64,central_african,Vlaams-Brabant,Vlaanderen,town,Emmanuel Lumumba,dr. Cem Ozturk,dr. Lore Claes,Christian Mukendi,Oom,64,man,26/05/2026,28/05/2026,9 februari 2024,°19/04/1962,62 04 19 219 56,4 35740 81 003,BE63 6613 7261 1109,4423567782659600,Smidlaan 186B,1930,Zaventem,03/146.14.76,0495 33 23 06,emmanuel.lumumba@skynet.be,https://www.uzvesalius.be,UZ Vesalius,Cardiologie,boezemfibrilleren,ziekte van Crohn,Bristol-schaal type 4,M. Subscapularis,Ozempic 1 mg,Paracetamol 1 g,molaire zwangerschap uitgesloten,1/d,PPI,full range of motion,,False,patient,patient,de heer,hij,zijn,"{'INSZ': 'spaced', 'RIZIV': 'spaced', 'IBAN': 'grouped', 'DATE_ENCOUNTER': 'dd/mm/yyyy', 'DATE_VALIDATION': 'dd/mm/yyyy', 'DATE_HISTORY': 'text_nl', 'DOB': 'degree', 'TELEFOON': 'slash_dot', 'TELEFOON_MOBILE': 'spaced', 'STREET': 'letter', 'AGE': 'bare'}"
CASE000129,F,50-64,flemish,West-Vlaanderen,Vlaanderen,urban,Marleen Peeters,dr. Krzysztof Marinescu,dr. Kris Vermeulen,Nele Claes,Zus,55,vrouw,15-05-2026,15-05-2026,15.03.2018,°1970-07-01,70070183473,48146642003,BE72 9848 4435 2384,4110961798178903,Vijverring 64 bus 4,8500,Kortrijk,03/765.28.92,+32 485 36 84 88,marleen.peeters@proximus.be,https://www.azonzelievevrouw.be,AZ Onze-Lieve-Vrouw,Neurologie,migraine met aura,ziekte van Bechterew,Goldmann applanatie,M. Supraspinatus,Pantomed 40 mg,Diltiazemzalf 2%,as 165 graden,3x/week,APO,shared decision making,,False,patient,patiente,mevrouw,zij,haar,"{'INSZ': 'plain', 'RIZIV': 'plain', 'IBAN': 'grouped', 'DATE_ENCOUNTER': 'dd-mm-yyyy', 'DATE_VALIDATION': 'dd-mm-yyyy', 'DATE_HISTORY': 'dd.mm.yyyy', 'DOB': 'degree', 'TELEFOON': 'slash_dot', 'TELEFOON_MOBILE': 'intl', 'STREET': 'bus', 'AGE': 'bare'}"
CASE000130,M,18-34,flemish,West-Vlaanderen,Vlaanderen,town,Jan Goossens,dr. Marleen De Smet,dr. Chantal Mbala,Els Peeters,Tante,32-jarige,man,19/05/2026,20.05.2026,2016,°10 jul 1993,93 07 10 175 72,6 99982 67 030,BE57 6109 2401 2749,4110609209819603,Brouwerskaai 202,8400,Oostende,+32 55 31 28 19,+32 (0)456/97.80.33,jan.goossens@skynet.be,https://www.algemeenziekenhuisonzelievevrouw.be,Algemeen Ziekenhuis Onze-Lieve-Vrouw,Gastro-enterologie,lichte chronische niet specifieke colitis,syndroom van Guillain-Barre,Bristol-schaal type 4,N. Medianus,Toujeo solostar,L-thyroxine 50 mcg,boomstructuur van de bronchi,BD: 146/68,APO,no evidence of malignancy,,False,patient,patient,de heer,hij,zijn,"{'INSZ': 'spaced', 'RIZIV': 'spaced', 'IBAN': 'grouped', 'DATE_ENCOUNTER': 'dd/mm/yyyy', 'DATE_VALIDATION': 'dd.mm.yyyy', 'DATE_HISTORY': 'yyyy', 'DOB': 'degree', 'TELEFOON': 'intl', 'TELEFOON_MOBILE': 'intl_paren', 'STREET': 'plain', 'AGE': 'jarige'}"
CASE000131,F,65-79,turkish,Vlaams-Brabant,Vlaanderen,town,Esra Kaya,dr. Youssef Idrissi,dr. Giuseppe Ferrari,Elif Demir,Zus,77-jarige,vrouw,5 mei 2026,05/05/2026,31/05/2021,°03-02-1949,49.02.03-424.44,1-77149-70-480,BE19691314573744,4088235130523128,Oudekaai 215,1700,Dilbeek,011/15.57.99,0475-66 94 32,esra.kaya@proximus.be,https://www.azalma.be,AZ Alma,Orthopedie,gonartrose bilateraal,syndroom van Raynaud,Romberg negatief,M. Supraspinatus,D-cure 25 000 ie,Progor retard 180 mg,beers-teken afwezig,FEV1/FVC 73.17,OD,full range of motion,,False,patient,patiente,mevrouw,zij,haar,"{'INSZ': 'dotted', 'RIZIV': 'dashed', 'IBAN': 'plain', 'DATE_ENCOUNTER': 'text_nl', 'DATE_VALIDATION': 'dd/mm/yyyy', 'DATE_HISTORY': 'dd/mm/yyyy', 'DOB': 'degree', 'TELEFOON': 'slash_dot', 'TELEFOON_MOBILE': 'dashed', 'STREET': 'plain', 'AGE': 'jarige'}"
CASE000132,M,50-64,eastern_european,Vlaams-Brabant,Vlaanderen,rural,Tomasz Ionescu,dr. Vasile Wisniewski,dr. Deniz Dogan,Vasile Dimitrov,Neef,58-jarige,man,20/4/2026,21 apr 2026,09-12-2020,°05/03/1968,68030538343,7-63432-55-004,BE84182318799292,4538164938318497,Molenring 130,3200,Aarschot,+32 3 531 35 52,0473 01 40 88,tomasz.ionescu@telenet.be,https://www.azdelta.be,AZ Delta,Gastro-enterologie,diverticulose sigmoid,manoeuvre van Valsalva,Bristol-schaal type 4,A. Radialis,Paracetamol 1 g,Depakine chrono 500 mg,molaire zwangerschap uitgesloten,HR: 68,APO,blurr-test,,False,patient,patiente,de heer,hij,zijn,"{'INSZ': 'plain', 'RIZIV': 'dashed', 'IBAN': 'plain', 'DATE_ENCOUNTER': 'd/m/yyyy', 'DATE_VALIDATION': 'text_abbr', 'DATE_HISTORY': 'dd-mm-yyyy', 'DOB': 'degree', 'TELEFOON': 'intl', 'TELEFOON_MOBILE': 'spaced', 'STREET': 'plain', 'AGE': 'jarige'}"
CASE000133,F,50-64,eastern_european,Antwerpen,Vlaanderen,urban,Katarzyna Marinescu,dr. Leen Coppens,dr. Jan De Clercq,Agnieszka Kaminski,Tante,50-jarige,vrouw,26.05.2026,27-05-2026,2018-08-15,°7 november 1975,75.11.07-098.83,9-70161-33-030,BE08 3338 1883 2660,4580040104145962,Bloemvest 178,2018,Antwerpen,+32 (0)13/59.10.30,+32 474 13 41 88,katarzyna.marinescu@proximus.be,https://www.azturnhout.be,AZ Turnhout,Gynaecologie,endometriose,syndroom van Cushing,Jaeger transfertest,M. Subscapularis,Cose protect,Pantomed 40 mg,geel verkleurde sclerae,1 a 2 /d,OS,shared decision making,,False,patient,patiente,mevrouw,zij,haar,"{'INSZ': 'dotted', 'RIZIV': 'dashed', 'IBAN': 'grouped', 'DATE_ENCOUNTER': 'dd.mm.yyyy', 'DATE_VALIDATION': 'dd-mm-yyyy', 'DATE_HISTORY': 'yyyy-mm-dd', 'DOB': 'degree', 'TELEFOON': 'intl_paren', 'TELEFOON_MOBILE': 'intl', 'STREET': 'plain', 'AGE': 'jarige'}"
CASE000134,M,50-64,eastern_european,West-Vlaanderen,Vlaanderen,rural,Andrzej Popescu,dr. Marleen Dubois,dr. Merve Demir,Katarzyna Dimitrov,Dochter,63-jarige,man,13.05.2026,15-05-2026,24 jul 2018,º14-11-1962,62.11.14-077.09,6-18631-35-003,BE75 0137 9747 7114,4491271130724078,Beekdries 198,8700,Tielt,014-81 23 56,0492/65.25.99,andrzej.popescu@gmail.com,https://www.uzdamiaan.be,UZ Damiaan,Dermatologie,atopisch eczeem,ziekte van Graves,Schirmer-test,m. Infraspinatus,Diltiazemzalf 2%,D-cure 25 000 ie,molaire zwangerschap uitgesloten,3x,APO,blurr-test,,False,patient,patient,de heer,hij,zijn,"{'INSZ': 'dotted', 'RIZIV': 'dashed', 'IBAN': 'grouped', 'DATE_ENCOUNTER': 'dd.mm.yyyy', 'DATE_VALIDATION': 'dd-mm-yyyy', 'DATE_HISTORY': 'text_abbr', 'DOB': 'masc_ordinal', 'TELEFOON': 'dashed', 'TELEFOON_MOBILE': 'slash_dot', 'STREET': 'plain', 'AGE': 'jarige'}"
CASE000135,F,50-64,flemish,West-Vlaanderen,Vlaanderen,urban,Griet Boom,dr. Nadia El Habti,dr. Stijn Verhoeven,Tine Jacobs,Grootmoeder,55-jarige,vrouw,17-04-2026,17/04/2026,2 jul 2024,°23-01-1971,71 01 23 590 24,37910865007,BE83 5843 9836 4636,4122572076502411,Langepad 116A,8000,Brugge,03/549.40.12,0496 79 61 94,griet.boom@skynet.be,https://www.znamiddelheim.be,ZNA Middelheim,Gastro-enterologie,ferriprieve anaemie,ziekte van Hashimoto,Snellen 1,N. Medianus,Injectafer 1000 mg,Cose protect,beeld passend bij bursitis,100 e/ml 3 ml,PTO,full range of motion,,True,patient,patiente,mevrouw,zij,haar,"{'INSZ': 'spaced', 'RIZIV': 'plain', 'IBAN': 'grouped', 'DATE_ENCOUNTER': 'dd-mm-yyyy', 'DATE_VALIDATION': 'dd/mm/yyyy', 'DATE_HISTORY': 'text_abbr', 'DOB': 'degree', 'TELEFOON': 'slash_dot', 'TELEFOON_MOBILE': 'spaced', 'STREET': 'letter', 'AGE': 'jarige'}"
CASE000136,M,65-79,maghrebi,Antwerpen,Vlaanderen,rural,Adil Ouazzani,dr. Burak Ozturk,dr. Marleen Van Damme,Mohamed Bouzid,Oom,74 jaar,man,7 mei 2026,09-05-2026,11 februari 2017,°19 jan 1952,52.01.19-277.58,8-19096-69-003,BE18942360144267,4591679541072722,Lindeweg 183,2860,Sint-Katelijne-Waver,+32 (0)50/87.82.45,0485 75 53 35,adil.ouazzani@proximus.be,https://www.algemeenziekenhuismariamiddelares.be,Algemeen Ziekenhuis Maria Middelares,Pneumologie,"astma, goed gecontroleerd",manoeuvre van Valsalva,Glasgow Coma Scale 15,M. Subscapularis,Nexiam 20 mg,Injectafer 1000 mg,hamstringletsel links,1/w,OD,Painful arc beiderzijds +,,False,patient,patient,de heer,hij,zijn,"{'INSZ': 'dotted', 'RIZIV': 'dashed', 'IBAN': 'plain', 'DATE_ENCOUNTER': 'text_abbr', 'DATE_VALIDATION': 'dd-mm-yyyy', 'DATE_HISTORY': 'text_nl', 'DOB': 'degree', 'TELEFOON': 'intl_paren', 'TELEFOON_MOBILE': 'spaced', 'STREET': 'plain', 'AGE': 'jaar'}"
CASE000137,F,18-34,flemish,Brussel-Hoofdstad,Brussel,urban,Tine Peeters,dr. Filip De Smet,dr. Emre Celik,Kris Vermeulen,Neef,21,vrouw,23 mei 2026,24 mei 2026,23/05/2023,º28/12/2004,04122883277,8-11459-43-030,BE12 4399 0155 9702,4575676670806128,Langepad 155 bus 17,1000,Brussel,016/44.14.97,0485/55.12.17,tine.peeters@proximus.be,https://www.azdelta.be,AZ Delta,NKO,chronische rhinosinusitis,ziekte van Dupuytren,Goldmann applanatie,V. Saphena magna,Progor retard 180 mg,Lyumjev kwikpen,beers-teken afwezig,4.95*,OD,Painful arc beiderzijds +,,False,patient,patiente,mevrouw,zij,haar,"{'INSZ': 'plain', 'RIZIV': 'dashed', 'IBAN': 'grouped', 'DATE_ENCOUNTER': 'text_nl', 'DATE_VALIDATION': 'text_nl', 'DATE_HISTORY': 'dd/mm/yyyy', 'DOB': 'masc_ordinal', 'TELEFOON': 'slash_dot', 'TELEFOON_MOBILE': 'slash_dot', 'STREET': 'bus', 'AGE': 'bare'}"
CASE000138,M,35-49,maghrebi,Oost-Vlaanderen,Vlaanderen,town,Ismail Benali,dr. Wouter Van Acker,dr. Lore Dubois,Mehdi Bennani,Vader,41-jarige,man,25.05.2026,27/05/2026,21/07/2023,°14 oktober 1984,84 10 14 991 35,6 19364 78 006,BE58984507623150,4979162022328832,Stationslei 160/18,9200,Dendermonde,019/31.70.87,0473-38 51 61,ismail.benali@gmail.com,https://www.algemeenziekenhuisdamiaan.be,Algemeen Ziekenhuis Damiaan,Orthopedie,gonartrose bilateraal,syndroom van Guillain-Barre,Schirmer-test,m. Deltoideus,Paracetamol 1 g,Glucagen hypokit,lintvormige stoelgang,spO2: 94%,ODS,full range of motion,,False,patient,patient,de heer,hij,zijn,"{'INSZ': 'spaced', 'RIZIV': 'spaced', 'IBAN': 'plain', 'DATE_ENCOUNTER': 'dd.mm.yyyy', 'DATE_VALIDATION': 'dd/mm/yyyy', 'DATE_HISTORY': 'dd/mm/yyyy', 'DOB': 'degree', 'TELEFOON': 'slash_dot', 'TELEFOON_MOBILE': 'dashed', 'STREET': 'slash', 'AGE': 'jarige'}"
CASE000139,F,65-79,flemish,Antwerpen,Vlaanderen,town,An Jacobs,dr. Jonas Janssens,dr. Fatima Bouzid,Pieter Wouters,Oom,72-jarige,vrouw,18 mei 2026,19/05/2026,20 maart 2020,°10 nov 1953,53111035847,8-40530-72-030,BE81 0709 2298 8897,4023117753312666,Veldweg 181 bus 13,2300,Turnhout,09 679 29 88,0496/41.75.74,an.jacobs@telenet.be,https://www.algemeenziekenhuissintrembert.be,Algemeen Ziekenhuis Sint-Rembert,Gastro-enterologie,anale fissuur,ziekte van Von Willebrand,Barthel-index 90,m. Deltoideus,Glucagen hypokit,Atorstatine 20 mg,geel verkleurde sclerae,25 000 ie,i.o.m.,no evidence of malignancy,,False,patient,patiente,mevrouw,zij,haar,"{'INSZ': 'plain', 'RIZIV': 'dashed', 'IBAN': 'grouped', 'DATE_ENCOUNTER': 'text_nl', 'DATE_VALIDATION': 'dd/mm/yyyy', 'DATE_HISTORY': 'text_nl', 'DOB': 'degree', 'TELEFOON': 'spaced', 'TELEFOON_MOBILE': 'slash_dot', 'STREET': 'bus', 'AGE': 'jarige'}"
CASE000140,M,0-17,flemish,West-Vlaanderen,Vlaanderen,rural,Geert Declercq,dr. Kris Wouters,dr. Leen Claes,Sofie Maes,Tante,5 jaar,man,27-05-2026,29/05/2026,11/05/2018,º06-06-2020,20060691575,1 05490 46 018,BE55450002559935,4034465124189389,Oudevest 95,8700,Tielt,03 176 61 91,0489/38.12.15,geert.declercq@proximus.be,https://www.znamiddelheim.be,ZNA Middelheim,NKO,chronische rhinosinusitis,ziekte van Bechterew,Barthel-index 90,M. Biceps caput longum,Diltiazemzalf 2%,Glucagen hypokit,lintvormige stoelgang,22u,RYGB,Painful arc beiderzijds +,,False,patient,patient,de heer,hij,zijn,"{'INSZ': 'plain', 'RIZIV': 'spaced', 'IBAN': 'plain', 'DATE_ENCOUNTER': 'dd-mm-yyyy', 'DATE_VALIDATION': 'dd/mm/yyyy', 'DATE_HISTORY': 'dd/mm/yyyy', 'DOB': 'masc_ordinal', 'TELEFOON': 'spaced', 'TELEFOON_MOBILE': 'slash_dot', 'STREET': 'plain', 'AGE': 'jaar'}"
CASE000141,F,35-49,southern_european,Antwerpen,Vlaanderen,town,Carmela Santos,dr. Salvatore Fernandez,dr. Filip Maes,Giuseppe Costa,Grootvader,40-jarige,vrouw,20/05/2026,21.05.2026,22-09-2017,°08/05/1986,86.05.08 520 14,3-36186-16-018,BE49525839355347,4319036890030101,Vijverbaan 11,2200,Herentals,054 62 66 82,0473 78 47 45,carmela.santos@skynet.be,https://www.znamiddelheim.be,ZNA Middelheim,Nefrologie,chronische nierinsufficientie stadium 3,syndroom van Guillain-Barre,Jaeger transfertest,m. Deltoideus,Atorstatine 20 mg,Ozempic 1 mg,molaire zwangerschap uitgesloten,-0.25 ^ -0.25 as 165 graden,PTO,SSp testen positief,,False,patient,patiente,mevrouw,zij,haar,"{'INSZ': 'mixed', 'RIZIV': 'dashed', 'IBAN': 'plain', 'DATE_ENCOUNTER': 'dd/mm/yyyy', 'DATE_VALIDATION': 'dd.mm.yyyy', 'DATE_HISTORY': 'dd-mm-yyyy', 'DOB': 'degree', 'TELEFOON': 'spaced', 'TELEFOON_MOBILE': 'spaced', 'STREET': 'plain', 'AGE': 'jarige'}"
CASE000142,M,35-49,flemish,Vlaams-Brabant,Vlaanderen,town,Stijn Claes,dr. Leen De Clercq,dr. Meryem El Habti,Rik Wouters,Broer,45-jarige,man,2026-04-14,2026-04-16,03/02/2020,°30-04-1981,81.04.30-923.03,5-30790-91-480,BE85 0871 0100 8404,4667033626804089,Beekweg 119,1800,Vilvoorde,013/07.04.49,+32 (0)456/10.07.35,stijn.claes@proximus.be,https://www.azdelta.be,AZ Delta,Pneumologie,obstructief slaapapneusyndroom,ziekte van Von Willebrand,Barthel-index 90,N. Medianus,Metformine viatris 500 mg,Cose protect,boomstructuur van de bronchi,1/d,OS,watchful waiting,,False,patient,patient,de heer,hij,zijn,"{'INSZ': 'dotted', 'RIZIV': 'dashed', 'IBAN': 'grouped', 'DATE_ENCOUNTER': 'yyyy-mm-dd', 'DATE_VALIDATION': 'yyyy-mm-dd', 'DATE_HISTORY': 'dd/mm/yyyy', 'DOB': 'degree', 'TELEFOON': 'slash_dot', 'TELEFOON_MOBILE': 'intl_paren', 'STREET': 'plain', 'AGE': 'jarige'}"
CASE000143,F,50-64,turkish,Antwerpen,Vlaanderen,urban,Deniz Celik,dr. Elena Moreira,dr. Khadija Rahmani,Serkan Yilmaz,Broer,56,vrouw,15.04.2026,16/04/2026,12.10.2024,°13/05/1970,70051334690,69882362030,BE50674475677863,4851724447232296,Bloemwal 138,2000,Antwerpen,090707057,0490275207,deniz.celik@telenet.be,https://www.algemeenziekenhuissintblasius.be,Algemeen Ziekenhuis Sint-Blasius,Pneumologie,obstructief longlijden GOLD II,syndroom van Sjogren,Humphrey - perimetrie,M. Biceps caput longum,Toujeo solostar,Paracetamol 1 g,beers-teken afwezig,25 000 ie,OS,Painful arc beiderzijds +,,False,patient,patiente,mevrouw,zij,haar,"{'INSZ': 'plain', 'RIZIV': 'plain', 'IBAN': 'plain', 'DATE_ENCOUNTER': 'dd.mm.yyyy', 'DATE_VALIDATION': 'dd/mm/yyyy', 'DATE_HISTORY': 'dd.mm.yyyy', 'DOB': 'degree', 'TELEFOON': 'plain', 'TELEFOON_MOBILE': 'plain', 'STREET': 'plain', 'AGE': 'bare'}"
CASE000144,M,35-49,eastern_european,Brussel-Hoofdstad,Brussel,urban,Dimitar Kowalski,dr. Griet Maes,dr. Rik Maes,Dimitar Novak,Zoon,46,man,17 apr 2026,18 apr 2026,04/12/2015,°29 januari 1980,80012936960,4-51258-83-030,BE76 7168 1884 1403,4398986818097885,Visserspark 151,1030,Schaarbeek,058953690,0474 48 97 83,dimitar.kowalski@gmail.com,https://www.azonzelievevrouw.be,AZ Onze-Lieve-Vrouw,Gastro-enterologie,status na gastric bypass (RYGB),ziekte van Graves,Schirmer-test,M. Supraspinatus,Cose protect,Nexiam 20 mg,boomstructuur van de bronchi,HR: 68,PTO,shared decision making,,False,patient,patient,de heer,hij,zijn,"{'INSZ': 'plain', 'RIZIV': 'dashed', 'IBAN': 'grouped', 'DATE_ENCOUNTER': 'text_abbr', 'DATE_VALIDATION': 'text_abbr', 'DATE_HISTORY': 'dd/mm/yyyy', 'DOB': 'degree', 'TELEFOON': 'plain', 'TELEFOON_MOBILE': 'spaced', 'STREET': 'plain', 'AGE': 'bare'}"
CASE000145,F,35-49,flemish,Vlaams-Brabant,Vlaanderen,urban,Femke Vermeulen,dr. Katrien Lambert,dr. Ismail Rahmani,Leen Vermeulen,Zus,42-jarige,vrouw,16/04/2026,16/04/2026,14.12.2018,º1984-04-09,84 04 09 322 36,2 23694 85 004,BE67 4613 1600 6794,4559991015767640,Stationspark 102,3000,Leuven,02-602 12 88,+32 486 45 16 51,femke.vermeulen@gmail.com,https://www.ziekenhuisonzelievevrouw.be,Ziekenhuis Onze-Lieve-Vrouw,NKO,chronische rhinosinusitis,syndroom van Cushing,Jaeger transfertest,M. Subscapularis,Cose protect,Ventolin aerosol,geel verkleurde sclerae,1 a 2 /d,RYGB,no evidence of malignancy,,False,patient,patiente,mevrouw,zij,haar,"{'INSZ': 'spaced', 'RIZIV': 'spaced', 'IBAN': 'grouped', 'DATE_ENCOUNTER': 'dd/mm/yyyy', 'DATE_VALIDATION': 'dd/mm/yyyy', 'DATE_HISTORY': 'dd.mm.yyyy', 'DOB': 'masc_ordinal', 'TELEFOON': 'dashed', 'TELEFOON_MOBILE': 'intl', 'STREET': 'plain', 'AGE': 'jarige'}"
CASE000146,M,65-79,flemish,Antwerpen,Vlaanderen,town,Rik Wouters,dr. Ionut Ionescu,dr. Rik Verhoeven,Hilde Dubois,Tante,72-jarige,man,08-05-2026,8 mei 2026,13-03-2024,º3 nov 1953,53.11.03-749.60,3-20914-59-030,BE71 3071 7234 5743,4053496782741175,Kasteeldreef 178,2440,Geel,+32 19 42 13 88,0470/76.05.69,rik.wouters@gmail.com,https://www.imeldaziekenhuis.be,Imeldaziekenhuis,Neurologie,perifere polyneuropathie,syndroom van Guillain-Barre,Schirmer-test,m. Infraspinatus,Lyumjev kwikpen,Metformine viatris 500 mg,geel verkleurde sclerae,spO2: 94%,SSp,watchful waiting,,False,patient,patient,de heer,hij,zijn,"{'INSZ': 'dotted', 'RIZIV': 'dashed', 'IBAN': 'grouped', 'DATE_ENCOUNTER': 'dd-mm-yyyy', 'DATE_VALIDATION': 'text_nl', 'DATE_HISTORY': 'dd-mm-yyyy', 'DOB': 'masc_ordinal', 'TELEFOON': 'intl', 'TELEFOON_MOBILE': 'slash_dot', 'STREET': 'plain', 'AGE': 'jarige'}"
CASE000147,F,65-79,flemish,Limburg,Vlaanderen,urban,Femke Verhoeven,dr. Mehdi Bouzid,dr. Miguel Esposito,Veerle Claes,Grootmoeder,70,vrouw,16 april 2026,18 apr 2026,6 mei 2025,°26/12/1955,55 12 26 386 73,3-30906-58-007,BE95 5165 3547 0412,4776958741314671,Stationspark 96/8,3500,Hasselt,03 206 49 69,0484-61 67 84,femke.verhoeven@proximus.be,https://www.azsintrembert.be,AZ Sint-Rembert,Dermatologie,atopisch eczeem,syndroom van Sjogren,Bristol-schaal type 4,A. Radialis,Glucagen hypokit,Toujeo solostar,lintvormige stoelgang,HR: 68,ESWT,SSp testen positief,,False,patient,patiente,mevrouw,zij,haar,"{'INSZ': 'spaced', 'RIZIV': 'dashed', 'IBAN': 'grouped', 'DATE_ENCOUNTER': 'text_nl', 'DATE_VALIDATION': 'text_abbr', 'DATE_HISTORY': 'text_abbr', 'DOB': 'degree', 'TELEFOON': 'spaced', 'TELEFOON_MOBILE': 'dashed', 'STREET': 'slash', 'AGE': 'bare'}"
CASE000148,M,65-79,southern_european,Oost-Vlaanderen,Vlaanderen,town,Miguel Rossi,dr. Koen Janssens,dr. Marleen Dubois,Miguel Garcia,Oom,77-jarige,man,25.05.2026,26/05/2026,28.05.2020,º09/10/1948,48 10 09 839 66,1-47844-81-008,BE23448599182262,4383000818670241,Lindeplein 106/12,9700,Oudenaarde,04/581.08.35,0475 68 50 91,miguel.rossi@proximus.be,https://www.ziekenhuisvesalius.be,Ziekenhuis Vesalius,Oftalmologie,open kamerhoek glaucoom,ziekte van Von Willebrand,Goldmann applanatie,M. Supraspinatus,Atorstatine 20 mg,Metformine viatris 500 mg,geel verkleurde sclerae,2cc,antec.,blurr-test,,False,patient,patient,de heer,hij,zijn,"{'INSZ': 'spaced', 'RIZIV': 'dashed', 'IBAN': 'plain', 'DATE_ENCOUNTER': 'dd.mm.yyyy', 'DATE_VALIDATION': 'dd/mm/yyyy', 'DATE_HISTORY': 'dd.mm.yyyy', 'DOB': 'masc_ordinal', 'TELEFOON': 'slash_dot', 'TELEFOON_MOBILE': 'spaced', 'STREET': 'slash', 'AGE': 'jarige'}"
CASE000149,F,65-79,flemish,Oost-Vlaanderen,Vlaanderen,town,Tine Van Mol,dr. Dirk Coppens,dr. Burak Ozturk,Jan De Smet,Neef,78-jarige,vrouw,29-04-2026,29 apr 2026,29 augustus 2024,º1948-05-10,48.05.10-386.66,40538575030,BE80 2409 1786 8519,4237931269789304,Weverpad 248/3,9100,Sint-Niklaas,056/39.06.37,0491 13 82 39,tine.vanmol@gmail.com,https://www.algemeenziekenhuismariamiddelares.be,Algemeen Ziekenhuis Maria Middelares,Pneumologie,obstructief longlijden GOLD II,syndroom van Raynaud,Phalen-test,m. Deltoideus,Ozempic 1 mg,Lyumjev kwikpen,beeld passend bij bursitis,HR: 68,ivm,shared decision making,,True,patient,patient,mevrouw,zij,haar,"{'INSZ': 'dotted', 'RIZIV': 'plain', 'IBAN': 'grouped', 'DATE_ENCOUNTER': 'dd-mm-yyyy', 'DATE_VALIDATION': 'text_abbr', 'DATE_HISTORY': 'text_nl', 'DOB': 'masc_ordinal', 'TELEFOON': 'slash_dot', 'TELEFOON_MOBILE': 'spaced', 'STREET': 'slash', 'AGE': 'jarige'}"
CASE000150,M,65-79,flemish,Oost-Vlaanderen,Vlaanderen,town,Lode Declercq,dr. Lore Verhoeven,dr. Dirk Vermeulen,Lieve Peeters,Tante,77-jarige,man,25/04/2026,27/04/2026,2024,°9 oktober 1948,48.10.09-891.14,2 19185 35 003,BE63 4676 5967 3685,4522870562271046,Gaverplein 250,9300,Aalst,+32 4 959 22 48,0499/78.91.47,lode.declercq@skynet.be,https://www.azturnhout.be,AZ Turnhout,Fysische Geneeskunde en revalidatie,subacromiale bursitis,syndroom van Sjogren,Humphrey - perimetrie,V. Saphena magna,Pantomed 40 mg,Ozempic 1 mg,geel verkleurde sclerae,2/d,tvv,no evidence of malignancy,,False,patient,patient,de heer,hij,zijn,"{'INSZ': 'dotted', 'RIZIV': 'spaced', 'IBAN': 'grouped', 'DATE_ENCOUNTER': 'dd/mm/yyyy', 'DATE_VALIDATION': 'dd/mm/yyyy', 'DATE_HISTORY': 'yyyy', 'DOB': 'degree', 'TELEFOON': 'intl', 'TELEFOON_MOBILE': 'slash_dot', 'STREET': 'plain', 'AGE': 'jarige'}"
CASE000151,F,35-49,southern_european,Brussel-Hoofdstad,Brussel,urban,Carmela Garcia,dr. Inge Van Acker,dr. Merve Demir,Salvatore Silva,Vader,43-jarige,vrouw,12/05/2026,14 mei 2026,31/08/2024,°14 december 1982,82.12.14-602.08,77615341030,BE84632778219739,4485819324268779,Bloempark 108,1000,Brussel,02/287.67.54,0473/30.71.50,carmela.garcia@proximus.be,https://www.jessaziekenhuis.be,Jessa Ziekenhuis,Fysische Geneeskunde en revalidatie,laterale epicondylitis rechts,ziekte van Hashimoto,Humphrey - perimetrie,V. Saphena magna,Depakine chrono 500 mg,Ibuprofen 400 mg,molaire zwangerschap uitgesloten,8u,RYGB,shared decision making,,False,patient,patiente,mevrouw,zij,haar,"{'INSZ': 'dotted', 'RIZIV': 'plain', 'IBAN': 'plain', 'DATE_ENCOUNTER': 'dd/mm/yyyy', 'DATE_VALIDATION': 'text_nl', 'DATE_HISTORY': 'dd/mm/yyyy', 'DOB': 'degree', 'TELEFOON': 'slash_dot', 'TELEFOON_MOBILE': 'slash_dot', 'STREET': 'plain', 'AGE': 'jarige'}"
CASE000152,M,50-64,flemish,Antwerpen,Vlaanderen,urban,Kris Willems,dr. Ionut Zielinski,dr. Jan Coppens,Filip Wouters,Vader,60-jarige,man,28 mei 2026,30 mei 2026,18/10/2022,°07-11-1965,65.11.07 491 62,5 17641 48 003,BE49768780840177,4051843905529585,Wilgenpad 30,2800,Mechelen,+32 59 10 50 92,+32 (0)475/16.10.53,kris.willems@telenet.be,https://www.azdelta.be,AZ Delta,Orthopedie,gonartrose bilateraal,ziekte van Hashimoto,Phalen-test,A. Radialis,Paracetamol 1 g,Paracetamol 1 g,beeld passend bij bursitis,1/w,APO,shared decision making,,False,patient,patient,de heer,hij,zijn,"{'INSZ': 'mixed', 'RIZIV': 'spaced', 'IBAN': 'plain', 'DATE_ENCOUNTER': 'text_abbr', 'DATE_VALIDATION': 'text_abbr', 'DATE_HISTORY': 'd/m/yyyy', 'DOB': 'degree', 'TELEFOON': 'intl', 'TELEFOON_MOBILE': 'intl_paren', 'STREET': 'plain', 'AGE': 'jarige'}"
CASE000153,F,18-34,flemish,Vlaams-Brabant,Vlaanderen,town,Marleen Verhoeven,dr. Jonas Wouters,dr. Wouter De Clercq,Luc Coppens,Neef,26-jarige,vrouw,23-05-2026,23/5/2026,07/2015,º1999-10-20,99.10.20-326.59,7 19864 70 003,BE76187976642111,4741759558720964,Kerkkaai 192,1500,Halle,051064242,+32 (0)486/28.24.34,marleen.verhoeven@skynet.be,https://www.imeldaziekenhuis.be,Imeldaziekenhuis,Cardiologie,arteriele hypertensie,teken van Lasegue,Barthel-index 90,M. Supraspinatus,Depakine chrono 500 mg,Progor retard 180 mg,hamstringletsel links,12u,OS,watchful waiting,,False,patient,patiente,mevrouw,zij,haar,"{'INSZ': 'dotted', 'RIZIV': 'spaced', 'IBAN': 'plain', 'DATE_ENCOUNTER': 'dd-mm-yyyy', 'DATE_VALIDATION': 'd/m/yyyy', 'DATE_HISTORY': 'mm/yyyy', 'DOB': 'masc_ordinal', 'TELEFOON': 'plain', 'TELEFOON_MOBILE': 'intl_paren', 'STREET': 'plain', 'AGE': 'jarige'}"
CASE000154,M,50-64,turkish,Oost-Vlaanderen,Vlaanderen,town,Kaan Dogan,dr. Rik Declercq,dr. Pieter Coppens,Cem Korkmaz,Grootvader,61-jarige,man,08/05/2026,10 mei 2026,18-08-2024,°27-04-1965,65.04.27-487.96,4-50971-79-018,BE08 9949 2007 4403,4028249839225011,Langeplein 184 bus 19,9100,Sint-Niklaas,03 459 57 64,0477/97.64.13,kaan.dogan@proximus.be,https://www.azsintjozef.be,AZ Sint-Jozef,Gastro-enterologie,ulcus anastomoticum,ziekte van Dupuytren,Jaeger transfertest,N. Medianus,Pantomed 40 mg,Sipralexa 20 mg,peervormige galblaas,25 000 ie,RYGB,watchful waiting,,False,patient,patient,de heer,hij,zijn,"{'INSZ': 'dotted', 'RIZIV': 'dashed', 'IBAN': 'grouped', 'DATE_ENCOUNTER': 'dd/mm/yyyy', 'DATE_VALIDATION': 'text_nl', 'DATE_HISTORY': 'dd-mm-yyyy', 'DOB': 'degree', 'TELEFOON': 'spaced', 'TELEFOON_MOBILE': 'slash_dot', 'STREET': 'bus', 'AGE': 'jarige'}"
CASE000155,F,65-79,flemish,Vlaams-Brabant,Vlaanderen,urban,Sofie Goossens,dr. An Van Damme,dr. Lode De Backer,Kris Van Damme,Neef,69-jarige,vrouw,29/4/2026,1 mei 2026,21/01/2023,º12/03/1957,57031213247,4-33821-60-006,BE61 8478 2604 4125,4262446704622687,Kasteellei 218,3000,Leuven,045809961,0474 63 24 05,sofie.goossens@telenet.be,https://www.azheilighart.be,AZ Heilig Hart,Endocrinologie,type 2 diabetes mellitus,syndroom van Guillain-Barre,Humphrey - perimetrie,N. Medianus,Paracetamol 1 g,Glucagen hypokit,as 165 graden,1/d,NSAID,SSp testen positief,,False,patient,patiente,mevrouw,zij,haar,"{'INSZ': 'plain', 'RIZIV': 'dashed', 'IBAN': 'grouped', 'DATE_ENCOUNTER': 'd/m/yyyy', 'DATE_VALIDATION': 'text_abbr', 'DATE_HISTORY': 'dd/mm/yyyy', 'DOB': 'masc_ordinal', 'TELEFOON': 'plain', 'TELEFOON_MOBILE': 'spaced', 'STREET': 'plain', 'AGE': 'jarige'}"
CASE000156,M,50-64,flemish,West-Vlaanderen,Vlaanderen,town,Koen De Smet,dr. Pieter Verhoeven,dr. Veerle De Backer,Bart Vermeulen,Vader,60-jarige,man,04-05-2026,06/05/2026,23/11/2024,°07-10-1965,65.10.07-971.60,8-41935-25-008,BE36563489457344,4632181227645799,Kouterhof 25,8400,Oostende,010 84 24 56,0483388104,koen.desmet@skynet.be,https://www.azdelta.be,AZ Delta,Urologie,benigne prostaathyperplasie,syndroom van Cushing,Glasgow Coma Scale 15,lig. Collaterale mediale,Atorstatine 20 mg,D-cure 25 000 ie,molaire zwangerschap uitgesloten,spO2: 94%,PRP,blurr-test,,False,patient,patient,de heer,hij,zijn,"{'INSZ': 'dotted', 'RIZIV': 'dashed', 'IBAN': 'plain', 'DATE_ENCOUNTER': 'dd-mm-yyyy', 'DATE_VALIDATION': 'dd/mm/yyyy', 'DATE_HISTORY': 'd/m/yyyy', 'DOB': 'degree', 'TELEFOON': 'spaced', 'TELEFOON_MOBILE': 'plain', 'STREET': 'plain', 'AGE': 'jarige'}"
CASE000157,F,65-79,southern_european,Oost-Vlaanderen,Vlaanderen,town,Giulia Silva,dr. Bart Wouters,dr. Anas Benali,Paulo Silva,Grootvader,77 jaar,vrouw,24/4/2026,24/04/2026,24-12-2017,°03-12-1948,48120395844,55817065008,BE81759122025413,4958678055557273,Veldpad 257 bus 15,9100,Sint-Niklaas,+32 4 795 13 30,+32 477 08 78 36,giulia.silva@gmail.com,https://www.ziekenhuisgroeninge.be,Ziekenhuis Groeninge,Orthopedie,carpaal tunnelsyndroom,syndroom van Sjogren,Glasgow Coma Scale 15,M. Subscapularis,Paracetamol 1 g,Sipralexa 20 mg,hamstringletsel links,2cc,PRP,watchful waiting,,False,patient,patiente,mevrouw,zij,haar,"{'INSZ': 'plain', 'RIZIV': 'plain', 'IBAN': 'plain', 'DATE_ENCOUNTER': 'd/m/yyyy', 'DATE_VALIDATION': 'dd/mm/yyyy', 'DATE_HISTORY': 'dd-mm-yyyy', 'DOB': 'degree', 'TELEFOON': 'intl', 'TELEFOON_MOBILE': 'intl', 'STREET': 'bus', 'AGE': 'jaar'}"
CASE000158,M,80-95,flemish,Vlaams-Brabant,Vlaanderen,town,Kris Verhoeven,dr. Veerle De Clercq,dr. Karim Bennani,Filip Coppens,Grootvader,95 jaar,man,02-05-2026,02/05/2026,12/05/2017,º1930-12-27,30.12.27-503.80,3-46120-73-030,BE91592366941555,4863677472264087,Groeneberg 64 bus 11,1930,Zaventem,+32 55 53 69 45,0493-13 85 87,kris.verhoeven@proximus.be,https://www.algemeenziekenhuisdamiaan.be,Algemeen Ziekenhuis Damiaan,Reumatologie,osteoporose,ziekte van Dupuytren,Romberg negatief,M. Subscapularis,Paracetamol 1 g,Glucagen hypokit,as 165 graden,4.95*,ivm,full range of motion,,False,patient,patient,de heer,hij,zijn,"{'INSZ': 'dotted', 'RIZIV': 'dashed', 'IBAN': 'plain', 'DATE_ENCOUNTER': 'dd-mm-yyyy', 'DATE_VALIDATION': 'dd/mm/yyyy', 'DATE_HISTORY': 'dd/mm/yyyy', 'DOB': 'masc_ordinal', 'TELEFOON': 'intl', 'TELEFOON_MOBILE': 'dashed', 'STREET': 'bus', 'AGE': 'jaar'}"
CASE000159,F,50-64,flemish,Oost-Vlaanderen,Vlaanderen,town,Katrien Vermeulen,dr. Ioana Wisniewski,dr. Katrien Lambert,Geert De Backer,Grootvader,59-jarige,vrouw,16.05.2026,16 mei 2026,9 september 2020,º04-08-1966,66.08.04-484.62,8-47417-72-007,BE25 1431 2001 0656,4980770460568763,Zonnesteenweg 16/18,9100,Sint-Niklaas,+32 (0)4/237.10.06,0488-49 09 53,katrien.vermeulen@telenet.be,https://www.uzsintjozef.be,UZ Sint-Jozef,Orthopedie,carpaal tunnelsyndroom,ziekte van Crohn,Jaeger transfertest,m. Deltoideus,Cose protect,Glucagen hypokit,peervormige galblaas,spO2: 94%,ivm,watchful waiting,,False,patient,patiente,mevrouw,zij,haar,"{'INSZ': 'dotted', 'RIZIV': 'dashed', 'IBAN': 'grouped', 'DATE_ENCOUNTER': 'dd.mm.yyyy', 'DATE_VALIDATION': 'text_abbr', 'DATE_HISTORY': 'text_nl', 'DOB': 'masc_ordinal', 'TELEFOON': 'intl_paren', 'TELEFOON_MOBILE': 'dashed', 'STREET': 'slash', 'AGE': 'jarige'}"
CASE000160,M,80-95,flemish,Limburg,Vlaanderen,town,Luc Van Damme,dr. Gul Celik,dr. Yasmine El Habti,Marc Mertens,Grootvader,95-jarige,man,25 april 2026,26/04/2026,23/6/2025,º03/05/1931,31 05 03 731 59,40536496008,BE87 7900 3686 5526,4298585672872762,Schoollei 244,3800,Sint-Truiden,+32 3 942 90 45,0497665161,luc.vandamme@telenet.be,https://www.azdelta.be,AZ Delta,Fysische Geneeskunde en revalidatie,supraspinatuspeestendinose bilateraal,ziekte van Hashimoto,Humphrey - perimetrie,N. Medianus,L-thyroxine 50 mcg,Nexiam 20 mg,boomstructuur van de bronchi,18u,PPI,SSp testen positief,,False,patient,patient,de heer,hij,zijn,"{'INSZ': 'spaced', 'RIZIV': 'plain', 'IBAN': 'grouped', 'DATE_ENCOUNTER': 'text_nl', 'DATE_VALIDATION': 'dd/mm/yyyy', 'DATE_HISTORY': 'd/m/yyyy', 'DOB': 'masc_ordinal', 'TELEFOON': 'intl', 'TELEFOON_MOBILE': 'plain', 'STREET': 'plain', 'AGE': 'jarige'}"
CASE000161,F,65-79,maghrebi,Oost-Vlaanderen,Vlaanderen,urban,Yasmine Alaoui,dr. Salvatore Santos,dr. Ilham Benali,Amina El Habti,Grootmoeder,66 jaar,vrouw,24.04.2026,26-04-2026,26/09/2019,°14 december 1959,59121453676,3-60017-47-007,BE26 8772 7314 9555,4137171731893977,Veldbaan 117,9000,Gent,+32 3 840 33 39,+32 (0)488/59.12.68,yasmine.alaoui@proximus.be,https://www.azmariamiddelares.be,AZ Maria Middelares,Dermatologie,atopisch eczeem,manoeuvre van Valsalva,Snellen 1,A. Radialis,Glucagen hypokit,Pantomed 40 mg,boomstructuur van de bronchi,4.95*,tvv,Painful arc beiderzijds +,,False,patient,patiente,mevrouw,zij,haar,"{'INSZ': 'plain', 'RIZIV': 'dashed', 'IBAN': 'grouped', 'DATE_ENCOUNTER': 'dd.mm.yyyy', 'DATE_VALIDATION': 'dd-mm-yyyy', 'DATE_HISTORY': 'dd/mm/yyyy', 'DOB': 'degree', 'TELEFOON': 'intl', 'TELEFOON_MOBILE': 'intl_paren', 'STREET': 'plain', 'AGE': 'jaar'}"
CASE000162,M,35-49,flemish,Limburg,Vlaanderen,town,Rik De Smet,dr. Elena Kaminski,dr. Hilde Declercq,Lore Peeters,Zus,39 jaar,man,26-04-2026,27-04-2026,18.03.2020,°09-03-1987,87 03 09 779 23,55300094008,BE50 4890 3369 4632,4643474524555747,Abdijplein 100C,3800,Sint-Truiden,+32 (0)89/25.23.62,0492-84 20 41,rik.desmet@gmail.com,https://www.znamiddelheim.be,ZNA Middelheim,Pneumologie,obstructief slaapapneusyndroom,manoeuvre van Valsalva,Phalen-test,A. Radialis,Asaflow 80 mg,Sipralexa 20 mg,beeld passend bij bursitis,3x,i.o.m.,watchful waiting,,False,patient,patient,de heer,hij,zijn,"{'INSZ': 'spaced', 'RIZIV': 'plain', 'IBAN': 'grouped', 'DATE_ENCOUNTER': 'dd-mm-yyyy', 'DATE_VALIDATION': 'dd-mm-yyyy', 'DATE_HISTORY': 'dd.mm.yyyy', 'DOB': 'degree', 'TELEFOON': 'intl_paren', 'TELEFOON_MOBILE': 'dashed', 'STREET': 'letter', 'AGE': 'jaar'}"
CASE000163,F,80-95,flemish,Antwerpen,Vlaanderen,town,Sofie Wouters,dr. An Dubois,dr. Veerle De Backer,Kris Van Acker,Broer,88 jaar,vrouw,30/04/2026,01.05.2026,01-08-2024,°24.06.1937,37062433456,8 57962 03 480,BE04 7943 1766 9080,4735984884021550,Meerslaan 200,2500,Lier,04-741 72 15,0497521919,sofie.wouters@gmail.com,https://www.azklina.be,AZ Klina,Orthopedie,carpaal tunnelsyndroom,syndroom van Cushing,Goldmann applanatie,M. Subscapularis,Ozempic 1 mg,Pantomed 40 mg,boomstructuur van de bronchi,25 000 ie,i.o.m.,SSp testen positief,,False,patient,patiente,mevrouw,zij,haar,"{'INSZ': 'plain', 'RIZIV': 'spaced', 'IBAN': 'grouped', 'DATE_ENCOUNTER': 'dd/mm/yyyy', 'DATE_VALIDATION': 'dd.mm.yyyy', 'DATE_HISTORY': 'dd-mm-yyyy', 'DOB': 'degree', 'TELEFOON': 'dashed', 'TELEFOON_MOBILE': 'plain', 'STREET': 'plain', 'AGE': 'jaar'}"
CASE000164,M,80-95,flemish,Antwerpen,Vlaanderen,town,Dirk Vermeulen,dr. Els Verhoeven,dr. An Coppens,Veerle De Backer,Moeder,88-jarige,man,10/05/2026,12-05-2026,24 jan 2022,°8/6/1938,38 06 08 095 20,68541089004,BE88 1740 8259 4113,4395873959232344,Hogedries 98,2200,Herentals,04 786 06 94,0456 49 02 01,dirk.vermeulen@skynet.be,https://www.azgroeninge.be,AZ Groeninge,Nefrologie,chronische nierinsufficientie stadium 3,ziekte van Crohn,Snellen 1,V. Saphena magna,Trianal suppo,Atorstatine 20 mg,peervormige galblaas,0.5 mg,i.o.m.,Painful arc beiderzijds +,,False,patient,patient,de heer,hij,zijn,"{'INSZ': 'spaced', 'RIZIV': 'plain', 'IBAN': 'grouped', 'DATE_ENCOUNTER': 'dd/mm/yyyy', 'DATE_VALIDATION': 'dd-mm-yyyy', 'DATE_HISTORY': 'text_abbr', 'DOB': 'degree', 'TELEFOON': 'spaced', 'TELEFOON_MOBILE': 'spaced', 'STREET': 'plain', 'AGE': 'jarige'}"
CASE000165,F,35-49,maghrebi,Limburg,Vlaanderen,rural,Khadija El Habti,dr. Filip Peeters,dr. Griet Van den Berghe,Mehdi Cherkaoui,Neef,38 jaar,vrouw,2026-05-25,26-05-2026,06/12/2020,º1988-02-24,88.02.24-390.73,7-18887-77-004,BE85 5548 0281 6141,4431670450232906,Korteplein 108,3630,Maasmechelen,04/817.00.66,+32 (0)473/45.46.39,khadija.elhabti@skynet.be,https://www.uznikolaas.be,UZ Nikolaas,Endocrinologie,type 2 diabetes mellitus,teken van Lasegue,Jaeger transfertest,M. Subscapularis,Injectafer 1000 mg,Atorstatine 20 mg,beeld passend bij bursitis,-0.25 ^ -0.25 as 165 graden,APO,shared decision making,,False,patient,patiente,mevrouw,zij,haar,"{'INSZ': 'dotted', 'RIZIV': 'dashed', 'IBAN': 'grouped', 'DATE_ENCOUNTER': 'yyyy-mm-dd', 'DATE_VALIDATION': 'dd-mm-yyyy', 'DATE_HISTORY': 'dd/mm/yyyy', 'DOB': 'masc_ordinal', 'TELEFOON': 'slash_dot', 'TELEFOON_MOBILE': 'intl_paren', 'STREET': 'plain', 'AGE': 'jaar'}"
CASE000166,M,35-49,flemish,West-Vlaanderen,Vlaanderen,urban,Bart Verhoeven,dr. Dimitar Nowak,dr. Tolga Sahin,Inge Wouters,Nicht,44 jaar,man,27/05/2026,27 mei 2026,19/02/2022,°20 maa 1982,82.03.20-753.02,2-51352-72-030,BE59592905200466,4779323822311640,Smidring 87C,8500,Kortrijk,059/72.90.47,0478/16.41.84,bart.verhoeven@telenet.be,https://www.azturnhout.be,AZ Turnhout,Pneumologie,obstructief slaapapneusyndroom,syndroom van Sjogren,Goldmann applanatie,m. Deltoideus,Toujeo solostar,Paracetamol 1 g,hamstringletsel links,HR: 68,tvv,watchful waiting,,False,patient,patient,de heer,hij,zijn,"{'INSZ': 'dotted', 'RIZIV': 'dashed', 'IBAN': 'plain', 'DATE_ENCOUNTER': 'dd/mm/yyyy', 'DATE_VALIDATION': 'text_abbr', 'DATE_HISTORY': 'dd/mm/yyyy', 'DOB': 'degree', 'TELEFOON': 'slash_dot', 'TELEFOON_MOBILE': 'slash_dot', 'STREET': 'letter', 'AGE': 'jaar'}"
CASE000167,F,50-64,flemish,Limburg,Vlaanderen,rural,Tine Mertens,dr. Geert Declercq,dr. Bart Peeters,Leen Willems,Moeder,64-jarige,vrouw,08-05-2026,8 mei 2026,22/05/2019,°7 april 1962,62 04 07 644 88,95667536030,BE94 4991 3892 0749,4842547681826834,Wilgendries 61,3700,Tongeren,056/15.84.15,0470 69 16 12,tine.mertens@skynet.be,https://www.ziekenhuissintrembert.be,Ziekenhuis Sint-Rembert,Endocrinologie,hypothyreoidie,ziekte van Hashimoto,Goldmann applanatie,M. Biceps caput longum,Lambipol 100 mg,Progor retard 180 mg,beers-teken afwezig,-0.25 ^ -0.25 as 165 graden,PPI,no evidence of malignancy,,False,patient,patiente,mevrouw,zij,haar,"{'INSZ': 'spaced', 'RIZIV': 'plain', 'IBAN': 'grouped', 'DATE_ENCOUNTER': 'dd-mm-yyyy', 'DATE_VALIDATION': 'text_abbr', 'DATE_HISTORY': 'dd/mm/yyyy', 'DOB': 'degree', 'TELEFOON': 'slash_dot', 'TELEFOON_MOBILE': 'spaced', 'STREET': 'plain', 'AGE': 'jarige'}"
CASE000168,M,50-64,flemish,Antwerpen,Vlaanderen,rural,Rik Willems,dr. Tom Mertens,dr. Sofie Wouters,Hilde Van den Berghe,Tante,62-jarige,man,2 mei 2026,3 mei 2026,2020,°10/09/1963,63.09.10-077.39,3-63537-19-008,BE51 6731 6508 6983,4450184819737411,Oudelaan 211 bus 7,2860,Sint-Katelijne-Waver,089 33 51 34,0485159294,rik.willems@gmail.com,https://www.ziekenhuissintlucas.be,Ziekenhuis Sint-Lucas,Orthopedie,carpaal tunnelsyndroom,ziekte van Parkinson,Humphrey - perimetrie,N. Medianus,Metformine viatris 500 mg,Atorstatine 20 mg,as 165 graden,22u,ESWT,watchful waiting,,False,patient,patient,de heer,hij,zijn,"{'INSZ': 'dotted', 'RIZIV': 'dashed', 'IBAN': 'grouped', 'DATE_ENCOUNTER': 'text_abbr', 'DATE_VALIDATION': 'text_abbr', 'DATE_HISTORY': 'yyyy', 'DOB': 'degree', 'TELEFOON': 'spaced', 'TELEFOON_MOBILE': 'plain', 'STREET': 'bus', 'AGE': 'jarige'}"
CASE000169,F,50-64,maghrebi,Limburg,Vlaanderen,town,Nadia Benali,dr. Ioana Zielinski,dr. Bernadette Mbala,Samira El Habti,Dochter,64 jaar,vrouw,7/5/2026,08-05-2026,28 apr 2018,°07-10-1961,61100701460,2-06043-82-480,BE03640992705579,4057798066039200,Gaverbaan 223B,3600,Genk,054 09 19 19,+32 498 30 46 74,nadia.benali@proximus.be,https://www.ziekenhuissintvincentius.be,Ziekenhuis Sint-Vincentius,Orthopedie,carpaal tunnelsyndroom,ziekte van Crohn,Schirmer-test,A. Radialis,Asaflow 80 mg,Pantomed 40 mg,hamstringletsel links,spO2: 94%,i.o.m.,SSp testen positief,,False,patient,patiente,mevrouw,zij,haar,"{'INSZ': 'plain', 'RIZIV': 'dashed', 'IBAN': 'plain', 'DATE_ENCOUNTER': 'd/m/yyyy', 'DATE_VALIDATION': 'dd-mm-yyyy', 'DATE_HISTORY': 'text_abbr', 'DOB': 'degree', 'TELEFOON': 'spaced', 'TELEFOON_MOBILE': 'intl', 'STREET': 'letter', 'AGE': 'jaar'}"
CASE000170,M,35-49,turkish,West-Vlaanderen,Vlaanderen,town,Burak Kaya,dr. Nele Lambert,dr. Tolga Demir,Kaan Ozturk,Grootvader,42,man,22 mei 2026,24-05-2026,29/10/2024,°24 dec 1983,83 12 24 655 64,2 95236 32 030,BE34288631032701,4258562614991537,Gaverwal 173/13,8800,Roeselare,+32 59 48 82 69,0476111191,burak.kaya@gmail.com,https://www.ziekenhuisgroeninge.be,Ziekenhuis Groeninge,Pneumologie,"astma, goed gecontroleerd",ziekte van Von Willebrand,Goldmann applanatie,V. Saphena magna,Lyumjev kwikpen,Paracetamol 1 g,hamstringletsel links,1/d,nle,blurr-test,,False,patient,patient,de heer,hij,zijn,"{'INSZ': 'spaced', 'RIZIV': 'spaced', 'IBAN': 'plain', 'DATE_ENCOUNTER': 'text_abbr', 'DATE_VALIDATION': 'dd-mm-yyyy', 'DATE_HISTORY': 'dd/mm/yyyy', 'DOB': 'degree', 'TELEFOON': 'intl', 'TELEFOON_MOBILE': 'plain', 'STREET': 'slash', 'AGE': 'bare'}"
CASE000171,F,80-95,southern_european,Antwerpen,Vlaanderen,urban,Rosa Tinel,dr. Iwona Novak,dr. Koen Willems,Miguel Moreira,Grootvader,87-jarige,vrouw,2026-05-12,14-05-2026,17/11/2016,º6 nov 1938,38.11.06-380.24,4 82221 63 007,BE11594080540921,4961208780572150,Marktsteenweg 69,2800,Mechelen,+32 (0)59/51.93.58,+32 (0)477/59.34.73,rosa.tinel@telenet.be,https://www.ziekenhuisheilighart.be,Ziekenhuis Heilig Hart,Endocrinologie,type 2 diabetes mellitus,syndroom van Cushing,Schirmer-test,m. Deltoideus,Asaflow 80 mg,Trianal suppo,lintvormige stoelgang,3x,PPI,full range of motion,,True,patient,patiente,mevrouw,zij,haar,"{'INSZ': 'dotted', 'RIZIV': 'spaced', 'IBAN': 'plain', 'DATE_ENCOUNTER': 'yyyy-mm-dd', 'DATE_VALIDATION': 'dd-mm-yyyy', 'DATE_HISTORY': 'dd/mm/yyyy', 'DOB': 'masc_ordinal', 'TELEFOON': 'intl_paren', 'TELEFOON_MOBILE': 'intl_paren', 'STREET': 'plain', 'AGE': 'jarige'}"
CASE000172,M,50-64,maghrebi,Limburg,Vlaanderen,town,Bilal El Fassi,dr. Dimitar Kowalski,dr. Dimitar Marinescu,Nabil Benali,Vader,58-jarige,man,2/5/2026,4/5/2026,24 december 2023,°08-01-1968,68.01.08-793.14,8-95681-17-006,BE14 2011 5796 9056,4718409080512088,Dorppark 62C,3800,Sint-Truiden,015/14.52.64,0475 33 51 25,bilal.elfassi@telenet.be,https://www.uzgroeninge.be,UZ Groeninge,Orthopedie,carpaal tunnelsyndroom,ziekte van Von Willebrand,teken van Tinel,A. Radialis,Nexiam 20 mg,Asaflow 80 mg,molaire zwangerschap uitgesloten,1/w,NSAID,blurr-test,,False,patient,patient,de heer,hij,zijn,"{'INSZ': 'dotted', 'RIZIV': 'dashed', 'IBAN': 'grouped', 'DATE_ENCOUNTER': 'd/m/yyyy', 'DATE_VALIDATION': 'd/m/yyyy', 'DATE_HISTORY': 'text_nl', 'DOB': 'degree', 'TELEFOON': 'slash_dot', 'TELEFOON_MOBILE': 'spaced', 'STREET': 'letter', 'AGE': 'jarige'}"
CASE000173,F,50-64,flemish,Antwerpen,Vlaanderen,urban,Lieve Coppens,dr. Ann Verhoeven,dr. An Van Acker,Griet De Smet,Grootmoeder,58 jaar,vrouw,22-05-2026,23/05/2026,08.03.2018,°18-12-1967,67.12.18 172 03,2-04565-08-480,BE15 6622 5457 8168,4886834527346665,Stationsvest 233,2000,Antwerpen,09 360 50 79,0489 11 84 83,lieve.coppens@gmail.com,https://www.jessaziekenhuis.be,Jessa Ziekenhuis,Pneumologie,"astma, goed gecontroleerd",ziekte van Crohn,Romberg negatief,M. Biceps caput longum,Injectafer 1000 mg,Glucagen hypokit,molaire zwangerschap uitgesloten,0.5 mg,nle,no evidence of malignancy,,False,patient,patiente,mevrouw,zij,haar,"{'INSZ': 'mixed', 'RIZIV': 'dashed', 'IBAN': 'grouped', 'DATE_ENCOUNTER': 'dd-mm-yyyy', 'DATE_VALIDATION': 'dd/mm/yyyy', 'DATE_HISTORY': 'dd.mm.yyyy', 'DOB': 'degree', 'TELEFOON': 'spaced', 'TELEFOON_MOBILE': 'spaced', 'STREET': 'plain', 'AGE': 'jaar'}"
CASE000174,M,50-64,turkish,Vlaams-Brabant,Vlaanderen,town,Mehmet Demir,dr. Wouter Janssens,dr. Jonas Van den Berghe,Ayse Arslan,Grootmoeder,62 jaar,man,25 apr 2026,25/04/2026,2020-01-24,º28/06/1963,63.06.28-469.56,29472657007,BE84 3509 5213 1121,4434606664374909,Oudekaai 254,1700,Dilbeek,04 263 56 02,+32 (0)477/79.85.33,mehmet.demir@gmail.com,https://www.azzeepreventorium.be,AZ Zeepreventorium,Orthopedie,gonartrose bilateraal,ziekte van Von Willebrand,Romberg negatief,M. Subscapularis,Paracetamol 1 g,L-thyroxine 50 mcg,geel verkleurde sclerae,FEV1/FVC 73.17,ESWT,Painful arc beiderzijds +,,False,patient,patient,de heer,hij,zijn,"{'INSZ': 'dotted', 'RIZIV': 'plain', 'IBAN': 'grouped', 'DATE_ENCOUNTER': 'text_abbr', 'DATE_VALIDATION': 'dd/mm/yyyy', 'DATE_HISTORY': 'yyyy-mm-dd', 'DOB': 'masc_ordinal', 'TELEFOON': 'spaced', 'TELEFOON_MOBILE': 'intl_paren', 'STREET': 'plain', 'AGE': 'jaar'}"
CASE000175,F,65-79,flemish,Antwerpen,Vlaanderen,rural,Marleen Van den Berghe,dr. Hilde Coppens,dr. Geert Claes,Lore Claes,Grootmoeder,66-jarige,vrouw,25.04.2026,25/04/2026,07/2020,º29/12/1959,59122985484,5-06914-08-006,BE93 8378 7771 6468,4235707139848229,Oudebaan 224C,2400,Mol,04/090.25.42,0476/82.07.50,marleen.vandenberghe@proximus.be,https://www.azsintrembert.be,AZ Sint-Rembert,Fysische Geneeskunde en revalidatie,supraspinatuspeestendinose bilateraal,ziekte van Von Willebrand,Humphrey - perimetrie,m. Infraspinatus,Depakine chrono 500 mg,Ventolin aerosol,beers-teken afwezig,1/d,NSAID,watchful waiting,,False,patient,patiente,mevrouw,zij,haar,"{'INSZ': 'plain', 'RIZIV': 'dashed', 'IBAN': 'grouped', 'DATE_ENCOUNTER': 'dd.mm.yyyy', 'DATE_VALIDATION': 'dd/mm/yyyy', 'DATE_HISTORY': 'mm/yyyy', 'DOB': 'masc_ordinal', 'TELEFOON': 'slash_dot', 'TELEFOON_MOBILE': 'slash_dot', 'STREET': 'letter', 'AGE': 'jarige'}"
CASE000176,M,35-49,southern_european,Antwerpen,Vlaanderen,rural,Marco Moreira,dr. Griet Goossens,dr. Emre Yilmaz,Miguel Silva,Oom,37-jarige,man,30-04-2026,02/05/2026,12/02/2023,°21-06-1988,88.06.21-491.90,26057663480,BE79968671696876,4555628333393956,Vissersbaan 74,2860,Sint-Katelijne-Waver,02 768 36 25,+32 485 53 53 58,marco.moreira@gmail.com,https://www.algemeenziekenhuissintblasius.be,Algemeen Ziekenhuis Sint-Blasius,Neurologie,perifere polyneuropathie,teken van Lasegue,Phalen-test,N. Medianus,Ibuprofen 400 mg,Nexiam 20 mg,boomstructuur van de bronchi,2cc,PPI,full range of motion,,False,patient,patient,de heer,hij,zijn,"{'INSZ': 'dotted', 'RIZIV': 'plain', 'IBAN': 'plain', 'DATE_ENCOUNTER': 'dd-mm-yyyy', 'DATE_VALIDATION': 'dd/mm/yyyy', 'DATE_HISTORY': 'dd/mm/yyyy', 'DOB': 'degree', 'TELEFOON': 'spaced', 'TELEFOON_MOBILE': 'intl', 'STREET': 'plain', 'AGE': 'jarige'}"
CASE000177,F,65-79,southern_european,West-Vlaanderen,Vlaanderen,urban,Maria Santos,dr. Geert Verhoeven,dr. An Claes,Rosa Silva,Nicht,69 jaar,vrouw,19.05.2026,21/05/2026,29/04/2021,°30/07/1956,56073042297,43186477480,BE83 9545 3800 6642,4752441822261895,Groenepark 162,8500,Kortrijk,011-51 55 32,0479-08 46 79,maria.santos@gmail.com,https://www.uzsintjozef.be,UZ Sint-Jozef,Dermatologie,psoriasis vulgaris,ziekte van Parkinson,Glasgow Coma Scale 15,V. Saphena magna,Ibuprofen 400 mg,Injectafer 1000 mg,hamstringletsel links,T 37.2,PTO,Painful arc beiderzijds +,,False,patient,patiente,mevrouw,zij,haar,"{'INSZ': 'plain', 'RIZIV': 'plain', 'IBAN': 'grouped', 'DATE_ENCOUNTER': 'dd.mm.yyyy', 'DATE_VALIDATION': 'dd/mm/yyyy', 'DATE_HISTORY': 'dd/mm/yyyy', 'DOB': 'degree', 'TELEFOON': 'dashed', 'TELEFOON_MOBILE': 'dashed', 'STREET': 'plain', 'AGE': 'jaar'}"
CASE000178,M,18-34,flemish,Antwerpen,Vlaanderen,town,Geert Van Damme,dr. Filip De Clercq,dr. Pieter Peeters,Inge Dubois,Nicht,32 jaar,man,05.05.2026,05.05.2026,2023,°16/05/1994,94.05.16-939.08,2 56747 12 004,BE84 2176 2128 5036,4580290904637664,Kasteellei 43 bus 15,2200,Herentals,+32 58 07 52 03,0478 57 55 43,geert.vandamme@telenet.be,https://www.azdelta.be,AZ Delta,Gastro-enterologie,refluxoesofagitis graad B,syndroom van Cushing,Bristol-schaal type 4,m. Deltoideus,Sipralexa 20 mg,Ozempic 1 mg,molaire zwangerschap uitgesloten,300 ie/ml 1.5 ml,ivm,full range of motion,,False,patient,patient,de heer,hij,zijn,"{'INSZ': 'dotted', 'RIZIV': 'spaced', 'IBAN': 'grouped', 'DATE_ENCOUNTER': 'dd.mm.yyyy', 'DATE_VALIDATION': 'dd.mm.yyyy', 'DATE_HISTORY': 'yyyy', 'DOB': 'degree', 'TELEFOON': 'intl', 'TELEFOON_MOBILE': 'spaced', 'STREET': 'bus', 'AGE': 'jaar'}"
CASE000179,F,18-34,maghrebi,Antwerpen,Vlaanderen,town,Yasmine Benali,dr. Rafael Costa,dr. Antonio Esposito,Sara Benali,Zus,29-jarige,vrouw,22.04.2026,22-04-2026,2017-01-09,°26/08/1996,96082601021,8 58232 24 003,BE42887926521527,4792749072801232,Abdijsteenweg 80,2500,Lier,02 211 06 33,0472/49.41.80,yasmine.benali@proximus.be,https://www.znamiddelheim.be,ZNA Middelheim,Fysische Geneeskunde en revalidatie,subacromiale bursitis,ziekte van Parkinson,Glasgow Coma Scale 15,M. Supraspinatus,Glucagen hypokit,D-cure 25 000 ie,boomstructuur van de bronchi,8u,OS,shared decision making,,False,patient,patiente,mevrouw,zij,haar,"{'INSZ': 'plain', 'RIZIV': 'spaced', 'IBAN': 'plain', 'DATE_ENCOUNTER': 'dd.mm.yyyy', 'DATE_VALIDATION': 'dd-mm-yyyy', 'DATE_HISTORY': 'yyyy-mm-dd', 'DOB': 'degree', 'TELEFOON': 'spaced', 'TELEFOON_MOBILE': 'slash_dot', 'STREET': 'plain', 'AGE': 'jarige'}"
CASE000180,M,18-34,flemish,Limburg,Vlaanderen,town,Kris Lambert,dr. Yassine Alaoui,dr. Luc Janssens,Marc Van Acker,Zoon,27 jaar,man,23 mei 2026,25-05-2026,09-04-2017,°18-09-1998,98 09 18 763 42,8-07265-66-004,BE85 6456 1260 3613,4602562650622924,Visserssteenweg 135,3600,Genk,+32 (0)19/92.05.67,0483/51.59.59,kris.lambert@skynet.be,https://www.klinieksintlucas.be,Kliniek Sint-Lucas,Reumatologie,osteoporose,ziekte van Crohn,Snellen 1,A. Radialis,Injectafer 1000 mg,Lyumjev kwikpen,hamstringletsel links,HR: 68,APO,Painful arc beiderzijds +,,False,patient,patient,de heer,hij,zijn,"{'INSZ': 'spaced', 'RIZIV': 'dashed', 'IBAN': 'grouped', 'DATE_ENCOUNTER': 'text_nl', 'DATE_VALIDATION': 'dd-mm-yyyy', 'DATE_HISTORY': 'dd-mm-yyyy', 'DOB': 'degree', 'TELEFOON': 'intl_paren', 'TELEFOON_MOBILE': 'slash_dot', 'STREET': 'plain', 'AGE': 'jaar'}"
CASE000181,F,18-34,flemish,Oost-Vlaanderen,Vlaanderen,town,Lore Willems,dr. Filip Jacobs,dr. Lore Van Acker,Rik Van Damme,Broer,26,vrouw,02/05/2026,03-05-2026,22-08-2025,°28-09-1999,99.09.28-646.74,4-25700-33-030,BE16 1357 7090 3109,4993379705816295,Groenering 145,9700,Oudenaarde,+32 4 357 48 59,+32 496 24 16 41,lore.willems@proximus.be,https://www.uzonzelievevrouw.be,UZ Onze-Lieve-Vrouw,Oftalmologie,geen diabetische retinopathie,ziekte van Crohn,Glasgow Coma Scale 15,lig. Collaterale mediale,Pantomed 40 mg,Trianal suppo,hamstringletsel links,1/w,tvv,full range of motion,,False,patient,patiente,mevrouw,zij,haar,"{'INSZ': 'dotted', 'RIZIV': 'dashed', 'IBAN': 'grouped', 'DATE_ENCOUNTER': 'dd/mm/yyyy', 'DATE_VALIDATION': 'dd-mm-yyyy', 'DATE_HISTORY': 'dd-mm-yyyy', 'DOB': 'degree', 'TELEFOON': 'intl', 'TELEFOON_MOBILE': 'intl', 'STREET': 'plain', 'AGE': 'bare'}"
CASE000182,M,65-79,maghrebi,Vlaams-Brabant,Vlaanderen,town,Ismail Alaoui,dr. Lore De Backer,dr. Veerle Van Damme,Adil Cherkaoui,Grootvader,69-jarige,man,20/04/2026,22/4/2026,27-05-2024,°1956-12-10,56.12.10-907.53,3-04412-71-008,BE72 8686 4951 8345,4250105875256808,Smidhof 6,1700,Dilbeek,056 68 29 75,+32 478 58 35 25,ismail.alaoui@gmail.com,https://www.azdamiaan.be,AZ Damiaan,Fysische Geneeskunde en revalidatie,laterale epicondylitis rechts,ziekte van Hashimoto,teken van Tinel,A. Radialis,Toujeo solostar,Ozempic 1 mg,beeld passend bij bursitis,FEV1/FVC 73.17,OD,SSp testen positief,,False,patient,patient,de heer,hij,zijn,"{'INSZ': 'dotted', 'RIZIV': 'dashed', 'IBAN': 'grouped', 'DATE_ENCOUNTER': 'dd/mm/yyyy', 'DATE_VALIDATION': 'd/m/yyyy', 'DATE_HISTORY': 'dd-mm-yyyy', 'DOB': 'degree', 'TELEFOON': 'spaced', 'TELEFOON_MOBILE': 'intl', 'STREET': 'plain', 'AGE': 'jarige'}"
CASE000183,F,50-64,flemish,Oost-Vlaanderen,Vlaanderen,urban,Katrien Mertens,dr. Tom Maes,dr. Gul Demir,Lode Van den Berghe,Vader,64-jarige,vrouw,25/05/2026,27/5/2026,07/03/2021,°7/4/1962,62 04 07 562 73,9 62816 06 004,BE05 2311 3093 4104,4681039033970514,Hoeveplein 60 bus 16,9000,Gent,011 33 22 85,0498 81 85 50,katrien.mertens@proximus.be,https://www.kliniekdamiaan.be,Kliniek Damiaan,Gynaecologie,myomateuze uterus,teken van Lasegue,Jaeger transfertest,A. Radialis,Lambipol 100 mg,Lyumjev kwikpen,beers-teken afwezig,1/d,OD,SSp testen positief,,False,patient,patiente,mevrouw,zij,haar,"{'INSZ': 'spaced', 'RIZIV': 'spaced', 'IBAN': 'grouped', 'DATE_ENCOUNTER': 'dd/mm/yyyy', 'DATE_VALIDATION': 'd/m/yyyy', 'DATE_HISTORY': 'dd/mm/yyyy', 'DOB': 'degree', 'TELEFOON': 'spaced', 'TELEFOON_MOBILE': 'spaced', 'STREET': 'bus', 'AGE': 'jarige'}"
CASE000184,M,50-64,central_african,Vlaams-Brabant,Vlaanderen,rural,Gaston Mukendi,dr. Femke Peeters,dr. Sofie Willems,Esther Nkosi,Tante,52-jarige,man,22/04/2026,24-04-2026,19-05-2017,°3/8/1973,73080331124,4-78471-30-480,BE06 7089 0311 0715,4004047692105330,Lindepad 112,3200,Aarschot,054 92 77 89,0495 31 09 78,gaston.mukendi@gmail.com,https://www.uzzeepreventorium.be,UZ Zeepreventorium,Fysische Geneeskunde en revalidatie,laterale epicondylitis rechts,syndroom van Cushing,teken van Tinel,m. Infraspinatus,Metformine viatris 500 mg,Depakine chrono 500 mg,beeld passend bij bursitis,BD: 146/68,PRP,Painful arc beiderzijds +,,False,patient,patient,de heer,hij,zijn,"{'INSZ': 'plain', 'RIZIV': 'dashed', 'IBAN': 'grouped', 'DATE_ENCOUNTER': 'dd/mm/yyyy', 'DATE_VALIDATION': 'dd-mm-yyyy', 'DATE_HISTORY': 'dd-mm-yyyy', 'DOB': 'degree', 'TELEFOON': 'spaced', 'TELEFOON_MOBILE': 'spaced', 'STREET': 'plain', 'AGE': 'jarige'}"
CASE000185,F,35-49,eastern_european,Antwerpen,Vlaanderen,urban,Agnieszka Zielinski,dr. Luc Goossens,dr. Marleen Peeters,Andrzej Wisniewski,Oom,49 jaar,vrouw,24 mei 2026,25/05/2026,2018-03-30,º25 feb 1977,77.02.25-180.22,1-13913-62-003,BE46 0715 3959 5344,4255629657542783,Bloemlei 246C,2018,Antwerpen,098730451,0487/60.69.20,agnieszka.zielinski@gmail.com,https://www.azmariamiddelares.be,AZ Maria Middelares,Oftalmologie,geen diabetische retinopathie,ziekte van Graves,Phalen-test,m. Infraspinatus,Trianal suppo,Metformine viatris 500 mg,peervormige galblaas,HR: 68,i.o.m.,watchful waiting,,False,patient,patiente,mevrouw,zij,haar,"{'INSZ': 'dotted', 'RIZIV': 'dashed', 'IBAN': 'grouped', 'DATE_ENCOUNTER': 'text_abbr', 'DATE_VALIDATION': 'dd/mm/yyyy', 'DATE_HISTORY': 'yyyy-mm-dd', 'DOB': 'masc_ordinal', 'TELEFOON': 'plain', 'TELEFOON_MOBILE': 'slash_dot', 'STREET': 'letter', 'AGE': 'jaar'}"
CASE000186,M,65-79,maghrebi,Limburg,Vlaanderen,town,Adil Alaoui,dr. Ann Coppens,dr. Geert Maes,Adil El Fassi,Vader,78-jarige,man,25 apr 2026,25-04-2026,25 apr 2019,°26-05-1948,48.05.26-681.67,2 72702 62 007,BE93 7803 2688 4118,4381300041321147,Abdijpark 60,3800,Sint-Truiden,+32 13 37 23 08,0488-18 09 88,adil.alaoui@gmail.com,https://www.jessaziekenhuis.be,Jessa Ziekenhuis,Gastro-enterologie,ulcus anastomoticum,ziekte van Crohn,Phalen-test,N. Medianus,Paracetamol 1 g,Sipralexa 20 mg,beeld passend bij bursitis,T 37.2,OD,SSp testen positief,,False,patient,patient,de heer,hij,zijn,"{'INSZ': 'dotted', 'RIZIV': 'spaced', 'IBAN': 'grouped', 'DATE_ENCOUNTER': 'text_abbr', 'DATE_VALIDATION': 'dd-mm-yyyy', 'DATE_HISTORY': 'text_abbr', 'DOB': 'degree', 'TELEFOON': 'intl', 'TELEFOON_MOBILE': 'dashed', 'STREET': 'plain', 'AGE': 'jarige'}"
CASE000187,F,18-34,flemish,Oost-Vlaanderen,Vlaanderen,rural,Els Janssens,dr. An Wouters,dr. Meryem Benali,Filip Van Damme,Grootvader,31-jarige,vrouw,4 mei 2026,04/05/2026,29-04-2020,°04/10/1994,94.10.04-252.23,8-59461-56-004,BE61418564690077,4872742049561214,Abdijbaan 241,9600,Ronse,010 87 18 27,+32 491 49 68 83,els.janssens@skynet.be,https://www.azmariamiddelares.be,AZ Maria Middelares,Gastro-enterologie,lichte chronische niet specifieke colitis,syndroom van Guillain-Barre,Romberg negatief,M. Supraspinatus,Asaflow 80 mg,Sipralexa 20 mg,peervormige galblaas,2cc,PRP,SSp testen positief,,False,patient,patiente,mevrouw,zij,haar,"{'INSZ': 'dotted', 'RIZIV': 'dashed', 'IBAN': 'plain', 'DATE_ENCOUNTER': 'text_nl', 'DATE_VALIDATION': 'dd/mm/yyyy', 'DATE_HISTORY': 'dd-mm-yyyy', 'DOB': 'degree', 'TELEFOON': 'spaced', 'TELEFOON_MOBILE': 'intl', 'STREET': 'plain', 'AGE': 'jarige'}"
CASE000188,M,35-49,flemish,Antwerpen,Vlaanderen,rural,Pieter Jacobs,dr. Wim Van Acker,dr. Lore Lambert,An Verhoeven,Tante,45-jarige,man,18 apr 2026,20/04/2026,22/07/2024,°29/09/1980,80.09.29-447.38,6-84352-80-030,BE06 0690 0697 5631,4080184980425372,Hogepad 184 bus 13,2860,Sint-Katelijne-Waver,04 847 12 96,0471 29 25 18,pieter.jacobs@skynet.be,https://www.azsintblasius.be,AZ Sint-Blasius,Neurologie,migraine met aura,syndroom van Sjogren,Bristol-schaal type 4,lig. Collaterale mediale,Injectafer 1000 mg,Injectafer 1000 mg,boomstructuur van de bronchi,3x/week,NSAID,full range of motion,,False,patient,patient,de heer,hij,zijn,"{'INSZ': 'dotted', 'RIZIV': 'dashed', 'IBAN': 'grouped', 'DATE_ENCOUNTER': 'text_abbr', 'DATE_VALIDATION': 'dd/mm/yyyy', 'DATE_HISTORY': 'dd/mm/yyyy', 'DOB': 'degree', 'TELEFOON': 'spaced', 'TELEFOON_MOBILE': 'spaced', 'STREET': 'bus', 'AGE': 'jarige'}"
CASE000189,F,50-64,central_african,Antwerpen,Vlaanderen,town,Nadine Kabongo,dr. Bart Goossens,dr. Ilham Bouzid,Bernadette Mbala,Dochter,63-jarige,vrouw,26/5/2026,2026-05-27,05/02/2017,°31/03/1963,63033174458,49183453030,BE42667651928894,4548954787698991,Lindeweg 246,2200,Herentals,+32 55 90 61 81,0498 18 98 82,nadine.kabongo@skynet.be,https://www.uzvesalius.be,UZ Vesalius,Reumatologie,reumatoide artritis,syndroom van Guillain-Barre,teken van Tinel,m. Infraspinatus,Injectafer 1000 mg,Ozempic 1 mg,beers-teken afwezig,300 ie/ml 1.5 ml,SSp,SSp testen positief,,False,patient,patiente,mevrouw,zij,haar,"{'INSZ': 'plain', 'RIZIV': 'plain', 'IBAN': 'plain', 'DATE_ENCOUNTER': 'd/m/yyyy', 'DATE_VALIDATION': 'yyyy-mm-dd', 'DATE_HISTORY': 'dd/mm/yyyy', 'DOB': 'degree', 'TELEFOON': 'intl', 'TELEFOON_MOBILE': 'spaced', 'STREET': 'plain', 'AGE': 'jarige'}"
CASE000190,M,80-95,flemish,Limburg,Vlaanderen,rural,Wouter Coppens,dr. Sofie Dubois,dr. Marleen Wouters,Sofie Van Acker,Nicht,89-jarige,man,14 april 2026,15/04/2026,10/8/2023,°23/02/1937,37022356719,4-36742-49-007,BE92510233656431,4477894896340678,Velddreef 150,3700,Tongeren,050978524,0478-15 48 70,wouter.coppens@telenet.be,https://www.ziekenhuisdamiaan.be,Ziekenhuis Damiaan,Urologie,epididymitis links,syndroom van Guillain-Barre,Phalen-test,A. Radialis,Ozempic 1 mg,Glucagen hypokit,peervormige galblaas,8u,ESWT,SSp testen positief,,False,patient,patient,de heer,hij,zijn,"{'INSZ': 'plain', 'RIZIV': 'dashed', 'IBAN': 'plain', 'DATE_ENCOUNTER': 'text_nl', 'DATE_VALIDATION': 'dd/mm/yyyy', 'DATE_HISTORY': 'd/m/yyyy', 'DOB': 'degree', 'TELEFOON': 'plain', 'TELEFOON_MOBILE': 'dashed', 'STREET': 'plain', 'AGE': 'jarige'}"
CASE000191,F,80-95,central_african,Antwerpen,Vlaanderen,urban,Mireille Kabongo,dr. Carmela Rossi,dr. Marco Esposito,Didier Mukendi,Grootvader,81 jaar,vrouw,13-05-2026,13-05-2026,07/05/2023,°26-01-1945,45 01 26 274 92,6-79459-26-018,BE68261309108825,4699673311677266,Stationsstraat 163,2000,Antwerpen,050 71 13 63,0492 21 22 28,mireille.kabongo@gmail.com,https://www.algemeenziekenhuisnikolaas.be,Algemeen Ziekenhuis Nikolaas,Reumatologie,reumatoide artritis,ziekte van Von Willebrand,Glasgow Coma Scale 15,m. Deltoideus,Lambipol 100 mg,Paracetamol 1 g,lintvormige stoelgang,3x,co,SSp testen positief,,False,patient,patiente,mevrouw,zij,haar,"{'INSZ': 'spaced', 'RIZIV': 'dashed', 'IBAN': 'plain', 'DATE_ENCOUNTER': 'dd-mm-yyyy', 'DATE_VALIDATION': 'dd-mm-yyyy', 'DATE_HISTORY': 'dd/mm/yyyy', 'DOB': 'degree', 'TELEFOON': 'spaced', 'TELEFOON_MOBILE': 'spaced', 'STREET': 'plain', 'AGE': 'jaar'}"
CASE000192,M,50-64,flemish,Oost-Vlaanderen,Vlaanderen,town,Kris Maes,dr. Ann Van den Berghe,dr. Inge Van den Berghe,Jonas Goossens,Neef,59 jaar,man,20-04-2026,21-04-2026,25-06-2025,°29/10/1966,66.10.29-661.22,8-31466-18-004,BE68 7836 2642 8808,4219804184724262,Dorpberg 177 bus 3,9700,Oudenaarde,050722398,0499/25.04.48,kris.maes@proximus.be,https://www.algemeenziekenhuissintrembert.be,Algemeen Ziekenhuis Sint-Rembert,Neurologie,perifere polyneuropathie,ziekte van Parkinson,Goldmann applanatie,A. Radialis,Nexiam 20 mg,Toujeo solostar,beers-teken afwezig,1/w,PTO,shared decision making,,False,patient,patient,de heer,hij,zijn,"{'INSZ': 'dotted', 'RIZIV': 'dashed', 'IBAN': 'grouped', 'DATE_ENCOUNTER': 'dd-mm-yyyy', 'DATE_VALIDATION': 'dd-mm-yyyy', 'DATE_HISTORY': 'dd-mm-yyyy', 'DOB': 'degree', 'TELEFOON': 'plain', 'TELEFOON_MOBILE': 'slash_dot', 'STREET': 'bus', 'AGE': 'jaar'}"
CASE000193,F,0-17,flemish,West-Vlaanderen,Vlaanderen,rural,Ann Claes,dr. Luc Jacobs,dr. Dirk De Clercq,Bart Mertens,Zoon,5 jaar,vrouw,17-05-2026,17 mei 2026,01/01/2017,°01-10-2020,20 10 01 176 22,9-03575-77-008,BE54 8955 5757 1936,4768868785996483,Dorpring 259,8600,Diksmuide,056372132,0498 05 08 48,ann.claes@gmail.com,https://www.azalma.be,AZ Alma,Gynaecologie,myomateuze uterus,ziekte van Parkinson,Glasgow Coma Scale 15,lig. Collaterale mediale,Lyumjev kwikpen,Atorstatine 20 mg,boomstructuur van de bronchi,1/w,i.o.m.,shared decision making,,False,patient,patiente,mevrouw,zij,haar,"{'INSZ': 'spaced', 'RIZIV': 'dashed', 'IBAN': 'grouped', 'DATE_ENCOUNTER': 'dd-mm-yyyy', 'DATE_VALIDATION': 'text_nl', 'DATE_HISTORY': 'dd/mm/yyyy', 'DOB': 'degree', 'TELEFOON': 'plain', 'TELEFOON_MOBILE': 'spaced', 'STREET': 'plain', 'AGE': 'jaar'}"
CASE000194,M,50-64,flemish,West-Vlaanderen,Vlaanderen,urban,Jan Claes,dr. Cem Kaya,dr. Jonas Van den Berghe,Leen De Clercq,Moeder,56-jarige,man,27-04-2026,28/4/2026,17-07-2020,°09-01-1970,70.01.09-475.53,2-36749-28-030,BE62 0599 5610 4346,4838507659759546,Eikenweg 52 bus 9,8000,Brugge,057 07 15 53,0489 21 01 12,jan.claes@proximus.be,https://www.ziekenhuiszeepreventorium.be,Ziekenhuis Zeepreventorium,Oftalmologie,open kamerhoek glaucoom,ziekte van Von Willebrand,Glasgow Coma Scale 15,m. Infraspinatus,Pantomed 40 mg,Injectafer 1000 mg,as 165 graden,300 ie/ml 1.5 ml,PRP,watchful waiting,,False,patient,patient,de heer,hij,zijn,"{'INSZ': 'dotted', 'RIZIV': 'dashed', 'IBAN': 'grouped', 'DATE_ENCOUNTER': 'dd-mm-yyyy', 'DATE_VALIDATION': 'd/m/yyyy', 'DATE_HISTORY': 'dd-mm-yyyy', 'DOB': 'degree', 'TELEFOON': 'spaced', 'TELEFOON_MOBILE': 'spaced', 'STREET': 'bus', 'AGE': 'jarige'}"
CASE000195,F,65-79,flemish,West-Vlaanderen,Vlaanderen,town,Veerle De Clercq,dr. Khadija Ouazzani,dr. Emre Korkmaz,Leen Janssens,Tante,74 jaar,vrouw,2026-05-09,2026-05-09,25/04/2024,º29/03/1952,52.03.29 428 09,9-38306-72-006,BE09 6031 2899 2345,4582984933067459,Wilgenkaai 1/11,8300,Knokke-Heist,013-17 59 57,+32 (0)478/73.71.70,veerle.declercq@proximus.be,https://www.jessaziekenhuis.be,Jessa Ziekenhuis,Gastro-enterologie,ulcus anastomoticum,syndroom van Guillain-Barre,Phalen-test,M. Biceps caput longum,Cose protect,Nexiam 20 mg,hamstringletsel links,3x/week,PPI,no evidence of malignancy,,False,patient,patiente,mevrouw,zij,haar,"{'INSZ': 'mixed', 'RIZIV': 'dashed', 'IBAN': 'grouped', 'DATE_ENCOUNTER': 'yyyy-mm-dd', 'DATE_VALIDATION': 'yyyy-mm-dd', 'DATE_HISTORY': 'dd/mm/yyyy', 'DOB': 'masc_ordinal', 'TELEFOON': 'dashed', 'TELEFOON_MOBILE': 'intl_paren', 'STREET': 'slash', 'AGE': 'jaar'}"
CASE000196,M,65-79,eastern_european,Antwerpen,Vlaanderen,town,Andrzej Kaminski,dr. Tine Coppens,dr. Tom Willems,Katarzyna Dimitrov,Nicht,79-jarige,man,01/05/2026,02.05.2026,23/08/2016,°23-10-1946,46102396164,4-88371-24-004,BE22259020919520,4245591024510914,Gaverpark 203,2300,Turnhout,02/111.02.86,0472-89 82 19,andrzej.kaminski@telenet.be,https://www.kliniekmariamiddelares.be,Kliniek Maria Middelares,Gastro-enterologie,ferriprieve anaemie,manoeuvre van Valsalva,Snellen 1,M. Supraspinatus,Toujeo solostar,Sipralexa 20 mg,lintvormige stoelgang,3x/week,ODS,no evidence of malignancy,,False,patient,patient,de heer,hij,zijn,"{'INSZ': 'plain', 'RIZIV': 'dashed', 'IBAN': 'plain', 'DATE_ENCOUNTER': 'dd/mm/yyyy', 'DATE_VALIDATION': 'dd.mm.yyyy', 'DATE_HISTORY': 'dd/mm/yyyy', 'DOB': 'degree', 'TELEFOON': 'slash_dot', 'TELEFOON_MOBILE': 'dashed', 'STREET': 'plain', 'AGE': 'jarige'}"
CASE000197,F,65-79,central_african,Antwerpen,Vlaanderen,town,Esther Mukendi,dr. Lode Van Acker,dr. Els Van den Berghe,Nadine Kalala,Nicht,66,vrouw,06.05.2026,08/05/2026,12/05/2022,°20/01/1960,60.01.20-814.47,9-88272-61-008,BE28 3593 4383 0564,4052635100462771,Beekbaan 237A,2200,Herentals,04-593 76 61,0495857093,esther.mukendi@gmail.com,https://www.kliniekheilighart.be,Kliniek Heilig Hart,Cardiologie,boezemfibrilleren,ziekte van Dupuytren,teken van Tinel,lig. Collaterale mediale,Lyumjev kwikpen,Ozempic 1 mg,as 165 graden,BMI 20.808,OS,shared decision making,,False,patient,patiente,mevrouw,zij,haar,"{'INSZ': 'dotted', 'RIZIV': 'dashed', 'IBAN': 'grouped', 'DATE_ENCOUNTER': 'dd.mm.yyyy', 'DATE_VALIDATION': 'dd/mm/yyyy', 'DATE_HISTORY': 'dd/mm/yyyy', 'DOB': 'degree', 'TELEFOON': 'dashed', 'TELEFOON_MOBILE': 'plain', 'STREET': 'letter', 'AGE': 'bare'}"
CASE000198,M,65-79,southern_european,Vlaams-Brabant,Vlaanderen,rural,Miguel Santos,dr. Tom Verhoeven,dr. Sofie Willems,Sofia Santos,Moeder,65-jarige,man,07.05.2026,07-05-2026,8/2024,º21-03-1961,61 03 21 217 67,2 54985 28 018,BE87 7244 7661 1256,4993593744039467,Bloemring 201,3200,Aarschot,059 48 70 45,+32 (0)491/80.08.60,miguel.santos@proximus.be,https://www.algemeenziekenhuissintrembert.be,Algemeen Ziekenhuis Sint-Rembert,Neurologie,migraine met aura,ziekte van Von Willebrand,Glasgow Coma Scale 15,M. Supraspinatus,Atorstatine 20 mg,L-thyroxine 50 mcg,lintvormige stoelgang,18u,antec.,Painful arc beiderzijds +,,False,patient,patient,de heer,hij,zijn,"{'INSZ': 'spaced', 'RIZIV': 'spaced', 'IBAN': 'grouped', 'DATE_ENCOUNTER': 'dd.mm.yyyy', 'DATE_VALIDATION': 'dd-mm-yyyy', 'DATE_HISTORY': 'm/yyyy', 'DOB': 'masc_ordinal', 'TELEFOON': 'spaced', 'TELEFOON_MOBILE': 'intl_paren', 'STREET': 'plain', 'AGE': 'jarige'}"
CASE000199,F,80-95,flemish,West-Vlaanderen,Vlaanderen,urban,An Declercq,dr. Tolga Korkmaz,dr. Griet Goossens,Veerle Willems,Tante,88-jarige,vrouw,17/04/2026,17/04/2026,02/08/2025,º13-09-1937,37091325204,6-03174-69-003,BE30142161097957,4878179415152639,Wilgenplein 150,8500,Kortrijk,059 11 21 03,0498 97 34 22,an.declercq@proximus.be,https://www.azonzelievevrouw.be,AZ Onze-Lieve-Vrouw,Gynaecologie,myomateuze uterus,syndroom van Cushing,Snellen 1,m. Infraspinatus,D-cure 25 000 ie,Toujeo solostar,peervormige galblaas,HR: 68,NSAID,no evidence of malignancy,,False,patient,patiente,mevrouw,zij,haar,"{'INSZ': 'plain', 'RIZIV': 'dashed', 'IBAN': 'plain', 'DATE_ENCOUNTER': 'dd/mm/yyyy', 'DATE_VALIDATION': 'dd/mm/yyyy', 'DATE_HISTORY': 'dd/mm/yyyy', 'DOB': 'masc_ordinal', 'TELEFOON': 'spaced', 'TELEFOON_MOBILE': 'spaced', 'STREET': 'plain', 'AGE': 'jarige'}"
CASE000200,M,50-64,eastern_european,Limburg,Vlaanderen,rural,Piotr Novak,dr. Elif Aydin,dr. Merve Kaya,Iwona Marinescu,Nicht,57 jaar,man,14 mei 2026,16 mei 2026,1/8/2015,°23 juli 1968,68.07.23-469.27,5-06087-59-018,BE48 4064 8655 9935,4190534864010426,Berglaan 19,3900,Pelt,+32 56 12 19 88,0491/17.60.63,piotr.novak@proximus.be,https://www.algemeenziekenhuisnikolaas.be,Algemeen Ziekenhuis Nikolaas,Gastro-enterologie,status na gastric bypass (RYGB),ziekte van Bechterew,Jaeger transfertest,m. Deltoideus,Ozempic 1 mg,Depakine chrono 500 mg,geel verkleurde sclerae,300 ie/ml 1.5 ml,i.o.m.,Painful arc beiderzijds +,,False,patient,patient,de heer,hij,zijn,"{'INSZ': 'dotted', 'RIZIV': 'dashed', 'IBAN': 'grouped', 'DATE_ENCOUNTER': 'text_abbr', 'DATE_VALIDATION': 'text_abbr', 'DATE_HISTORY': 'd/m/yyyy', 'DOB': 'degree', 'TELEFOON': 'intl', 'TELEFOON_MOBILE': 'slash_dot', 'STREET': 'plain', 'AGE': 'jaar'}"
CASE000201,F,65-79,flemish,Limburg,Vlaanderen,rural,Ann Mertens,dr. Dimitar Nowak,dr. Veerle Dubois,Sofie Coppens,Zus,71-jarige,vrouw,14-05-2026,14/5/2026,20/09/2022,°21/01/1955,55 01 21 880 40,1-83532-89-008,BE11609483000977,4229107322836081,Vijverdreef 207/8,3700,Tongeren,089/01.70.75,0473-33 20 75,ann.mertens@proximus.be,https://www.algemeenziekenhuisnikolaas.be,Algemeen Ziekenhuis Nikolaas,Gastro-enterologie,refluxoesofagitis graad B,manoeuvre van Valsalva,Goldmann applanatie,lig. Collaterale mediale,Diltiazemzalf 2%,L-thyroxine 50 mcg,beeld passend bij bursitis,3x,APO,no evidence of malignancy,,False,patient,patiente,mevrouw,zij,haar,"{'INSZ': 'spaced', 'RIZIV': 'dashed', 'IBAN': 'plain', 'DATE_ENCOUNTER': 'dd-mm-yyyy', 'DATE_VALIDATION': 'd/m/yyyy', 'DATE_HISTORY': 'dd/mm/yyyy', 'DOB': 'degree', 'TELEFOON': 'slash_dot', 'TELEFOON_MOBILE': 'dashed', 'STREET': 'slash', 'AGE': 'jarige'}"
CASE000202,M,18-34,flemish,West-Vlaanderen,Vlaanderen,town,Koen De Smet,dr. Koen Wouters,dr. Fatima Benali,Stijn Mertens,Broer,34-jarige,man,17-05-2026,19/5/2026,2019-04-28,º28/03/1992,92.03.28-255.82,2-38882-29-003,BE29817117510773,4533774604067205,Molensteenweg 203/5,8400,Oostende,03/722.15.56,+32 489 87 35 56,koen.desmet@telenet.be,https://www.imeldaziekenhuis.be,Imeldaziekenhuis,Dermatologie,psoriasis vulgaris,syndroom van Cushing,Romberg negatief,V. Saphena magna,Nexiam 20 mg,Lambipol 100 mg,as 165 graden,3x/week,OD,blurr-test,,False,patient,patient,de heer,hij,zijn,"{'INSZ': 'dotted', 'RIZIV': 'dashed', 'IBAN': 'plain', 'DATE_ENCOUNTER': 'dd-mm-yyyy', 'DATE_VALIDATION': 'd/m/yyyy', 'DATE_HISTORY': 'yyyy-mm-dd', 'DOB': 'masc_ordinal', 'TELEFOON': 'slash_dot', 'TELEFOON_MOBILE': 'intl', 'STREET': 'slash', 'AGE': 'jarige'}"
CASE000203,F,18-34,flemish,Vlaams-Brabant,Vlaanderen,town,Femke Declercq,dr. Stijn Van Damme,dr. Magdalena Zielinski,An Goossens,Zus,18-jarige,vrouw,4 mei 2026,04/05/2026,10-08-2019,º2007-09-04,07 09 04 380 30,6-47386-89-008,BE42 1103 3731 4073,4732146449369998,Bloemring 159,1800,Vilvoorde,059 99 82 78,+32 470 41 98 88,femke.declercq@proximus.be,https://www.uzsintvincentius.be,UZ Sint-Vincentius,Orthopedie,gonartrose bilateraal,ziekte van Crohn,Phalen-test,lig. Collaterale mediale,Trianal suppo,Lambipol 100 mg,boomstructuur van de bronchi,HR: 68,PRP,shared decision making,,False,patient,patiente,mevrouw,zij,haar,"{'INSZ': 'spaced', 'RIZIV': 'dashed', 'IBAN': 'grouped', 'DATE_ENCOUNTER': 'text_nl', 'DATE_VALIDATION': 'dd/mm/yyyy', 'DATE_HISTORY': 'dd-mm-yyyy', 'DOB': 'masc_ordinal', 'TELEFOON': 'spaced', 'TELEFOON_MOBILE': 'intl', 'STREET': 'plain', 'AGE': 'jarige'}"
CASE000204,M,50-64,flemish,Antwerpen,Vlaanderen,rural,Koen Peeters,dr. Nabil Ouazzani,dr. Kris De Clercq,Luc Jacobs,Neef,53-jarige,man,30 april 2026,2026-05-02,05.04.2024,°1972-10-01,72.10.01-263.28,1-12266-60-030,BE57 7055 7899 2159,4578201904322300,Hoevekaai 48,2860,Sint-Katelijne-Waver,04 820 73 65,0489 74 29 73,koen.peeters@skynet.be,https://www.azklina.be,AZ Klina,Dermatologie,atopisch eczeem,syndroom van Sjogren,Goldmann applanatie,M. Supraspinatus,Lyumjev kwikpen,Nexiam 20 mg,lintvormige stoelgang,2/d,tvv,blurr-test,,False,patient,patient,de heer,hij,zijn,"{'INSZ': 'dotted', 'RIZIV': 'dashed', 'IBAN': 'grouped', 'DATE_ENCOUNTER': 'text_nl', 'DATE_VALIDATION': 'yyyy-mm-dd', 'DATE_HISTORY': 'dd.mm.yyyy', 'DOB': 'degree', 'TELEFOON': 'spaced', 'TELEFOON_MOBILE': 'spaced', 'STREET': 'plain', 'AGE': 'jarige'}"
CASE000205,F,0-17,flemish,West-Vlaanderen,Vlaanderen,rural,Lieve Willems,dr. Bart Lambert,dr. Koen Jacobs,Sofie Maes,Zus,6 jaar,vrouw,02/05/2026,02/05/2026,29/11/2020,°2019-12-28,19.12.28-906.27,81003413018,BE81497728247364,4692082832308988,Schoolkaai 230A,8600,Diksmuide,+32 9 468 71 91,+32 474 06 29 94,lieve.willems@telenet.be,https://www.azalma.be,AZ Alma,Fysische Geneeskunde en revalidatie,subacromiale bursitis,syndroom van Sjogren,Glasgow Coma Scale 15,V. Saphena magna,D-cure 25 000 ie,Ozempic 1 mg,beers-teken afwezig,0.5 mg,SSp,SSp testen positief,,False,patient,patiente,mevrouw,zij,haar,"{'INSZ': 'dotted', 'RIZIV': 'plain', 'IBAN': 'plain', 'DATE_ENCOUNTER': 'dd/mm/yyyy', 'DATE_VALIDATION': 'dd/mm/yyyy', 'DATE_HISTORY': 'dd/mm/yyyy', 'DOB': 'degree', 'TELEFOON': 'intl', 'TELEFOON_MOBILE': 'intl', 'STREET': 'letter', 'AGE': 'jaar'}"
CASE000206,M,50-64,flemish,Oost-Vlaanderen,Vlaanderen,urban,Kris Goossens,dr. Adil Ouazzani,dr. Anas Alaoui,Wouter De Clercq,Neef,63-jarige,man,15/04/2026,16/4/2026,28-03-2016,º07-11-1962,62.11.07-799.79,12864871003,BE98 8927 6429 6482,4299874781224894,Dorpsteenweg 166,9000,Gent,053/09.02.55,+32 473 64 82 37,kris.goossens@telenet.be,https://www.aznikolaas.be,AZ Nikolaas,Fysische Geneeskunde en revalidatie,subacromiale bursitis,ziekte van Graves,Phalen-test,lig. Collaterale mediale,Atorstatine 20 mg,Ventolin aerosol,as 165 graden,25 000 ie,RYGB,Painful arc beiderzijds +,,False,patient,patient,de heer,hij,zijn,"{'INSZ': 'dotted', 'RIZIV': 'plain', 'IBAN': 'grouped', 'DATE_ENCOUNTER': 'dd/mm/yyyy', 'DATE_VALIDATION': 'd/m/yyyy', 'DATE_HISTORY': 'dd-mm-yyyy', 'DOB': 'masc_ordinal', 'TELEFOON': 'slash_dot', 'TELEFOON_MOBILE': 'intl', 'STREET': 'plain', 'AGE': 'jarige'}"
CASE000207,F,0-17,southern_european,Limburg,Vlaanderen,rural,Sofia Costa,dr. Geert Van den Berghe,dr. Koen Mertens,Carmela Santos,Grootmoeder,8-jarige,vrouw,16-04-2026,16-04-2026,2021,º2017-11-18,17.11.18-748.48,14390741003,BE85 5180 8050 2694,4428773836381648,Nieuwhof 107C,3900,Pelt,058-22 10 40,+32 (0)485/32.67.15,sofia.costa@skynet.be,https://www.uznikolaas.be,UZ Nikolaas,Neurologie,perifere polyneuropathie,ziekte van Parkinson,Bristol-schaal type 4,m. Infraspinatus,Lyumjev kwikpen,Sipralexa 20 mg,hamstringletsel links,pH 7.38,NSAID,no evidence of malignancy,,False,patient,patiente,mevrouw,zij,haar,"{'INSZ': 'dotted', 'RIZIV': 'plain', 'IBAN': 'grouped', 'DATE_ENCOUNTER': 'dd-mm-yyyy', 'DATE_VALIDATION': 'dd-mm-yyyy', 'DATE_HISTORY': 'yyyy', 'DOB': 'masc_ordinal', 'TELEFOON': 'dashed', 'TELEFOON_MOBILE': 'intl_paren', 'STREET': 'letter', 'AGE': 'jarige'}"
CASE000208,M,65-79,flemish,Antwerpen,Vlaanderen,rural,Jan Vermeulen,dr. Onur Aydin,dr. Jonas Wouters,Nele De Smet,Moeder,76,man,18 mei 2026,2026-05-19,2017-06-01,°15-01-1950,50011589503,1-44374-59-006,BE09 8650 2049 7376,4527905040433332,Lindewal 175,2400,Mol,+32 51 89 88 03,0484/30.71.89,jan.vermeulen@proximus.be,https://www.ziekenhuisrivierenland.be,Ziekenhuis Rivierenland,Neurologie,perifere polyneuropathie,syndroom van Sjogren,Glasgow Coma Scale 15,m. Deltoideus,Cose protect,Ozempic 1 mg,geel verkleurde sclerae,2cc,PTO,shared decision making,,False,patient,patient,de heer,hij,zijn,"{'INSZ': 'plain', 'RIZIV': 'dashed', 'IBAN': 'grouped', 'DATE_ENCOUNTER': 'text_nl', 'DATE_VALIDATION': 'yyyy-mm-dd', 'DATE_HISTORY': 'yyyy-mm-dd', 'DOB': 'degree', 'TELEFOON': 'intl', 'TELEFOON_MOBILE': 'slash_dot', 'STREET': 'plain', 'AGE': 'bare'}"
CASE000209,F,18-34,maghrebi,Oost-Vlaanderen,Vlaanderen,town,Yasmine Benali,dr. Tom Coppens,dr. Lode Claes,Sara Cherkaoui,Nicht,21 jaar,vrouw,02/05/2026,2 mei 2026,04/09/2017,°13 oktober 2004,04 10 13 780 80,62941122480,BE37 1047 5142 0559,4916093659520142,Kouterring 209 bus 9,9200,Dendermonde,052-61 82 98,0477/88.48.42,yasmine.benali@telenet.be,https://www.znamiddelheim.be,ZNA Middelheim,Gastro-enterologie,ulcus anastomoticum,ziekte van Dupuytren,Humphrey - perimetrie,V. Saphena magna,Ibuprofen 400 mg,Cose protect,hamstringletsel links,3x/week,z.n.,SSp testen positief,,False,patient,patiente,mevrouw,zij,haar,"{'INSZ': 'spaced', 'RIZIV': 'plain', 'IBAN': 'grouped', 'DATE_ENCOUNTER': 'dd/mm/yyyy', 'DATE_VALIDATION': 'text_abbr', 'DATE_HISTORY': 'dd/mm/yyyy', 'DOB': 'degree', 'TELEFOON': 'dashed', 'TELEFOON_MOBILE': 'slash_dot', 'STREET': 'bus', 'AGE': 'jaar'}"
CASE000210,M,35-49,flemish,Oost-Vlaanderen,Vlaanderen,rural,Wim Vermeulen,dr. Kris Van Acker,dr. Luc Goossens,Wouter Vermeulen,Zoon,42-jarige,man,23-05-2026,24-05-2026,8 juni 2025,°25/5/1984,84 05 25 533 31,6-62146-73-030,BE33 8243 7889 0640,4531234550688266,Molenwal 11,9600,Ronse,03/600.30.83,0485 77 11 97,wim.vermeulen@telenet.be,https://www.ziekenhuissintjozef.be,Ziekenhuis Sint-Jozef,Gastro-enterologie,status na gastric bypass (RYGB),syndroom van Guillain-Barre,Bristol-schaal type 4,lig. Collaterale mediale,Depakine chrono 500 mg,Diltiazemzalf 2%,peervormige galblaas,-0.25 ^ -0.25 as 165 graden,APO,no evidence of malignancy,,False,patient,patient,de heer,hij,zijn,"{'INSZ': 'spaced', 'RIZIV': 'dashed', 'IBAN': 'grouped', 'DATE_ENCOUNTER': 'dd-mm-yyyy', 'DATE_VALIDATION': 'dd-mm-yyyy', 'DATE_HISTORY': 'text_nl', 'DOB': 'degree', 'TELEFOON': 'slash_dot', 'TELEFOON_MOBILE': 'spaced', 'STREET': 'plain', 'AGE': 'jarige'}"
CASE000211,F,35-49,flemish,Oost-Vlaanderen,Vlaanderen,rural,An De Clercq,dr. Esra Sahin,dr. Koen Janssens,Inge Van Acker,Nicht,35,vrouw,25-05-2026,25/05/2026,15 mei 2018,°02.01.1991,91010284246,1 49798 67 018,BE59622741011329,4428596932591400,Oudelei 147/3,9400,Ninove,+32 55 99 64 89,+32 497 93 86 86,an.declercq@proximus.be,https://www.azgroeninge.be,AZ Groeninge,Gastro-enterologie,coeliakie,manoeuvre van Valsalva,Barthel-index 90,M. Supraspinatus,Toujeo solostar,Lambipol 100 mg,geel verkleurde sclerae,8u,PTO,SSp testen positief,,False,patient,patiente,mevrouw,zij,haar,"{'INSZ': 'plain', 'RIZIV': 'spaced', 'IBAN': 'plain', 'DATE_ENCOUNTER': 'dd-mm-yyyy', 'DATE_VALIDATION': 'dd/mm/yyyy', 'DATE_HISTORY': 'text_nl', 'DOB': 'degree', 'TELEFOON': 'intl', 'TELEFOON_MOBILE': 'intl', 'STREET': 'slash', 'AGE': 'bare'}"
CASE000212,M,65-79,flemish,Vlaams-Brabant,Vlaanderen,town,Koen Peeters,dr. Magdalena Novak,dr. Leila El Amrani,Sofie De Smet,Zus,71-jarige,man,14 mei 2026,16/05/2026,06/01/2019,°02.09.1954,54 09 02 679 70,7 31662 09 018,BE61269080515375,4761238595143469,Groenestraat 146 bus 7,1700,Dilbeek,03 695 82 64,0490/48.73.48,koen.peeters@skynet.be,https://www.imeldaziekenhuis.be,Imeldaziekenhuis,Dermatologie,atopisch eczeem,syndroom van Sjogren,Barthel-index 90,m. Deltoideus,Ventolin aerosol,Metformine viatris 500 mg,beeld passend bij bursitis,1/d,NSAID,full range of motion,,False,patient,patient,de heer,hij,zijn,"{'INSZ': 'spaced', 'RIZIV': 'spaced', 'IBAN': 'plain', 'DATE_ENCOUNTER': 'text_nl', 'DATE_VALIDATION': 'dd/mm/yyyy', 'DATE_HISTORY': 'dd/mm/yyyy', 'DOB': 'degree', 'TELEFOON': 'spaced', 'TELEFOON_MOBILE': 'slash_dot', 'STREET': 'bus', 'AGE': 'jarige'}"
CASE000213,F,0-17,flemish,West-Vlaanderen,Vlaanderen,town,Katrien Jacobs,dr. Chantal Kabongo,dr. Wouter Peeters,Geert Verhoeven,Vader,16-jarige,vrouw,19.04.2026,21/04/2026,15-08-2022,°13/11/2009,09 11 13 622 59,1 76716 18 018,BE75 4984 4952 4146,4250817760299145,Weverplein 101,8300,Knokke-Heist,+32 56 79 46 20,+32 487 17 92 51,katrien.jacobs@telenet.be,https://www.imeldaziekenhuis.be,Imeldaziekenhuis,Gastro-enterologie,ferriprieve anaemie,ziekte van Bechterew,Glasgow Coma Scale 15,V. Saphena magna,Metformine viatris 500 mg,D-cure 25 000 ie,boomstructuur van de bronchi,12u,APO,full range of motion,,False,patient,patiente,mevrouw,zij,haar,"{'INSZ': 'spaced', 'RIZIV': 'spaced', 'IBAN': 'grouped', 'DATE_ENCOUNTER': 'dd.mm.yyyy', 'DATE_VALIDATION': 'dd/mm/yyyy', 'DATE_HISTORY': 'dd-mm-yyyy', 'DOB': 'degree', 'TELEFOON': 'intl', 'TELEFOON_MOBILE': 'intl', 'STREET': 'plain', 'AGE': 'jarige'}"
CASE000214,M,80-95,flemish,Antwerpen,Vlaanderen,town,Filip Van den Berghe,dr. Pieter Peeters,dr. Dirk Maes,Nele Jacobs,Moeder,90-jarige,man,01/05/2026,01/05/2026,7/2016,º24-03-1936,36.03.24-479.63,61982901018,BE44 1347 5881 2753,4127782210217983,Bergkaai 230,2500,Lier,09-480 16 44,0477 57 26 87,filip.vandenberghe@skynet.be,https://www.ziekenhuissintjozef.be,Ziekenhuis Sint-Jozef,Oftalmologie,geen diabetische retinopathie,ziekte van Crohn,Bristol-schaal type 4,M. Supraspinatus,Metformine viatris 500 mg,Ventolin aerosol,as 165 graden,8u,z.n.,SSp testen positief,,False,patient,patient,de heer,hij,zijn,"{'INSZ': 'dotted', 'RIZIV': 'plain', 'IBAN': 'grouped', 'DATE_ENCOUNTER': 'dd/mm/yyyy', 'DATE_VALIDATION': 'dd/mm/yyyy', 'DATE_HISTORY': 'm/yyyy', 'DOB': 'masc_ordinal', 'TELEFOON': 'dashed', 'TELEFOON_MOBILE': 'spaced', 'STREET': 'plain', 'AGE': 'jarige'}"
CASE000215,F,50-64,maghrebi,Antwerpen,Vlaanderen,rural,Leila Cherkaoui,dr. Giuseppe Costa,dr. Tine Peeters,Ismail El Amrani,Grootvader,61 jaar,vrouw,14/04/2026,2026-04-16,19-08-2019,°31-10-1964,64.10.31-698.77,2-24775-71-480,BE84770853520124,4692182192596790,Nieuwberg 255A,2860,Sint-Katelijne-Waver,+32 3 235 52 16,0495 46 01 99,leila.cherkaoui@telenet.be,https://www.kliniekheilighart.be,Kliniek Heilig Hart,Orthopedie,gonartrose bilateraal,teken van Lasegue,Barthel-index 90,V. Saphena magna,Paracetamol 1 g,Metformine viatris 500 mg,boomstructuur van de bronchi,3x,z.n.,SSp testen positief,,False,patient,patiente,mevrouw,zij,haar,"{'INSZ': 'dotted', 'RIZIV': 'dashed', 'IBAN': 'plain', 'DATE_ENCOUNTER': 'dd/mm/yyyy', 'DATE_VALIDATION': 'yyyy-mm-dd', 'DATE_HISTORY': 'dd-mm-yyyy', 'DOB': 'degree', 'TELEFOON': 'intl', 'TELEFOON_MOBILE': 'spaced', 'STREET': 'letter', 'AGE': 'jaar'}"
CASE000216,M,65-79,flemish,Limburg,Vlaanderen,town,Marc Goossens,dr. Hafida El Habti,dr. Lieve De Smet,Rik De Backer,Zoon,67 jaar,man,17-04-2026,17-04-2026,26.07.2022,º26/05/1959,59.05.26 469 25,9-49618-12-003,BE51 7202 4574 4862,4225893708580625,Hoevesteenweg 183 bus 14,3800,Sint-Truiden,056/46.19.17,0490 63 49 69,marc.goossens@skynet.be,https://www.algemeenziekenhuisdevoorzorg.be,Algemeen Ziekenhuis De Voorzorg,Gastro-enterologie,status na gastric bypass (RYGB),ziekte van Graves,Snellen 1,m. Deltoideus,Asaflow 80 mg,Paracetamol 1 g,molaire zwangerschap uitgesloten,2cc,antec.,watchful waiting,,False,patient,patient,de heer,hij,zijn,"{'INSZ': 'mixed', 'RIZIV': 'dashed', 'IBAN': 'grouped', 'DATE_ENCOUNTER': 'dd-mm-yyyy', 'DATE_VALIDATION': 'dd-mm-yyyy', 'DATE_HISTORY': 'dd.mm.yyyy', 'DOB': 'masc_ordinal', 'TELEFOON': 'slash_dot', 'TELEFOON_MOBILE': 'spaced', 'STREET': 'bus', 'AGE': 'jaar'}"
CASE000217,F,65-79,flemish,Antwerpen,Vlaanderen,urban,Ann De Backer,dr. Inge Wouters,dr. Femke Coppens,Inge Van Acker,Zus,74-jarige,vrouw,17/5/2026,19-05-2026,23.01.2023,°7 jul 1951,51.07.07-546.73,8-75275-53-008,BE83 4328 8775 7017,4818655078468506,Lindekaai 53 bus 4,2018,Antwerpen,052 62 92 69,0496284367,ann.debacker@proximus.be,https://www.uzvesalius.be,UZ Vesalius,Pneumologie,"astma, goed gecontroleerd",ziekte van Dupuytren,Romberg negatief,m. Deltoideus,Metformine viatris 500 mg,L-thyroxine 50 mcg,beeld passend bij bursitis,12u,OD,watchful waiting,,False,patient,patiente,mevrouw,zij,haar,"{'INSZ': 'dotted', 'RIZIV': 'dashed', 'IBAN': 'grouped', 'DATE_ENCOUNTER': 'd/m/yyyy', 'DATE_VALIDATION': 'dd-mm-yyyy', 'DATE_HISTORY': 'dd.mm.yyyy', 'DOB': 'degree', 'TELEFOON': 'spaced', 'TELEFOON_MOBILE': 'plain', 'STREET': 'bus', 'AGE': 'jarige'}"
CASE000218,M,65-79,flemish,Vlaams-Brabant,Vlaanderen,town,Dirk Van Acker,dr. Kris Verhoeven,dr. Chantal Mukendi,Filip Claes,Vader,79-jarige,man,2026-05-09,09-05-2026,27-02-2022,°26.08.1946,46 08 26 747 77,2 81938 41 018,BE47 9733 2282 3687,4270452388856229,Beekhof 244,1800,Vilvoorde,014/14.10.52,0492671589,dirk.vanacker@proximus.be,https://www.azonzelievevrouw.be,AZ Onze-Lieve-Vrouw,Endocrinologie,type 2 diabetes mellitus,teken van Lasegue,Phalen-test,A. Radialis,Atorstatine 20 mg,Ozempic 1 mg,beers-teken afwezig,3x,tvv,no evidence of malignancy,,False,patient,patient,de heer,hij,zijn,"{'INSZ': 'spaced', 'RIZIV': 'spaced', 'IBAN': 'grouped', 'DATE_ENCOUNTER': 'yyyy-mm-dd', 'DATE_VALIDATION': 'dd-mm-yyyy', 'DATE_HISTORY': 'dd-mm-yyyy', 'DOB': 'degree', 'TELEFOON': 'slash_dot', 'TELEFOON_MOBILE': 'plain', 'STREET': 'plain', 'AGE': 'jarige'}"
CASE000219,F,35-49,flemish,Limburg,Vlaanderen,town,Veerle Wouters,dr. Tine Lambert,dr. Esra Kaya,Griet Maes,Dochter,37 jaar,vrouw,7 mei 2026,7 mei 2026,10 april 2024,º10/06/1988,88.06.10 044 91,2-63518-31-008,BE75701679560019,4727367746202586,Lindebaan 38,3800,Sint-Truiden,+32 4 708 36 82,0479/38.36.66,veerle.wouters@skynet.be,https://www.azzeepreventorium.be,AZ Zeepreventorium,Reumatologie,reumatoide artritis,ziekte van Graves,Schirmer-test,M. Supraspinatus,D-cure 25 000 ie,Ventolin aerosol,boomstructuur van de bronchi,8u,z.n.,shared decision making,,False,patient,patiente,mevrouw,zij,haar,"{'INSZ': 'mixed', 'RIZIV': 'dashed', 'IBAN': 'plain', 'DATE_ENCOUNTER': 'text_nl', 'DATE_VALIDATION': 'text_nl', 'DATE_HISTORY': 'text_nl', 'DOB': 'masc_ordinal', 'TELEFOON': 'intl', 'TELEFOON_MOBILE': 'slash_dot', 'STREET': 'plain', 'AGE': 'jaar'}"
CASE000220,M,65-79,central_african,Antwerpen,Vlaanderen,town,Emmanuel Mbala,dr. Mohamed Rahmani,dr. Adil Cherkaoui,Emmanuel Nkosi,Oom,68-jarige,man,29/04/2026,30/04/2026,04/07/2025,°11/04/1958,58.04.11-467.61,2 85536 32 006,BE27 3861 1692 2705,4337399205222997,Meersdries 165,2500,Lier,02 876 83 16,0475915615,emmanuel.mbala@skynet.be,https://www.kliniekheilighart.be,Kliniek Heilig Hart,Dermatologie,atopisch eczeem,syndroom van Cushing,Phalen-test,M. Subscapularis,Glucagen hypokit,Depakine chrono 500 mg,molaire zwangerschap uitgesloten,BMI 20.808,SSp,watchful waiting,,False,patient,patient,de heer,hij,zijn,"{'INSZ': 'dotted', 'RIZIV': 'spaced', 'IBAN': 'grouped', 'DATE_ENCOUNTER': 'dd/mm/yyyy', 'DATE_VALIDATION': 'dd/mm/yyyy', 'DATE_HISTORY': 'dd/mm/yyyy', 'DOB': 'degree', 'TELEFOON': 'spaced', 'TELEFOON_MOBILE': 'plain', 'STREET': 'plain', 'AGE': 'jarige'}"
CASE000221,F,50-64,flemish,Limburg,Vlaanderen,rural,Inge Goossens,dr. Onur Aydin,dr. Zuzana Nowak,Femke Van Damme,Nicht,52-jarige,vrouw,18/05/2026,19-05-2026,31-07-2022,°17-03-1974,74031726821,3 66229 43 480,BE68 7886 0415 4334,4560832004879789,Korteplein 229/4,3700,Tongeren,056 87 13 75,0490 66 31 16,inge.goossens@gmail.com,https://www.znamiddelheim.be,ZNA Middelheim,Oftalmologie,cataract incipiens bilateraal,ziekte van Graves,Bristol-schaal type 4,M. Supraspinatus,Progor retard 180 mg,Paracetamol 1 g,beers-teken afwezig,spO2: 94%,NSAID,blurr-test,,False,patient,patiente,mevrouw,zij,haar,"{'INSZ': 'plain', 'RIZIV': 'spaced', 'IBAN': 'grouped', 'DATE_ENCOUNTER': 'dd/mm/yyyy', 'DATE_VALIDATION': 'dd-mm-yyyy', 'DATE_HISTORY': 'dd-mm-yyyy', 'DOB': 'degree', 'TELEFOON': 'spaced', 'TELEFOON_MOBILE': 'spaced', 'STREET': 'slash', 'AGE': 'jarige'}"
CASE000222,M,35-49,turkish,Antwerpen,Vlaanderen,town,Mehmet Celik,dr. Katrien Coppens,dr. Giulia Fernandez,Merve Korkmaz,Zus,35-jarige,man,27.05.2026,27/05/2026,24/08/2018,°17-05-1991,91051735712,79626310003,BE07 3311 0965 9150,4201911166122017,Bergpark 142B,2500,Lier,+32 9 191 26 02,+32 (0)473/26.20.15,mehmet.celik@telenet.be,https://www.algemeenziekenhuisdamiaan.be,Algemeen Ziekenhuis Damiaan,Gastro-enterologie,refluxoesofagitis graad B,syndroom van Guillain-Barre,Jaeger transfertest,N. Medianus,Paracetamol 1 g,Ventolin aerosol,lintvormige stoelgang,18u,APO,no evidence of malignancy,,False,patient,patient,de heer,hij,zijn,"{'INSZ': 'plain', 'RIZIV': 'plain', 'IBAN': 'grouped', 'DATE_ENCOUNTER': 'dd.mm.yyyy', 'DATE_VALIDATION': 'dd/mm/yyyy', 'DATE_HISTORY': 'dd/mm/yyyy', 'DOB': 'degree', 'TELEFOON': 'intl', 'TELEFOON_MOBILE': 'intl_paren', 'STREET': 'letter', 'AGE': 'jarige'}"
CASE000223,F,18-34,flemish,West-Vlaanderen,Vlaanderen,town,Veerle Peeters,dr. Ilham Alaoui,dr. Emmanuel Mukendi,Jonas Peeters,Vader,27-jarige,vrouw,2026-04-15,16 april 2026,23 september 2018,°27 okt 1998,98.10.27 138 16,2-57420-18-008,BE41 1390 5204 4156,4585642304120276,Dorpkaai 188,8300,Knokke-Heist,+32 89 95 29 70,0477 58 15 18,veerle.peeters@telenet.be,https://www.ziekenhuisrivierenland.be,Ziekenhuis Rivierenland,Dermatologie,atopisch eczeem,ziekte van Bechterew,Humphrey - perimetrie,N. Medianus,Trianal suppo,Toujeo solostar,lintvormige stoelgang,18u,z.n.,full range of motion,,False,patient,patiente,mevrouw,zij,haar,"{'INSZ': 'mixed', 'RIZIV': 'dashed', 'IBAN': 'grouped', 'DATE_ENCOUNTER': 'yyyy-mm-dd', 'DATE_VALIDATION': 'text_nl', 'DATE_HISTORY': 'text_nl', 'DOB': 'degree', 'TELEFOON': 'intl', 'TELEFOON_MOBILE': 'spaced', 'STREET': 'plain', 'AGE': 'jarige'}"
CASE000224,M,18-34,flemish,West-Vlaanderen,Vlaanderen,rural,Koen Peeters,dr. Wim De Smet,dr. Wouter Dubois,An Goossens,Zus,19-jarige,man,26-05-2026,26/5/2026,2025,°20-04-2007,07 04 20 927 35,5-25239-16-480,BE26 7033 7997 5751,4068317641726806,Hoevewal 217 bus 4,8600,Diksmuide,03 471 24 76,0471 71 07 98,koen.peeters@telenet.be,https://www.jessaziekenhuis.be,Jessa Ziekenhuis,Pneumologie,obstructief longlijden GOLD II,teken van Lasegue,Humphrey - perimetrie,N. Medianus,Pantomed 40 mg,Glucagen hypokit,peervormige galblaas,4.95*,RYGB,shared decision making,,False,patient,patient,de heer,hij,zijn,"{'INSZ': 'spaced', 'RIZIV': 'dashed', 'IBAN': 'grouped', 'DATE_ENCOUNTER': 'dd-mm-yyyy', 'DATE_VALIDATION': 'd/m/yyyy', 'DATE_HISTORY': 'yyyy', 'DOB': 'degree', 'TELEFOON': 'spaced', 'TELEFOON_MOBILE': 'spaced', 'STREET': 'bus', 'AGE': 'jarige'}"
CASE000225,F,80-95,flemish,Oost-Vlaanderen,Vlaanderen,town,Els Jacobs,dr. Leen Dubois,dr. Jonas Lambert,Lore De Smet,Dochter,81-jarige,vrouw,03/05/2026,03-05-2026,05-07-2024,º9 maart 1945,45 03 09 446 56,2-90553-59-018,BE16 9471 7640 3532,4046661459011075,Marktdries 219/16,9100,Sint-Niklaas,+32 (0)54/27.46.66,0472/45.74.08,els.jacobs@gmail.com,https://www.azsintlucas.be,AZ Sint-Lucas,Fysische Geneeskunde en revalidatie,lumbaal facettair syndroom,ziekte van Hashimoto,Romberg negatief,m. Infraspinatus,Metformine viatris 500 mg,Atorstatine 20 mg,beeld passend bij bursitis,pH 7.38,ODS,no evidence of malignancy,,False,patient,patiente,mevrouw,zij,haar,"{'INSZ': 'spaced', 'RIZIV': 'dashed', 'IBAN': 'grouped', 'DATE_ENCOUNTER': 'dd/mm/yyyy', 'DATE_VALIDATION': 'dd-mm-yyyy', 'DATE_HISTORY': 'dd-mm-yyyy', 'DOB': 'masc_ordinal', 'TELEFOON': 'intl_paren', 'TELEFOON_MOBILE': 'slash_dot', 'STREET': 'slash', 'AGE': 'jarige'}"
CASE000226,M,65-79,flemish,Limburg,Vlaanderen,urban,Jan Maes,dr. Marc Wouters,dr. Jonas Declercq,Geert Van Acker,Oom,73 jaar,man,27/04/2026,29/04/2026,07/04/2023,°31/08/1952,52.08.31-605.01,5-60343-26-004,BE57 4587 6119 9246,4426203708782113,Smidlei 53,3500,Hasselt,03 562 38 99,+32 491 14 78 57,jan.maes@gmail.com,https://www.uzmariamiddelares.be,UZ Maria Middelares,Orthopedie,carpaal tunnelsyndroom,ziekte van Von Willebrand,Jaeger transfertest,M. Biceps caput longum,Ibuprofen 400 mg,Paracetamol 1 g,hamstringletsel links,3x/week,z.n.,shared decision making,,False,patient,patient,de heer,hij,zijn,"{'INSZ': 'dotted', 'RIZIV': 'dashed', 'IBAN': 'grouped', 'DATE_ENCOUNTER': 'dd/mm/yyyy', 'DATE_VALIDATION': 'dd/mm/yyyy', 'DATE_HISTORY': 'dd/mm/yyyy', 'DOB': 'degree', 'TELEFOON': 'spaced', 'TELEFOON_MOBILE': 'intl', 'STREET': 'plain', 'AGE': 'jaar'}"
CASE000227,F,35-49,turkish,Oost-Vlaanderen,Vlaanderen,town,Selin Demir,dr. An De Backer,dr. An Maes,Esra Celik,Tante,46,vrouw,20-05-2026,20-05-2026,2017-05-03,º21/08/1979,79.08.21-526.74,8-73267-24-007,BE30 4101 9878 8671,4276970409531418,Hoevestraat 89,9100,Sint-Niklaas,+32 (0)2/496.11.28,0495753421,selin.demir@gmail.com,https://www.azdelta.be,AZ Delta,Gynaecologie,myomateuze uterus,ziekte van Crohn,teken van Tinel,A. Radialis,Atorstatine 20 mg,Injectafer 1000 mg,beers-teken afwezig,FEV1/FVC 73.17,PTO,blurr-test,,False,patient,patiente,mevrouw,zij,haar,"{'INSZ': 'dotted', 'RIZIV': 'dashed', 'IBAN': 'grouped', 'DATE_ENCOUNTER': 'dd-mm-yyyy', 'DATE_VALIDATION': 'dd-mm-yyyy', 'DATE_HISTORY': 'yyyy-mm-dd', 'DOB': 'masc_ordinal', 'TELEFOON': 'intl_paren', 'TELEFOON_MOBILE': 'plain', 'STREET': 'plain', 'AGE': 'bare'}"
CASE000228,M,65-79,maghrebi,Antwerpen,Vlaanderen,rural,Hamza Bouzid,dr. Nele Willems,dr. Koen Declercq,Anas Rahmani,Grootvader,77,man,13 mei 2026,15-05-2026,6 november 2022,º04-09-1948,48090427396,5-75067-46-008,BE44 0693 7097 7729,4672879916091149,Hoevestraat 79,2860,Sint-Katelijne-Waver,014/08.93.48,0496 64 29 78,hamza.bouzid@telenet.be,https://www.klinieksintlucas.be,Kliniek Sint-Lucas,Urologie,benigne prostaathyperplasie,syndroom van Sjogren,Humphrey - perimetrie,M. Supraspinatus,Progor retard 180 mg,Paracetamol 1 g,peervormige galblaas,12u,ivm,Painful arc beiderzijds +,,False,patient,patient,de heer,hij,zijn,"{'INSZ': 'plain', 'RIZIV': 'dashed', 'IBAN': 'grouped', 'DATE_ENCOUNTER': 'text_abbr', 'DATE_VALIDATION': 'dd-mm-yyyy', 'DATE_HISTORY': 'text_nl', 'DOB': 'masc_ordinal', 'TELEFOON': 'slash_dot', 'TELEFOON_MOBILE': 'spaced', 'STREET': 'plain', 'AGE': 'bare'}"
CASE000229,F,50-64,southern_european,Antwerpen,Vlaanderen,town,Carmela Bristol,dr. Geert Dubois,dr. Serkan Ozturk,Ana Fernandez,Dochter,56 jaar,vrouw,12-05-2026,12 mei 2026,26 november 2018,º19/12/1969,69.12.19-666.06,1-33099-82-007,BE09320821234610,4926648698939690,Bloemstraat 214A,2440,Geel,02 880 67 82,0472/56.34.52,carmela.bristol@gmail.com,https://www.azdelta.be,AZ Delta,Fysische Geneeskunde en revalidatie,subacromiale bursitis,syndroom van Raynaud,Glasgow Coma Scale 15,A. Radialis,Cose protect,Nexiam 20 mg,geel verkleurde sclerae,HR: 68,OS,no evidence of malignancy,,True,patient,patiente,mevrouw,zij,haar,"{'INSZ': 'dotted', 'RIZIV': 'dashed', 'IBAN': 'plain', 'DATE_ENCOUNTER': 'dd-mm-yyyy', 'DATE_VALIDATION': 'text_abbr', 'DATE_HISTORY': 'text_nl', 'DOB': 'masc_ordinal', 'TELEFOON': 'spaced', 'TELEFOON_MOBILE': 'slash_dot', 'STREET': 'letter', 'AGE': 'jaar'}"
CASE000230,M,35-49,flemish,Antwerpen,Vlaanderen,town,Bart Van Peer,dr. Miroslav Kowalski,dr. Lode Maes,Marc Goossens,Neef,45-jarige,man,23/04/2026,24/4/2026,10.06.2023,º06/04/1981,81040672746,7-79077-27-006,BE40 5630 7024 8201,4642045657758091,Wilgenvest 191,2200,Herentals,+32 50 20 46 64,0497/71.78.55,bart.vanpeer@gmail.com,https://www.uzheilighart.be,UZ Heilig Hart,Urologie,benigne prostaathyperplasie,ziekte van Dupuytren,Schirmer-test,N. Medianus,L-thyroxine 50 mcg,Lambipol 100 mg,beers-teken afwezig,-0.25 ^ -0.25 as 165 graden,RYGB,full range of motion,,True,patient,patient,de heer,hij,zijn,"{'INSZ': 'plain', 'RIZIV': 'dashed', 'IBAN': 'grouped', 'DATE_ENCOUNTER': 'dd/mm/yyyy', 'DATE_VALIDATION': 'd/m/yyyy', 'DATE_HISTORY': 'dd.mm.yyyy', 'DOB': 'masc_ordinal', 'TELEFOON': 'intl', 'TELEFOON_MOBILE': 'slash_dot', 'STREET': 'plain', 'AGE': 'jarige'}"
CASE000231,F,65-79,flemish,West-Vlaanderen,Vlaanderen,town,Lieve Willems,dr. Esra Yilmaz,dr. Inge Goossens,Tine Willems,Moeder,70-jarige,vrouw,21/5/2026,21/05/2026,18-02-2024,º20-11-1955,55.11.20-988.32,6-01601-90-480,BE81 4394 2075 0897,4129957047264261,Groenevest 35A,8300,Knokke-Heist,059 86 00 80,+32 491 66 50 61,lieve.willems@telenet.be,https://www.kliniekheilighart.be,Kliniek Heilig Hart,Fysische Geneeskunde en revalidatie,laterale epicondylitis rechts,ziekte van Parkinson,Humphrey - perimetrie,M. Subscapularis,Atorstatine 20 mg,Lambipol 100 mg,beers-teken afwezig,22u,PTO,watchful waiting,,False,patient,patiente,mevrouw,zij,haar,"{'INSZ': 'dotted', 'RIZIV': 'dashed', 'IBAN': 'grouped', 'DATE_ENCOUNTER': 'd/m/yyyy', 'DATE_VALIDATION': 'dd/mm/yyyy', 'DATE_HISTORY': 'dd-mm-yyyy', 'DOB': 'masc_ordinal', 'TELEFOON': 'spaced', 'TELEFOON_MOBILE': 'intl', 'STREET': 'letter', 'AGE': 'jarige'}"
CASE000232,M,50-64,flemish,Oost-Vlaanderen,Vlaanderen,rural,Geert De Backer,dr. Ann Lambert,dr. Vasile Wisniewski,Leen Verhoeven,Grootmoeder,53-jarige,man,12 mei 2026,13/05/2026,11/2016,°19/6/1972,72.06.19-033.78,8-08649-40-030,BE98 3361 0036 6585,4038862175080192,Visserslei 240 bus 6,9600,Ronse,059-97 91 77,+32 485 97 26 31,geert.debacker@gmail.com,https://www.ziekenhuissintlucas.be,Ziekenhuis Sint-Lucas,Pneumologie,obstructief slaapapneusyndroom,syndroom van Sjogren,Snellen 1,m. Deltoideus,Ozempic 1 mg,Ibuprofen 400 mg,boomstructuur van de bronchi,2/d,antec.,no evidence of malignancy,,False,patient,patient,de heer,hij,zijn,"{'INSZ': 'dotted', 'RIZIV': 'dashed', 'IBAN': 'grouped', 'DATE_ENCOUNTER': 'text_nl', 'DATE_VALIDATION': 'dd/mm/yyyy', 'DATE_HISTORY': 'mm/yyyy', 'DOB': 'degree', 'TELEFOON': 'dashed', 'TELEFOON_MOBILE': 'intl', 'STREET': 'bus', 'AGE': 'jarige'}"
CASE000233,F,80-95,maghrebi,Antwerpen,Vlaanderen,town,Samira Cherkaoui,dr. Jonas Peeters,dr. Rik Maes,Yasmine Idrissi,Tante,90-jarige,vrouw,10-05-2026,12-05-2026,30/08/2015,°06/10/1935,35.10.06-354.77,2 80617 04 008,BE92 2802 6423 6614,4999698829045794,Visserspad 135,2300,Turnhout,059 10 53 91,0487 64 65 84,samira.cherkaoui@skynet.be,https://www.azturnhout.be,AZ Turnhout,Orthopedie,carpaal tunnelsyndroom,syndroom van Guillain-Barre,Humphrey - perimetrie,m. Deltoideus,Pantomed 40 mg,Paracetamol 1 g,peervormige galblaas,22u,antec.,blurr-test,,False,patient,patient,mevrouw,zij,haar,"{'INSZ': 'dotted', 'RIZIV': 'spaced', 'IBAN': 'grouped', 'DATE_ENCOUNTER': 'dd-mm-yyyy', 'DATE_VALIDATION': 'dd-mm-yyyy', 'DATE_HISTORY': 'dd/mm/yyyy', 'DOB': 'degree', 'TELEFOON': 'spaced', 'TELEFOON_MOBILE': 'spaced', 'STREET': 'plain', 'AGE': 'jarige'}"
CASE000234,M,18-34,maghrebi,Limburg,Vlaanderen,urban,Karim El Fassi,dr. Khadija El Fassi,dr. Wim Jacobs,Meryem Idrissi,Nicht,30-jarige,man,03/05/2026,3/5/2026,27-11-2015,°07/03/1996,96.03.07-947.07,1-51774-31-007,BE31159634413517,4384531980746822,Kortelaan 60,3500,Hasselt,058/98.76.10,0456/37.24.47,karim.elfassi@skynet.be,https://www.uzdevoorzorg.be,UZ De Voorzorg,Gastro-enterologie,lichte chronische niet specifieke colitis,ziekte van Graves,Schirmer-test,A. Radialis,Cose protect,Ozempic 1 mg,geel verkleurde sclerae,2/d,RYGB,blurr-test,,False,patient,patient,de heer,hij,zijn,"{'INSZ': 'dotted', 'RIZIV': 'dashed', 'IBAN': 'plain', 'DATE_ENCOUNTER': 'dd/mm/yyyy', 'DATE_VALIDATION': 'd/m/yyyy', 'DATE_HISTORY': 'dd-mm-yyyy', 'DOB': 'degree', 'TELEFOON': 'slash_dot', 'TELEFOON_MOBILE': 'slash_dot', 'STREET': 'plain', 'AGE': 'jarige'}"
CASE000235,F,80-95,central_african,Antwerpen,Vlaanderen,town,Grace Mukendi,dr. Iwona Nowak,dr. Koen Vermeulen,Bernadette Lumumba,Nicht,94-jarige,vrouw,23.05.2026,23 mei 2026,12/9/2025,º27-11-1931,31 11 27 380 23,4-13619-86-004,BE26 1018 2920 2540,4697083868889177,Lindelei 1,2440,Geel,010 58 36 68,+32 490 18 48 68,grace.mukendi@gmail.com,https://www.kliniekzeepreventorium.be,Kliniek Zeepreventorium,Pneumologie,obstructief longlijden GOLD II,ziekte van Dupuytren,Barthel-index 90,m. Infraspinatus,Progor retard 180 mg,Asaflow 80 mg,molaire zwangerschap uitgesloten,4.95*,ivm,blurr-test,,False,patient,patiente,mevrouw,zij,haar,"{'INSZ': 'spaced', 'RIZIV': 'dashed', 'IBAN': 'grouped', 'DATE_ENCOUNTER': 'dd.mm.yyyy', 'DATE_VALIDATION': 'text_abbr', 'DATE_HISTORY': 'd/m/yyyy', 'DOB': 'masc_ordinal', 'TELEFOON': 'spaced', 'TELEFOON_MOBILE': 'intl', 'STREET': 'plain', 'AGE': 'jarige'}"
CASE000236,M,65-79,flemish,Brussel-Hoofdstad,Brussel,urban,Tom Maes,dr. Femke Declercq,dr. Geert Peeters,Jan Coppens,Vader,74 jaar,man,20/05/2026,20-05-2026,16 januari 2017,°05/12/1951,51.12.05-995.10,2-23499-86-480,BE66 5003 0638 6093,4542185457056824,Zonnesteenweg 71/9,1030,Schaarbeek,09-264 22 29,0483/65.75.09,tom.maes@telenet.be,https://www.ziekenhuisdevoorzorg.be,Ziekenhuis De Voorzorg,Neurologie,migraine met aura,manoeuvre van Valsalva,Jaeger transfertest,M. Subscapularis,Progor retard 180 mg,Injectafer 1000 mg,beeld passend bij bursitis,T 37.2,RYGB,watchful waiting,,False,patient,patiente,de heer,hij,zijn,"{'INSZ': 'dotted', 'RIZIV': 'dashed', 'IBAN': 'grouped', 'DATE_ENCOUNTER': 'dd/mm/yyyy', 'DATE_VALIDATION': 'dd-mm-yyyy', 'DATE_HISTORY': 'text_nl', 'DOB': 'degree', 'TELEFOON': 'dashed', 'TELEFOON_MOBILE': 'slash_dot', 'STREET': 'slash', 'AGE': 'jaar'}"
CASE000237,F,50-64,southern_european,West-Vlaanderen,Vlaanderen,urban,Ana Fernandez,dr. Stijn Van Damme,dr. Dimitar Ionescu,Angelo Costa,Vader,53-jarige,vrouw,17/5/2026,2026-05-17,07/02/2018,°17-12-1972,72.12.17-140.73,54007125004,BE04596716816165,4923007169500742,Vissersstraat 247/15,8500,Kortrijk,+32 3 711 52 61,0471-95 46 29,ana.fernandez@telenet.be,https://www.klinieksintrembert.be,Kliniek Sint-Rembert,Gynaecologie,endometriose,teken van Lasegue,Barthel-index 90,m. Deltoideus,Diltiazemzalf 2%,Ozempic 1 mg,hamstringletsel links,18u,PPI,shared decision making,,False,patient,patiente,mevrouw,zij,haar,"{'INSZ': 'dotted', 'RIZIV': 'plain', 'IBAN': 'plain', 'DATE_ENCOUNTER': 'd/m/yyyy', 'DATE_VALIDATION': 'yyyy-mm-dd', 'DATE_HISTORY': 'dd/mm/yyyy', 'DOB': 'degree', 'TELEFOON': 'intl', 'TELEFOON_MOBILE': 'dashed', 'STREET': 'slash', 'AGE': 'jarige'}"
CASE000238,M,50-64,flemish,West-Vlaanderen,Vlaanderen,urban,Filip Wouters,dr. Griet Vermeulen,dr. Emmanuel Kalala,Katrien Claes,Dochter,59,man,2026-05-26,27-05-2026,15/02/2022,º23 februari 1967,67 02 23 575 59,7-96241-32-030,BE68752571810520,4883842536462806,Veldsteenweg 240B,8500,Kortrijk,03 680 64 86,0486/57.24.75,filip.wouters@proximus.be,https://www.azdelta.be,AZ Delta,Gastro-enterologie,status na gastric bypass (RYGB),ziekte van Graves,Snellen 1,lig. Collaterale mediale,Pantomed 40 mg,Metformine viatris 500 mg,beeld passend bij bursitis,2cc,i.o.m.,full range of motion,,False,patient,patient,de heer,hij,zijn,"{'INSZ': 'spaced', 'RIZIV': 'dashed', 'IBAN': 'plain', 'DATE_ENCOUNTER': 'yyyy-mm-dd', 'DATE_VALIDATION': 'dd-mm-yyyy', 'DATE_HISTORY': 'dd/mm/yyyy', 'DOB': 'masc_ordinal', 'TELEFOON': 'spaced', 'TELEFOON_MOBILE': 'slash_dot', 'STREET': 'letter', 'AGE': 'bare'}"
CASE000239,F,35-49,eastern_european,Antwerpen,Vlaanderen,urban,Magdalena Kowalski,dr. Veerle Jacobs,dr. An Van Acker,Andrzej Nowak,Broer,40 jaar,vrouw,29-04-2026,01.05.2026,06/2021,°18 maa 1986,86031802006,2-49237-53-018,BE65 3255 8189 1267,4015153259479501,Hoeveberg 28,2800,Mechelen,+32 2 201 22 75,0491 45 07 01,magdalena.kowalski@gmail.com,https://www.imeldaziekenhuis.be,Imeldaziekenhuis,Gastro-enterologie,diverticulose sigmoid,syndroom van Raynaud,Snellen 1,lig. Collaterale mediale,Glucagen hypokit,Pantomed 40 mg,boomstructuur van de bronchi,1 a 2 /d,tvv,no evidence of malignancy,,False,patient,patiente,mevrouw,zij,haar,"{'INSZ': 'plain', 'RIZIV': 'dashed', 'IBAN': 'grouped', 'DATE_ENCOUNTER': 'dd-mm-yyyy', 'DATE_VALIDATION': 'dd.mm.yyyy', 'DATE_HISTORY': 'mm/yyyy', 'DOB': 'degree', 'TELEFOON': 'intl', 'TELEFOON_MOBILE': 'spaced', 'STREET': 'plain', 'AGE': 'jaar'}"
CASE000240,M,80-95,maghrebi,Vlaams-Brabant,Vlaanderen,town,Mohamed Boom,dr. Jonas Peeters,dr. Jan Wouters,Nadia Rahmani,Moeder,91-jarige,man,26/4/2026,28-04-2026,08/12/2017,°22/02/1935,35.02.22-629.42,19835114007,BE64721513641910,4378423394495303,Abdijplein 184 bus 16,1800,Vilvoorde,057/99.00.69,0456/70.07.09,mohamed.boom@telenet.be,https://www.ziekenhuissintvincentius.be,Ziekenhuis Sint-Vincentius,Gastro-enterologie,ulcus anastomoticum,ziekte van Bechterew,Romberg negatief,lig. Collaterale mediale,Sipralexa 20 mg,Toujeo solostar,molaire zwangerschap uitgesloten,HR: 68,RYGB,blurr-test,,True,patient,patient,de heer,hij,zijn,"{'INSZ': 'dotted', 'RIZIV': 'plain', 'IBAN': 'plain', 'DATE_ENCOUNTER': 'd/m/yyyy', 'DATE_VALIDATION': 'dd-mm-yyyy', 'DATE_HISTORY': 'dd/mm/yyyy', 'DOB': 'degree', 'TELEFOON': 'slash_dot', 'TELEFOON_MOBILE': 'slash_dot', 'STREET': 'bus', 'AGE': 'jarige'}"
CASE000241,F,35-49,flemish,West-Vlaanderen,Vlaanderen,town,Veerle Van den Berghe,dr. Pieter De Backer,dr. Bart Coppens,Leen Goossens,Zus,35-jarige,vrouw,7 mei 2026,07-05-2026,07/01/2025,°18 feb 1991,91.02.18-586.23,14176846030,BE18 7466 3252 0238,4921299642603365,Molenwal 126B,8300,Knokke-Heist,09-732 90 45,0487/42.96.72,veerle.vandenberghe@skynet.be,https://www.azalma.be,AZ Alma,Pneumologie,obstructief slaapapneusyndroom,ziekte van Dupuytren,Snellen 1,M. Subscapularis,Pantomed 40 mg,Progor retard 180 mg,molaire zwangerschap uitgesloten,300 ie/ml 1.5 ml,NSAID,Painful arc beiderzijds +,,False,patient,patiente,mevrouw,zij,haar,"{'INSZ': 'dotted', 'RIZIV': 'plain', 'IBAN': 'grouped', 'DATE_ENCOUNTER': 'text_abbr', 'DATE_VALIDATION': 'dd-mm-yyyy', 'DATE_HISTORY': 'dd/mm/yyyy', 'DOB': 'degree', 'TELEFOON': 'dashed', 'TELEFOON_MOBILE': 'slash_dot', 'STREET': 'letter', 'AGE': 'jarige'}"
CASE000242,M,80-95,maghrebi,Brussel-Hoofdstad,Brussel,urban,Ismail Bouzid,dr. Patrick Ilunga,dr. Dirk Declercq,Yassine Ouazzani,Neef,80-jarige,man,06-05-2026,08-05-2026,26/12/2016,°14-04-1946,46 04 14 501 73,8-57899-66-003,BE66 4023 8000 4568,4692897284540188,Langehof 55 bus 7,1000,Brussel,+32 57 21 68 80,0498/98.43.30,ismail.bouzid@skynet.be,https://www.jessaziekenhuis.be,Jessa Ziekenhuis,Gastro-enterologie,status na gastric bypass (RYGB),ziekte van Parkinson,Romberg negatief,M. Subscapularis,Asaflow 80 mg,Atorstatine 20 mg,peervormige galblaas,0.5 mg,APO,no evidence of malignancy,,False,patient,patient,de heer,hij,zijn,"{'INSZ': 'spaced', 'RIZIV': 'dashed', 'IBAN': 'grouped', 'DATE_ENCOUNTER': 'dd-mm-yyyy', 'DATE_VALIDATION': 'dd-mm-yyyy', 'DATE_HISTORY': 'dd/mm/yyyy', 'DOB': 'degree', 'TELEFOON': 'intl', 'TELEFOON_MOBILE': 'slash_dot', 'STREET': 'bus', 'AGE': 'jarige'}"
CASE000243,F,18-34,flemish,Vlaams-Brabant,Vlaanderen,town,Marleen Wouters,dr. Sofie Mertens,dr. Giuseppe Garcia,Kris Peeters,Zoon,25 jaar,vrouw,18 april 2026,20/04/2026,2025-08-08,°2001-03-16,01.03.16-052.24,3 90453 69 006,BE48 9372 4354 3592,4775691983210296,Groeneweg 225,1700,Dilbeek,02 650 64 63,+32 456 07 44 91,marleen.wouters@telenet.be,https://www.imeldaziekenhuis.be,Imeldaziekenhuis,Fysische Geneeskunde en revalidatie,supraspinatuspeestendinose bilateraal,ziekte van Bechterew,Bristol-schaal type 4,m. Infraspinatus,Injectafer 1000 mg,Nexiam 20 mg,as 165 graden,-0.25 ^ -0.25 as 165 graden,PRP,shared decision making,,False,patient,patiente,mevrouw,zij,haar,"{'INSZ': 'dotted', 'RIZIV': 'spaced', 'IBAN': 'grouped', 'DATE_ENCOUNTER': 'text_nl', 'DATE_VALIDATION': 'dd/mm/yyyy', 'DATE_HISTORY': 'yyyy-mm-dd', 'DOB': 'degree', 'TELEFOON': 'spaced', 'TELEFOON_MOBILE': 'intl', 'STREET': 'plain', 'AGE': 'jaar'}"
CASE000244,M,50-64,flemish,Vlaams-Brabant,Vlaanderen,rural,Tom De Backer,dr. Serge Lumumba,dr. Kris Jacobs,Els Lambert,Moeder,58-jarige,man,23/04/2026,24.04.2026,30 april 2016,º28-05-1968,68052897734,8 89727 54 003,BE61 2550 4875 0388,4262611424362589,Brouwersweg 44,3200,Aarschot,09/634.93.39,0470/38.82.77,tom.debacker@proximus.be,https://www.kliniekmariamiddelares.be,Kliniek Maria Middelares,Endocrinologie,type 2 diabetes mellitus,syndroom van Raynaud,Bristol-schaal type 4,M. Subscapularis,Glucagen hypokit,Paracetamol 1 g,beers-teken afwezig,300 ie/ml 1.5 ml,PRP,no evidence of malignancy,,False,patient,patient,de heer,hij,zijn,"{'INSZ': 'plain', 'RIZIV': 'spaced', 'IBAN': 'grouped', 'DATE_ENCOUNTER': 'dd/mm/yyyy', 'DATE_VALIDATION': 'dd.mm.yyyy', 'DATE_HISTORY': 'text_nl', 'DOB': 'masc_ordinal', 'TELEFOON': 'slash_dot', 'TELEFOON_MOBILE': 'slash_dot', 'STREET': 'plain', 'AGE': 'jarige'}"
CASE000245,F,80-95,maghrebi,Antwerpen,Vlaanderen,town,Ilham El Habti,dr. Miguel Silva,dr. Leen Mertens,Yasmine Ouazzani,Dochter,83,vrouw,16-04-2026,16/04/2026,2021,°22 november 1942,42 11 22 208 91,9-54837-31-003,BE93 7593 8851 5334,4536597466986163,Eikensteenweg 41B,2300,Turnhout,054947576,0497-34 92 98,ilham.elhabti@skynet.be,https://www.uzsintrembert.be,UZ Sint-Rembert,Neurologie,perifere polyneuropathie,syndroom van Raynaud,Jaeger transfertest,m. Infraspinatus,Toujeo solostar,Ozempic 1 mg,hamstringletsel links,spO2: 94%,RYGB,no evidence of malignancy,,False,patient,patiente,mevrouw,zij,haar,"{'INSZ': 'spaced', 'RIZIV': 'dashed', 'IBAN': 'grouped', 'DATE_ENCOUNTER': 'dd-mm-yyyy', 'DATE_VALIDATION': 'dd/mm/yyyy', 'DATE_HISTORY': 'yyyy', 'DOB': 'degree', 'TELEFOON': 'plain', 'TELEFOON_MOBILE': 'dashed', 'STREET': 'letter', 'AGE': 'bare'}"
CASE000246,M,0-17,southern_european,Limburg,Vlaanderen,rural,Giuseppe Ferrari,dr. Onur Ozturk,dr. Hilde De Clercq,Marco Fernandez,Broer,10,man,20 mei 2026,20-05-2026,16-09-2021,°19/7/2015,15.07.19-273.35,2 90413 05 030,BE61317027160057,4158718452354268,Nieuwpad 101A,3630,Maasmechelen,093731008,+32 (0)497/15.63.67,giuseppe.ferrari@gmail.com,https://www.algemeenziekenhuissintvincentius.be,Algemeen Ziekenhuis Sint-Vincentius,Oftalmologie,droge maculadegeneratie,syndroom van Raynaud,Schirmer-test,lig. Collaterale mediale,Atorstatine 20 mg,Glucagen hypokit,lintvormige stoelgang,12u,NSAID,shared decision making,,False,patient,patient,de heer,hij,zijn,"{'INSZ': 'dotted', 'RIZIV': 'spaced', 'IBAN': 'plain', 'DATE_ENCOUNTER': 'text_nl', 'DATE_VALIDATION': 'dd-mm-yyyy', 'DATE_HISTORY': 'dd-mm-yyyy', 'DOB': 'degree', 'TELEFOON': 'plain', 'TELEFOON_MOBILE': 'intl_paren', 'STREET': 'letter', 'AGE': 'bare'}"
CASE000247,F,65-79,maghrebi,Limburg,Vlaanderen,town,Khadija Idrissi,dr. Koen Van den Berghe,dr. Nadia Cherkaoui,Rachid El Amrani,Vader,65-jarige,vrouw,2026-04-18,20/04/2026,29/09/2021,°15 november 1960,60.11.15 550 46,1-65936-31-003,BE98 3580 6063 2988,4136955286209295,Molenlaan 13,3800,Sint-Truiden,+32 9 094 39 13,0489/80.88.11,khadija.idrissi@gmail.com,https://www.kliniekzeepreventorium.be,Kliniek Zeepreventorium,Gastro-enterologie,ulcus anastomoticum,ziekte van Dupuytren,Goldmann applanatie,N. Medianus,Lyumjev kwikpen,Progor retard 180 mg,molaire zwangerschap uitgesloten,BMI 20.808,APO,blurr-test,,False,patient,patiente,mevrouw,zij,haar,"{'INSZ': 'mixed', 'RIZIV': 'dashed', 'IBAN': 'grouped', 'DATE_ENCOUNTER': 'yyyy-mm-dd', 'DATE_VALIDATION': 'dd/mm/yyyy', 'DATE_HISTORY': 'dd/mm/yyyy', 'DOB': 'degree', 'TELEFOON': 'intl', 'TELEFOON_MOBILE': 'slash_dot', 'STREET': 'plain', 'AGE': 'jarige'}"
CASE000248,M,18-34,flemish,Antwerpen,Vlaanderen,town,Rik Willems,dr. Lore Goossens,dr. Serkan Sahin,Rik Lambert,Vader,32-jarige,man,28/04/2026,29/04/2026,30/09/2024,°25-07-1993,93 07 25 047 41,6 36294 26 006,BE41 6673 9105 9537,4673574223322282,Gaverdreef 259,2500,Lier,+32 59 38 82 17,+32 456 80 55 90,rik.willems@telenet.be,https://www.algemeenziekenhuismariamiddelares.be,Algemeen Ziekenhuis Maria Middelares,Gastro-enterologie,ulcus anastomoticum,ziekte van Hashimoto,Humphrey - perimetrie,m. Deltoideus,Metformine viatris 500 mg,Lyumjev kwikpen,molaire zwangerschap uitgesloten,0.5 mg,PPI,watchful waiting,,False,patient,patient,de heer,hij,zijn,"{'INSZ': 'spaced', 'RIZIV': 'spaced', 'IBAN': 'grouped', 'DATE_ENCOUNTER': 'dd/mm/yyyy', 'DATE_VALIDATION': 'dd/mm/yyyy', 'DATE_HISTORY': 'dd/mm/yyyy', 'DOB': 'degree', 'TELEFOON': 'intl', 'TELEFOON_MOBILE': 'intl', 'STREET': 'plain', 'AGE': 'jarige'}"
CASE000249,F,80-95,flemish,West-Vlaanderen,Vlaanderen,town,Els Van Acker,dr. Ioana Dimitrov,dr. Nadia Alaoui,Tom Maes,Oom,85 jaar,vrouw,24/04/2026,24/4/2026,20/09/2022,°19-12-1940,40 12 19 108 52,96787885007,BE97 5326 0305 8462,4151641195564091,Kasteelbaan 157,8400,Oostende,04 639 75 61,0478 60 05 46,els.vanacker@telenet.be,https://www.klinieksintblasius.be,Kliniek Sint-Blasius,Gastro-enterologie,coeliakie,manoeuvre van Valsalva,Phalen-test,M. Supraspinatus,Cose protect,Ozempic 1 mg,lintvormige stoelgang,0.5 mg,nle,SSp testen positief,,False,patient,patiente,mevrouw,zij,haar,"{'INSZ': 'spaced', 'RIZIV': 'plain', 'IBAN': 'grouped', 'DATE_ENCOUNTER': 'dd/mm/yyyy', 'DATE_VALIDATION': 'd/m/yyyy', 'DATE_HISTORY': 'dd/mm/yyyy', 'DOB': 'degree', 'TELEFOON': 'spaced', 'TELEFOON_MOBILE': 'spaced', 'STREET': 'plain', 'AGE': 'jaar'}"
CASE000250,M,18-34,central_african,Vlaams-Brabant,Vlaanderen,rural,Emmanuel Ilunga,dr. Nabil Alaoui,dr. Luc Mertens,Joseph Lumumba,Broer,18-jarige,man,29-04-2026,01-05-2026,5 juni 2019,°23-05-2008,08 05 23 221 97,1 77797 04 006,BE31 5387 0212 4770,4191654308952311,Meersbaan 41C,3200,Aarschot,058 89 78 65,0493268087,emmanuel.ilunga@skynet.be,https://www.klinieksintlucas.be,Kliniek Sint-Lucas,Endocrinologie,type 2 diabetes mellitus,ziekte van Von Willebrand,Jaeger transfertest,m. Infraspinatus,Cose protect,D-cure 25 000 ie,molaire zwangerschap uitgesloten,1/d,i.o.m.,full range of motion,,False,patient,patient,de heer,hij,zijn,"{'INSZ': 'spaced', 'RIZIV': 'spaced', 'IBAN': 'grouped', 'DATE_ENCOUNTER': 'dd-mm-yyyy', 'DATE_VALIDATION': 'dd-mm-yyyy', 'DATE_HISTORY': 'text_nl', 'DOB': 'degree', 'TELEFOON': 'spaced', 'TELEFOON_MOBILE': 'plain', 'STREET': 'letter', 'AGE': 'jarige'}"
CASE000251,F,35-49,flemish,Limburg,Vlaanderen,town,Lore Jaeger,dr. Femke Van den Berghe,dr. Lore Van den Berghe,Pieter De Smet,Oom,39-jarige,vrouw,02.05.2026,02-05-2026,18/06/2021,°17/10/1986,86.10.17-264.35,9-99574-11-018,BE13 0216 1668 3150,4128276364315940,Weverbaan 181 bus 6,3600,Genk,012 19 52 96,0476068847,lore.jaeger@proximus.be,https://www.kliniekdamiaan.be,Kliniek Damiaan,Gastro-enterologie,refluxoesofagitis graad B,manoeuvre van Valsalva,Phalen-test,N. Medianus,Nexiam 20 mg,Depakine chrono 500 mg,as 165 graden,18u,OD,SSp testen positief,,True,patient,patiente,mevrouw,zij,haar,"{'INSZ': 'dotted', 'RIZIV': 'dashed', 'IBAN': 'grouped', 'DATE_ENCOUNTER': 'dd.mm.yyyy', 'DATE_VALIDATION': 'dd-mm-yyyy', 'DATE_HISTORY': 'dd/mm/yyyy', 'DOB': 'degree', 'TELEFOON': 'spaced', 'TELEFOON_MOBILE': 'plain', 'STREET': 'bus', 'AGE': 'jarige'}"
CASE000252,M,65-79,flemish,Limburg,Vlaanderen,rural,Stijn De Smet,dr. Leen Van Acker,dr. Marleen Coppens,Stijn Vermeulen,Broer,79 jaar,man,2026-05-27,29-05-2026,5 mei 2017,°24/02/1947,47.02.24 049 38,72214223018,BE49 4617 1115 0101,4655792203004496,Groenepark 112,3630,Maasmechelen,+32 2 972 02 17,0488/41.38.66,stijn.desmet@gmail.com,https://www.algemeenziekenhuissintjozef.be,Algemeen Ziekenhuis Sint-Jozef,Oftalmologie,open kamerhoek glaucoom,syndroom van Raynaud,Phalen-test,m. Infraspinatus,Lyumjev kwikpen,Trianal suppo,boomstructuur van de bronchi,4.95*,PRP,shared decision making,,False,patient,patiente,de heer,hij,zijn,"{'INSZ': 'mixed', 'RIZIV': 'plain', 'IBAN': 'grouped', 'DATE_ENCOUNTER': 'yyyy-mm-dd', 'DATE_VALIDATION': 'dd-mm-yyyy', 'DATE_HISTORY': 'text_abbr', 'DOB': 'degree', 'TELEFOON': 'intl', 'TELEFOON_MOBILE': 'slash_dot', 'STREET': 'plain', 'AGE': 'jaar'}"
CASE000253,F,80-95,flemish,Antwerpen,Vlaanderen,urban,Femke Van den Berghe,dr. Carmela Santos,dr. An De Backer,Kris Maes,Vader,91 jaar,vrouw,05/05/2026,07-05-2026,06/2022,°23/04/1935,35.04.23-336.28,5-15811-35-030,BE26091144734796,4680085294690219,Oudebaan 190,2800,Mechelen,04 742 46 31,0477845791,femke.vandenberghe@gmail.com,https://www.imeldaziekenhuis.be,Imeldaziekenhuis,Oftalmologie,droge maculadegeneratie,syndroom van Guillain-Barre,Schirmer-test,m. Infraspinatus,Pantomed 40 mg,Metformine viatris 500 mg,boomstructuur van de bronchi,2/d,OD,blurr-test,,False,patient,patiente,mevrouw,zij,haar,"{'INSZ': 'dotted', 'RIZIV': 'dashed', 'IBAN': 'plain', 'DATE_ENCOUNTER': 'dd/mm/yyyy', 'DATE_VALIDATION': 'dd-mm-yyyy', 'DATE_HISTORY': 'mm/yyyy', 'DOB': 'degree', 'TELEFOON': 'spaced', 'TELEFOON_MOBILE': 'plain', 'STREET': 'plain', 'AGE': 'jaar'}"
CASE000254,M,0-17,flemish,Vlaams-Brabant,Vlaanderen,town,Bart De Backer,dr. Tine Van den Berghe,dr. Veerle Willems,Lieve Van Acker,Zus,7-jarige,man,2026-05-28,28/05/2026,4 sep 2025,º24-11-2018,18.11.24-111.41,3-25995-22-007,BE88 0123 6012 0113,4239847230342023,Lindestraat 113 bus 7,1700,Dilbeek,+32 56 62 79 95,0483 31 95 07,bart.debacker@proximus.be,https://www.azturnhout.be,AZ Turnhout,Oftalmologie,geen diabetische retinopathie,syndroom van Guillain-Barre,Humphrey - perimetrie,M. Biceps caput longum,D-cure 25 000 ie,Pantomed 40 mg,peervormige galblaas,8u,PPI,SSp testen positief,,False,patient,patient,de heer,hij,zijn,"{'INSZ': 'dotted', 'RIZIV': 'dashed', 'IBAN': 'grouped', 'DATE_ENCOUNTER': 'yyyy-mm-dd', 'DATE_VALIDATION': 'dd/mm/yyyy', 'DATE_HISTORY': 'text_abbr', 'DOB': 'masc_ordinal', 'TELEFOON': 'intl', 'TELEFOON_MOBILE': 'spaced', 'STREET': 'bus', 'AGE': 'jarige'}"
CASE000255,F,35-49,central_african,Vlaams-Brabant,Vlaanderen,rural,Josiane Kabongo,dr. Josiane Tshibangu,dr. Esther Bope,Emmanuel Mukendi,Grootvader,42 jaar,vrouw,4 mei 2026,2026-05-05,14-08-2018,°09-11-1983,83.11.09-452.31,2-61571-38-480,BE61 1616 1499 0696,4803586901707405,Abdijring 33A,3200,Aarschot,058237337,0472 23 12 16,josiane.kabongo@skynet.be,https://www.algemeenziekenhuisrivierenland.be,Algemeen Ziekenhuis Rivierenland,Gastro-enterologie,ferriprieve anaemie,manoeuvre van Valsalva,Jaeger transfertest,N. Medianus,Glucagen hypokit,Cose protect,hamstringletsel links,T 37.2,i.o.m.,blurr-test,,False,patient,patiente,mevrouw,zij,haar,"{'INSZ': 'dotted', 'RIZIV': 'dashed', 'IBAN': 'grouped', 'DATE_ENCOUNTER': 'text_abbr', 'DATE_VALIDATION': 'yyyy-mm-dd', 'DATE_HISTORY': 'dd-mm-yyyy', 'DOB': 'degree', 'TELEFOON': 'plain', 'TELEFOON_MOBILE': 'spaced', 'STREET': 'letter', 'AGE': 'jaar'}"
CASE000256,M,65-79,turkish,Antwerpen,Vlaanderen,urban,Serkan Dogan,dr. Ioana Popescu,dr. Bart Peeters,Zeynep Kaya,Dochter,79 jaar,man,4 mei 2026,4 mei 2026,26-07-2021,º08-10-1946,46.10.08-901.89,7-77431-24-030,BE23 9972 5858 2434,4537749266329560,Bergstraat 101,2000,Antwerpen,+32 (0)52/04.70.20,0492/87.48.98,serkan.dogan@skynet.be,https://www.ziekenhuisgroeninge.be,Ziekenhuis Groeninge,Gastro-enterologie,coeliakie,syndroom van Raynaud,Jaeger transfertest,lig. Collaterale mediale,Injectafer 1000 mg,Injectafer 1000 mg,molaire zwangerschap uitgesloten,8u,NSAID,SSp testen positief,,False,patient,patient,de heer,hij,zijn,"{'INSZ': 'dotted', 'RIZIV': 'dashed', 'IBAN': 'grouped', 'DATE_ENCOUNTER': 'text_nl', 'DATE_VALIDATION': 'text_nl', 'DATE_HISTORY': 'dd-mm-yyyy', 'DOB': 'masc_ordinal', 'TELEFOON': 'intl_paren', 'TELEFOON_MOBILE': 'slash_dot', 'STREET': 'plain', 'AGE': 'jaar'}"
CASE000257,F,0-17,southern_european,Oost-Vlaanderen,Vlaanderen,town,Giulia Moreira,dr. Ann Mertens,dr. Luc Dubois,Carmela Rossi,Tante,2,vrouw,21/04/2026,22-04-2026,20/3/2022,°02/12/2023,23.12.02-738.89,9-51825-36-006,BE27 4494 5008 5105,4121548158268684,Veldlei 93,9300,Aalst,+32 (0)2/380.04.98,+32 477 90 20 08,giulia.moreira@gmail.com,https://www.algemeenziekenhuisheilighart.be,Algemeen Ziekenhuis Heilig Hart,Fysische Geneeskunde en revalidatie,subacromiale bursitis,ziekte van Bechterew,Schirmer-test,M. Biceps caput longum,Glucagen hypokit,Cose protect,geel verkleurde sclerae,300 ie/ml 1.5 ml,OS,SSp testen positief,,False,patient,patiente,mevrouw,zij,haar,"{'INSZ': 'dotted', 'RIZIV': 'dashed', 'IBAN': 'grouped', 'DATE_ENCOUNTER': 'dd/mm/yyyy', 'DATE_VALIDATION': 'dd-mm-yyyy', 'DATE_HISTORY': 'd/m/yyyy', 'DOB': 'degree', 'TELEFOON': 'intl_paren', 'TELEFOON_MOBILE': 'intl', 'STREET': 'plain', 'AGE': 'bare'}"
CASE000258,M,0-17,eastern_european,Brussel-Hoofdstad,Brussel,urban,Piotr Wisniewski,dr. Femke Declercq,dr. Wouter Verhoeven,Miroslav Novak,Neef,9 jaar,man,03/05/2026,5/5/2026,21/04/2022,°23/03/2017,17 03 23 133 69,3-28287-58-008,BE67 2003 9674 8768,4981283180036664,Korteweg 224,1000,Brussel,+32 (0)2/478.91.17,0487199752,piotr.wisniewski@telenet.be,https://www.azgroeninge.be,AZ Groeninge,Pneumologie,obstructief longlijden GOLD II,syndroom van Cushing,Jaeger transfertest,M. Biceps caput longum,Atorstatine 20 mg,Asaflow 80 mg,molaire zwangerschap uitgesloten,12u,NSAID,no evidence of malignancy,,False,patient,patient,de heer,hij,zijn,"{'INSZ': 'spaced', 'RIZIV': 'dashed', 'IBAN': 'grouped', 'DATE_ENCOUNTER': 'dd/mm/yyyy', 'DATE_VALIDATION': 'd/m/yyyy', 'DATE_HISTORY': 'dd/mm/yyyy', 'DOB': 'degree', 'TELEFOON': 'intl_paren', 'TELEFOON_MOBILE': 'plain', 'STREET': 'plain', 'AGE': 'jaar'}"
CASE000259,F,50-64,southern_european,Limburg,Vlaanderen,rural,Maria Ferrari,dr. Jan Lambert,dr. Koen Van Acker,Marco Rossi,Grootvader,53 jaar,vrouw,3 mei 2026,05-05-2026,20 december 2017,°09.06.1973,73060995658,3 55921 69 007,BE74 9284 7447 8314,4233921883527911,Beekring 198,3700,Tongeren,059/62.67.13,0479-99 13 00,maria.ferrari@gmail.com,https://www.klinieknikolaas.be,Kliniek Nikolaas,Cardiologie,boezemfibrilleren,ziekte van Graves,Snellen 1,A. Radialis,Injectafer 1000 mg,Injectafer 1000 mg,as 165 graden,3x/week,PRP,full range of motion,,False,patient,patiente,mevrouw,zij,haar,"{'INSZ': 'plain', 'RIZIV': 'spaced', 'IBAN': 'grouped', 'DATE_ENCOUNTER': 'text_nl', 'DATE_VALIDATION': 'dd-mm-yyyy', 'DATE_HISTORY': 'text_nl', 'DOB': 'degree', 'TELEFOON': 'slash_dot', 'TELEFOON_MOBILE': 'dashed', 'STREET': 'plain', 'AGE': 'jaar'}"
CASE000260,M,65-79,flemish,Oost-Vlaanderen,Vlaanderen,town,Rik Declercq,dr. Christian Bope,dr. Tine Jacobs,Griet Lambert,Grootmoeder,78 jaar,man,02-05-2026,2026-05-04,21/3/2016,°13 juni 1948,48.06.13-307.62,46694216480,BE93808219193669,4299074729669413,Dorpweg 201 bus 15,9300,Aalst,09/349.89.92,0477/77.34.85,rik.declercq@gmail.com,https://www.uzdevoorzorg.be,UZ De Voorzorg,NKO,chronische rhinosinusitis,manoeuvre van Valsalva,Barthel-index 90,A. Radialis,Injectafer 1000 mg,Asaflow 80 mg,beers-teken afwezig,1/d,z.n.,shared decision making,,False,patient,patient,de heer,hij,zijn,"{'INSZ': 'dotted', 'RIZIV': 'plain', 'IBAN': 'plain', 'DATE_ENCOUNTER': 'dd-mm-yyyy', 'DATE_VALIDATION': 'yyyy-mm-dd', 'DATE_HISTORY': 'd/m/yyyy', 'DOB': 'degree', 'TELEFOON': 'slash_dot', 'TELEFOON_MOBILE': 'slash_dot', 'STREET': 'bus', 'AGE': 'jaar'}"
CASE000261,F,35-49,flemish,Limburg,Vlaanderen,rural,Hilde Maes,dr. Vasile Nowak,dr. Jonas De Clercq,Veerle Claes,Nicht,45-jarige,vrouw,21/04/2026,23 apr 2026,09/09/2016,º26/08/1980,80082679663,7-12661-95-003,BE69 3189 6669 5865,4308898305748830,Kasteelstraat 86,3900,Pelt,09 066 48 90,+32 (0)490/22.34.68,hilde.maes@gmail.com,https://www.klinieksintblasius.be,Kliniek Sint-Blasius,Endocrinologie,hypothyreoidie,syndroom van Raynaud,Humphrey - perimetrie,V. Saphena magna,Progor retard 180 mg,Depakine chrono 500 mg,boomstructuur van de bronchi,1/d,PPI,full range of motion,,False,patient,patiente,mevrouw,zij,haar,"{'INSZ': 'plain', 'RIZIV': 'dashed', 'IBAN': 'grouped', 'DATE_ENCOUNTER': 'dd/mm/yyyy', 'DATE_VALIDATION': 'text_abbr', 'DATE_HISTORY': 'dd/mm/yyyy', 'DOB': 'masc_ordinal', 'TELEFOON': 'spaced', 'TELEFOON_MOBILE': 'intl_paren', 'STREET': 'plain', 'AGE': 'jarige'}"
CASE000262,M,80-95,flemish,Limburg,Vlaanderen,rural,Geert Van den Berghe,dr. Sofie Peeters,dr. Elena Silva,Sofie De Clercq,Dochter,81-jarige,man,16-04-2026,17/4/2026,24/11/2020,°25/05/1945,45.05.25-739.73,12045321004,BE27 5176 7592 7893,4062215599672566,Schoolhof 18,3900,Pelt,050 29 90 67,+32 483 54 71 51,geert.vandenberghe@skynet.be,https://www.azdevoorzorg.be,AZ De Voorzorg,Urologie,benigne prostaathyperplasie,ziekte van Parkinson,Jaeger transfertest,m. Infraspinatus,Trianal suppo,Asaflow 80 mg,molaire zwangerschap uitgesloten,18u,APO,watchful waiting,,False,patient,patient,de heer,hij,zijn,"{'INSZ': 'dotted', 'RIZIV': 'plain', 'IBAN': 'grouped', 'DATE_ENCOUNTER': 'dd-mm-yyyy', 'DATE_VALIDATION': 'd/m/yyyy', 'DATE_HISTORY': 'dd/mm/yyyy', 'DOB': 'degree', 'TELEFOON': 'spaced', 'TELEFOON_MOBILE': 'intl', 'STREET': 'plain', 'AGE': 'jarige'}"
CASE000263,F,35-49,flemish,Limburg,Vlaanderen,rural,Lore De Smet,dr. Inge Van Acker,dr. Veerle Willems,Tom Dubois,Broer,47-jarige,vrouw,27/04/2026,27/4/2026,27-03-2024,º27/9/1978,78092792266,7 24880 01 003,BE88811763096713,4294252516185752,Eikenberg 66,3630,Maasmechelen,+32 56 72 64 88,+32 492 44 71 41,lore.desmet@telenet.be,https://www.ziekenhuissintrembert.be,Ziekenhuis Sint-Rembert,Gastro-enterologie,anale fissuur,syndroom van Guillain-Barre,Humphrey - perimetrie,M. Biceps caput longum,Ozempic 1 mg,Atorstatine 20 mg,beers-teken afwezig,FEV1/FVC 73.17,PRP,SSp testen positief,,False,patient,patiente,mevrouw,zij,haar,"{'INSZ': 'plain', 'RIZIV': 'spaced', 'IBAN': 'plain', 'DATE_ENCOUNTER': 'dd/mm/yyyy', 'DATE_VALIDATION': 'd/m/yyyy', 'DATE_HISTORY': 'dd-mm-yyyy', 'DOB': 'masc_ordinal', 'TELEFOON': 'intl', 'TELEFOON_MOBILE': 'intl', 'STREET': 'plain', 'AGE': 'jarige'}"
CASE000264,M,18-34,flemish,West-Vlaanderen,Vlaanderen,town,Tom Declercq,dr. Jonas De Clercq,dr. Giulia Fernandez,Jonas Coppens,Grootvader,32 jaar,man,16/05/2026,17 mei 2026,31-07-2022,°19/01/1994,94.01.19-237.10,6 12051 19 003,BE72 2114 0793 4829,4251521746535379,Kortering 112,8900,Ieper,058/78.82.81,0475 61 69 60,tom.declercq@telenet.be,https://www.algemeenziekenhuissintrembert.be,Algemeen Ziekenhuis Sint-Rembert,Cardiologie,boezemfibrilleren,ziekte van Crohn,Glasgow Coma Scale 15,m. Infraspinatus,Progor retard 180 mg,Depakine chrono 500 mg,lintvormige stoelgang,12u,OD,SSp testen positief,,False,patient,patient,de heer,hij,zijn,"{'INSZ': 'dotted', 'RIZIV': 'spaced', 'IBAN': 'grouped', 'DATE_ENCOUNTER': 'dd/mm/yyyy', 'DATE_VALIDATION': 'text_nl', 'DATE_HISTORY': 'dd-mm-yyyy', 'DOB': 'degree', 'TELEFOON': 'slash_dot', 'TELEFOON_MOBILE': 'spaced', 'STREET': 'plain', 'AGE': 'jaar'}"
CASE000265,F,50-64,flemish,Antwerpen,Vlaanderen,rural,Nele Maes,dr. Ionut Novak,dr. Nele Declercq,Veerle Janssens,Dochter,61 jaar,vrouw,22-04-2026,24-04-2026,23 nov 2016,°01/12/1964,64.12.01-050.87,65812124018,BE53 2511 6835 8458,4281902217978914,Dorpbaan 175,2400,Mol,049979572,0484996242,nele.maes@skynet.be,https://www.znamiddelheim.be,ZNA Middelheim,NKO,chronische rhinosinusitis,syndroom van Raynaud,Glasgow Coma Scale 15,V. Saphena magna,Lambipol 100 mg,Ibuprofen 400 mg,lintvormige stoelgang,1/w,tvv,Painful arc beiderzijds +,,False,patient,patiente,mevrouw,zij,haar,"{'INSZ': 'dotted', 'RIZIV': 'plain', 'IBAN': 'grouped', 'DATE_ENCOUNTER': 'dd-mm-yyyy', 'DATE_VALIDATION': 'dd-mm-yyyy', 'DATE_HISTORY': 'text_abbr', 'DOB': 'degree', 'TELEFOON': 'plain', 'TELEFOON_MOBILE': 'plain', 'STREET': 'plain', 'AGE': 'jaar'}"
CASE000266,M,65-79,flemish,Limburg,Vlaanderen,town,Dirk Claes,dr. Rik Van den Berghe,dr. Andrzej Wisniewski,An Claes,Nicht,73 jaar,man,26-04-2026,27/04/2026,3 mei 2017,º01.02.1953,53 02 01 625 84,6-15568-91-004,BE35 3733 0324 8363,4193910382974250,Kerkstraat 86,3800,Sint-Truiden,+32 4 158 80 70,+32 495 40 24 16,dirk.claes@proximus.be,https://www.algemeenziekenhuissintvincentius.be,Algemeen Ziekenhuis Sint-Vincentius,Orthopedie,carpaal tunnelsyndroom,ziekte van Crohn,Goldmann applanatie,A. Radialis,Atorstatine 20 mg,Cose protect,beeld passend bij bursitis,T 37.2,co,SSp testen positief,,False,patient,patient,de heer,hij,zijn,"{'INSZ': 'spaced', 'RIZIV': 'dashed', 'IBAN': 'grouped', 'DATE_ENCOUNTER': 'dd-mm-yyyy', 'DATE_VALIDATION': 'dd/mm/yyyy', 'DATE_HISTORY': 'text_abbr', 'DOB': 'masc_ordinal', 'TELEFOON': 'intl', 'TELEFOON_MOBILE': 'intl', 'STREET': 'plain', 'AGE': 'jaar'}"
CASE000267,F,65-79,flemish,Vlaams-Brabant,Vlaanderen,town,Hilde Mertens,dr. Sofie Van den Berghe,dr. Lore Claes,Lieve De Clercq,Tante,78 jaar,vrouw,15 mei 2026,17-05-2026,29-11-2021,º15-04-1948,48041558204,3 57263 85 007,BE04263510115734,4028377270289665,Nieuwstraat 171,1500,Halle,04/663.97.92,0499 14 12 48,hilde.mertens@gmail.com,https://www.algemeenziekenhuisheilighart.be,Algemeen Ziekenhuis Heilig Hart,Gastro-enterologie,refluxoesofagitis graad B,ziekte van Von Willebrand,teken van Tinel,M. Supraspinatus,Nexiam 20 mg,Toujeo solostar,beers-teken afwezig,1/w,antec.,shared decision making,,False,patient,patiente,mevrouw,zij,haar,"{'INSZ': 'plain', 'RIZIV': 'spaced', 'IBAN': 'plain', 'DATE_ENCOUNTER': 'text_nl', 'DATE_VALIDATION': 'dd-mm-yyyy', 'DATE_HISTORY': 'dd-mm-yyyy', 'DOB': 'masc_ordinal', 'TELEFOON': 'slash_dot', 'TELEFOON_MOBILE': 'spaced', 'STREET': 'plain', 'AGE': 'jaar'}"
CASE000268,M,18-34,flemish,West-Vlaanderen,Vlaanderen,town,Wouter Claes,dr. Tine Wouters,dr. Griet Janssens,An Mertens,Grootmoeder,31-jarige,man,15-05-2026,15/05/2026,11/11/2022,°1995-04-13,95.04.13-433.36,24084506004,BE65 6969 1555 4482,4513587271743062,Wilgenpad 233,8800,Roeselare,054/49.09.22,0498/35.78.65,wouter.claes@telenet.be,https://www.azturnhout.be,AZ Turnhout,Nefrologie,chronische nierinsufficientie stadium 3,ziekte van Dupuytren,Humphrey - perimetrie,A. Radialis,Metformine viatris 500 mg,Atorstatine 20 mg,boomstructuur van de bronchi,BD: 146/68,APO,no evidence of malignancy,,False,patient,patient,de heer,hij,zijn,"{'INSZ': 'dotted', 'RIZIV': 'plain', 'IBAN': 'grouped', 'DATE_ENCOUNTER': 'dd-mm-yyyy', 'DATE_VALIDATION': 'dd/mm/yyyy', 'DATE_HISTORY': 'dd/mm/yyyy', 'DOB': 'degree', 'TELEFOON': 'slash_dot', 'TELEFOON_MOBILE': 'slash_dot', 'STREET': 'plain', 'AGE': 'jarige'}"
CASE000269,F,50-64,flemish,Oost-Vlaanderen,Vlaanderen,rural,Lore Lambert,dr. Ionut Popescu,dr. Femke Peeters,Tom Peeters,Vader,51-jarige,vrouw,19/04/2026,19/4/2026,02/11/2021,º25 februari 1975,75.02.25-430.21,1-24318-36-006,BE55 1397 7950 0642,4324538109794123,Brouwersweg 179/9,9400,Ninove,053 77 20 44,+32 471 90 88 63,lore.lambert@skynet.be,https://www.azalma.be,AZ Alma,Gastro-enterologie,anale fissuur,ziekte van Dupuytren,Schirmer-test,V. Saphena magna,Pantomed 40 mg,Asaflow 80 mg,beers-teken afwezig,100 e/ml 3 ml,PPI,watchful waiting,,False,patient,patiente,mevrouw,zij,haar,"{'INSZ': 'dotted', 'RIZIV': 'dashed', 'IBAN': 'grouped', 'DATE_ENCOUNTER': 'dd/mm/yyyy', 'DATE_VALIDATION': 'd/m/yyyy', 'DATE_HISTORY': 'dd/mm/yyyy', 'DOB': 'masc_ordinal', 'TELEFOON': 'spaced', 'TELEFOON_MOBILE': 'intl', 'STREET': 'slash', 'AGE': 'jarige'}"
CASE000270,M,35-49,flemish,Antwerpen,Vlaanderen,town,Bart Van Damme,dr. Emmanuel Mukendi,dr. Bart Vermeulen,Els Janssens,Grootmoeder,49-jarige,man,09.05.2026,2026-05-10,29/11/2019,º25-02-1977,77.02.25 487 06,1-12582-35-006,BE36 4404 3238 3525,4900739713072219,Hoeveplein 29,2440,Geel,04/368.90.05,0492 40 03 07,bart.vandamme@telenet.be,https://www.klinieksintrembert.be,Kliniek Sint-Rembert,Fysische Geneeskunde en revalidatie,laterale epicondylitis rechts,syndroom van Sjogren,Glasgow Coma Scale 15,A. Radialis,Cose protect,Atorstatine 20 mg,beers-teken afwezig,100 e/ml 3 ml,SSp,watchful waiting,,False,patient,patient,de heer,hij,zijn,"{'INSZ': 'mixed', 'RIZIV': 'dashed', 'IBAN': 'grouped', 'DATE_ENCOUNTER': 'dd.mm.yyyy', 'DATE_VALIDATION': 'yyyy-mm-dd', 'DATE_HISTORY': 'dd/mm/yyyy', 'DOB': 'masc_ordinal', 'TELEFOON': 'slash_dot', 'TELEFOON_MOBILE': 'spaced', 'STREET': 'plain', 'AGE': 'jarige'}"
CASE000271,F,18-34,flemish,Limburg,Vlaanderen,rural,Marleen Jacobs,dr. Tomasz Kaminski,dr. Blaise Mbala,Leen Vermeulen,Dochter,21-jarige,vrouw,19/05/2026,19 mei 2026,04/2017,°24/01/2005,05.01.24-370.21,2 51230 97 004,BE65 4365 7460 2890,4794802455985169,Kerkweg 176,3700,Tongeren,09/726.90.32,0493 45 40 12,marleen.jacobs@telenet.be,https://www.uzsintjozef.be,UZ Sint-Jozef,Gastro-enterologie,ferriprieve anaemie,ziekte van Parkinson,Humphrey - perimetrie,m. Infraspinatus,Cose protect,Paracetamol 1 g,geel verkleurde sclerae,HR: 68,z.n.,no evidence of malignancy,,False,patient,patiente,mevrouw,zij,haar,"{'INSZ': 'dotted', 'RIZIV': 'spaced', 'IBAN': 'grouped', 'DATE_ENCOUNTER': 'dd/mm/yyyy', 'DATE_VALIDATION': 'text_abbr', 'DATE_HISTORY': 'mm/yyyy', 'DOB': 'degree', 'TELEFOON': 'slash_dot', 'TELEFOON_MOBILE': 'spaced', 'STREET': 'plain', 'AGE': 'jarige'}"
CASE000272,M,18-34,flemish,Limburg,Vlaanderen,town,Koen De Backer,dr. Lieve Claes,dr. Jan Verhoeven,Femke Wouters,Dochter,31 jaar,man,2026-04-26,28-04-2026,8 maa 2023,º10 nov 1994,94.11.10-579.08,2-14856-96-003,BE90 3199 3510 1874,4546220212372053,Groenesteenweg 224,3600,Genk,03/353.48.48,0487 05 64 20,koen.debacker@proximus.be,https://www.algemeenziekenhuissintvincentius.be,Algemeen Ziekenhuis Sint-Vincentius,Gastro-enterologie,lichte chronische niet specifieke colitis,ziekte van Von Willebrand,Goldmann applanatie,M. Supraspinatus,Asaflow 80 mg,Atorstatine 20 mg,beeld passend bij bursitis,1/d,z.n.,no evidence of malignancy,,False,patient,patient,de heer,hij,zijn,"{'INSZ': 'dotted', 'RIZIV': 'dashed', 'IBAN': 'grouped', 'DATE_ENCOUNTER': 'yyyy-mm-dd', 'DATE_VALIDATION': 'dd-mm-yyyy', 'DATE_HISTORY': 'text_abbr', 'DOB': 'masc_ordinal', 'TELEFOON': 'slash_dot', 'TELEFOON_MOBILE': 'spaced', 'STREET': 'plain', 'AGE': 'jaar'}"
CASE000273,F,65-79,maghrebi,West-Vlaanderen,Vlaanderen,town,Nadia Bennani,dr. Dirk Wouters,dr. Jan Coppens,Anas Bennani,Vader,76,vrouw,13 mei 2026,13 mei 2026,02/2018,º22-11-1949,49112285279,71024289480,BE36 7891 5734 5231,4371181519854583,Molenberg 5,8800,Roeselare,+32 50 63 00 09,0491 65 35 87,nadia.bennani@skynet.be,https://www.kliniekdamiaan.be,Kliniek Damiaan,Fysische Geneeskunde en revalidatie,subacromiale bursitis,ziekte van Dupuytren,Barthel-index 90,m. Deltoideus,Lyumjev kwikpen,Asaflow 80 mg,boomstructuur van de bronchi,FEV1/FVC 73.17,ODS,shared decision making,,False,patient,patiente,mevrouw,zij,haar,"{'INSZ': 'plain', 'RIZIV': 'plain', 'IBAN': 'grouped', 'DATE_ENCOUNTER': 'text_abbr', 'DATE_VALIDATION': 'text_abbr', 'DATE_HISTORY': 'mm/yyyy', 'DOB': 'masc_ordinal', 'TELEFOON': 'intl', 'TELEFOON_MOBILE': 'spaced', 'STREET': 'plain', 'AGE': 'bare'}"
CASE000274,M,0-17,flemish,Limburg,Vlaanderen,urban,Koen De Clercq,dr. Hilde Coppens,dr. Elena Garcia,Marc Jacobs,Neef,11-jarige,man,23 apr 2026,23/04/2026,8 okt 2022,°29-01-2015,15012914317,8-40651-48-004,BE05557008803900,4700412918285182,Stationsweg 114A,3500,Hasselt,+32 12 74 52 73,0484 81 24 52,koen.declercq@telenet.be,https://www.aznikolaas.be,AZ Nikolaas,Gastro-enterologie,ferriprieve anaemie,ziekte van Hashimoto,Phalen-test,m. Infraspinatus,Ibuprofen 400 mg,Toujeo solostar,molaire zwangerschap uitgesloten,spO2: 94%,RYGB,SSp testen positief,,False,patient,patient,de heer,hij,zijn,"{'INSZ': 'plain', 'RIZIV': 'dashed', 'IBAN': 'plain', 'DATE_ENCOUNTER': 'text_abbr', 'DATE_VALIDATION': 'dd/mm/yyyy', 'DATE_HISTORY': 'text_abbr', 'DOB': 'degree', 'TELEFOON': 'intl', 'TELEFOON_MOBILE': 'spaced', 'STREET': 'letter', 'AGE': 'jarige'}"
CASE000275,F,80-95,southern_european,West-Vlaanderen,Vlaanderen,town,Rosa Silva,dr. Marc Maes,dr. Rik Mertens,Giulia Ferrari,Moeder,83-jarige,vrouw,20/05/2026,22 mei 2026,5 aug 2017,º1943-05-18,43.05.18-360.38,1-93922-78-006,BE26717385660445,4347243586176828,Wilgenwal 6,8800,Roeselare,02/422.76.34,0470 13 79 11,rosa.silva@skynet.be,https://www.klinieksintvincentius.be,Kliniek Sint-Vincentius,Fysische Geneeskunde en revalidatie,lumbaal facettair syndroom,ziekte van Graves,Humphrey - perimetrie,M. Subscapularis,Pantomed 40 mg,Paracetamol 1 g,peervormige galblaas,2cc,tvv,Painful arc beiderzijds +,,False,patient,patiente,mevrouw,zij,haar,"{'INSZ': 'dotted', 'RIZIV': 'dashed', 'IBAN': 'plain', 'DATE_ENCOUNTER': 'dd/mm/yyyy', 'DATE_VALIDATION': 'text_nl', 'DATE_HISTORY': 'text_abbr', 'DOB': 'masc_ordinal', 'TELEFOON': 'slash_dot', 'TELEFOON_MOBILE': 'spaced', 'STREET': 'plain', 'AGE': 'jarige'}"
CASE000276,M,65-79,central_african,West-Vlaanderen,Vlaanderen,town,Emmanuel Mukendi,dr. Zuzana Kaminski,dr. Hilde Van Damme,Emmanuel Bope,Vader,76 jaar,man,18/04/2026,2026-04-18,10 sep 2021,º19-12-1949,49.12.19-523.20,4-18041-29-480,BE80 3349 7919 5610,4111973881827303,Stationsweg 121 bus 9,8400,Oostende,014 15 64 95,0478-73 22 02,emmanuel.mukendi@gmail.com,https://www.azturnhout.be,AZ Turnhout,Gastro-enterologie,ferriprieve anaemie,syndroom van Sjogren,Schirmer-test,M. Supraspinatus,Ozempic 1 mg,Paracetamol 1 g,hamstringletsel links,300 ie/ml 1.5 ml,co,shared decision making,,False,patient,patient,de heer,hij,zijn,"{'INSZ': 'dotted', 'RIZIV': 'dashed', 'IBAN': 'grouped', 'DATE_ENCOUNTER': 'dd/mm/yyyy', 'DATE_VALIDATION': 'yyyy-mm-dd', 'DATE_HISTORY': 'text_abbr', 'DOB': 'masc_ordinal', 'TELEFOON': 'spaced', 'TELEFOON_MOBILE': 'dashed', 'STREET': 'bus', 'AGE': 'jaar'}"
CASE000277,F,18-34,flemish,Oost-Vlaanderen,Vlaanderen,town,An Van den Berghe,dr. Filip Jacobs,dr. Emmanuel Kabongo,Jonas Claes,Zoon,34-jarige,vrouw,23 mei 2026,25-05-2026,2023,°04/11/1991,91.11.04-122.97,8-42636-03-030,BE09339521278051,4713171978601622,Bakkerstraat 123,9300,Aalst,013-97 89 99,0471 10 11 35,an.vandenberghe@proximus.be,https://www.znamiddelheim.be,ZNA Middelheim,Pneumologie,obstructief longlijden GOLD II,ziekte van Hashimoto,Barthel-index 90,M. Biceps caput longum,Ventolin aerosol,Metformine viatris 500 mg,geel verkleurde sclerae,4.95*,OD,shared decision making,,False,patient,patiente,mevrouw,zij,haar,"{'INSZ': 'dotted', 'RIZIV': 'dashed', 'IBAN': 'plain', 'DATE_ENCOUNTER': 'text_nl', 'DATE_VALIDATION': 'dd-mm-yyyy', 'DATE_HISTORY': 'yyyy', 'DOB': 'degree', 'TELEFOON': 'dashed', 'TELEFOON_MOBILE': 'spaced', 'STREET': 'plain', 'AGE': 'jarige'}"
CASE000278,M,50-64,flemish,Brussel-Hoofdstad,Brussel,urban,Dirk Beers,dr. Ann Jacobs,dr. Rik De Clercq,Lore Mertens,Moeder,58-jarige,man,2026-04-20,20.04.2026,26-09-2017,°1967-12-08,67.12.08-969.88,5-35685-46-004,BE16 0318 9765 6836,4578002443236229,Kortepark 80 bus 18,1000,Brussel,+32 (0)57/53.07.68,0470 23 36 70,dirk.beers@telenet.be,https://www.znamiddelheim.be,ZNA Middelheim,Cardiologie,boezemfibrilleren,ziekte van Bechterew,Barthel-index 90,M. Biceps caput longum,Sipralexa 20 mg,Trianal suppo,as 165 graden,0.5 mg,i.o.m.,shared decision making,,True,patient,patient,de heer,hij,zijn,"{'INSZ': 'dotted', 'RIZIV': 'dashed', 'IBAN': 'grouped', 'DATE_ENCOUNTER': 'yyyy-mm-dd', 'DATE_VALIDATION': 'dd.mm.yyyy', 'DATE_HISTORY': 'dd-mm-yyyy', 'DOB': 'degree', 'TELEFOON': 'intl_paren', 'TELEFOON_MOBILE': 'spaced', 'STREET': 'bus', 'AGE': 'jarige'}"
CASE000279,F,35-49,flemish,Limburg,Vlaanderen,rural,Katrien Jacobs,dr. Lieve Maes,dr. Koen De Smet,Katrien Peeters,Tante,42-jarige,vrouw,28/05/2026,28-05-2026,23/08/2023,°25 oktober 1983,83102572052,8-84395-51-004,BE87 5910 7341 1222,4339534811050147,Lindeweg 148,3900,Pelt,02/530.21.51,0497/46.97.91,katrien.jacobs@gmail.com,https://www.algemeenziekenhuisnikolaas.be,Algemeen Ziekenhuis Nikolaas,Nefrologie,chronische nierinsufficientie stadium 3,ziekte van Bechterew,Schirmer-test,M. Subscapularis,Injectafer 1000 mg,Ventolin aerosol,as 165 graden,3x/week,OS,full range of motion,,False,patient,patiente,mevrouw,zij,haar,"{'INSZ': 'plain', 'RIZIV': 'dashed', 'IBAN': 'grouped', 'DATE_ENCOUNTER': 'dd/mm/yyyy', 'DATE_VALIDATION': 'dd-mm-yyyy', 'DATE_HISTORY': 'dd/mm/yyyy', 'DOB': 'degree', 'TELEFOON': 'slash_dot', 'TELEFOON_MOBILE': 'slash_dot', 'STREET': 'plain', 'AGE': 'jarige'}"
CASE000280,M,35-49,turkish,Antwerpen,Vlaanderen,town,Emre Dogan,dr. Wim Goossens,dr. Griet Dubois,Deniz Yilmaz,Zus,46 jaar,man,18/05/2026,18/05/2026,6 aug 2017,°13-04-1980,80.04.13-777.56,8-74001-66-018,BE50 3082 5711 2350,4485726029254683,Bakkerdries 240/10,2200,Herentals,057/83.70.31,+32 479 29 67 02,emre.dogan@gmail.com,https://www.uzsintblasius.be,UZ Sint-Blasius,Cardiologie,boezemfibrilleren,ziekte van Parkinson,Romberg negatief,M. Subscapularis,Diltiazemzalf 2%,Ventolin aerosol,hamstringletsel links,2/d,tvv,full range of motion,,False,patient,patient,de heer,hij,zijn,"{'INSZ': 'dotted', 'RIZIV': 'dashed', 'IBAN': 'grouped', 'DATE_ENCOUNTER': 'dd/mm/yyyy', 'DATE_VALIDATION': 'dd/mm/yyyy', 'DATE_HISTORY': 'text_abbr', 'DOB': 'degree', 'TELEFOON': 'slash_dot', 'TELEFOON_MOBILE': 'intl', 'STREET': 'slash', 'AGE': 'jaar'}"
CASE000281,F,18-34,maghrebi,Antwerpen,Vlaanderen,urban,Khadija Benali,dr. Rafael Romano,dr. Yasmine Rahmani,Nabil Ouazzani,Zoon,32 jaar,vrouw,25/04/2026,26/04/2026,2 september 2017,°24 nov 1993,93.11.24-054.92,5-26180-45-003,BE89 2911 8731 9853,4567078977554263,Brouwersbaan 91,2800,Mechelen,014739615,0487 54 32 99,khadija.benali@telenet.be,https://www.kliniekgroeninge.be,Kliniek Groeninge,Oftalmologie,geen diabetische retinopathie,manoeuvre van Valsalva,Snellen 1,M. Supraspinatus,Ventolin aerosol,Metformine viatris 500 mg,peervormige galblaas,8u,nle,blurr-test,,False,patient,patiente,mevrouw,zij,haar,"{'INSZ': 'dotted', 'RIZIV': 'dashed', 'IBAN': 'grouped', 'DATE_ENCOUNTER': 'dd/mm/yyyy', 'DATE_VALIDATION': 'dd/mm/yyyy', 'DATE_HISTORY': 'text_nl', 'DOB': 'degree', 'TELEFOON': 'plain', 'TELEFOON_MOBILE': 'spaced', 'STREET': 'plain', 'AGE': 'jaar'}"
CASE000282,M,65-79,flemish,Antwerpen,Vlaanderen,town,Marc Willems,dr. Krzysztof Nowak,dr. Pieter Lambert,Koen Van Acker,Oom,67-jarige,man,27-04-2026,27-04-2026,11/01/2021,º01/03/1959,59.03.01-905.34,6-69581-10-018,BE51 3140 2232 4986,4703163705004933,Bloemberg 120,2440,Geel,+32 3 698 01 42,0478/63.09.07,marc.willems@skynet.be,https://www.azalma.be,AZ Alma,Gastro-enterologie,coeliakie,ziekte van Parkinson,Phalen-test,lig. Collaterale mediale,Toujeo solostar,Metformine viatris 500 mg,hamstringletsel links,2cc,PTO,shared decision making,,False,patient,patient,de heer,hij,zijn,"{'INSZ': 'dotted', 'RIZIV': 'dashed', 'IBAN': 'grouped', 'DATE_ENCOUNTER': 'dd-mm-yyyy', 'DATE_VALIDATION': 'dd-mm-yyyy', 'DATE_HISTORY': 'dd/mm/yyyy', 'DOB': 'masc_ordinal', 'TELEFOON': 'intl', 'TELEFOON_MOBILE': 'slash_dot', 'STREET': 'plain', 'AGE': 'jarige'}"
CASE000283,F,65-79,flemish,West-Vlaanderen,Vlaanderen,rural,Leen Peeters,dr. Geert Dubois,dr. Filip Van Acker,Veerle Jacobs,Grootmoeder,67 jaar,vrouw,20-04-2026,20-04-2026,29/04/2024,°30-10-1958,58.10.30-506.76,2-88934-29-004,BE27984234986099,4886406756020806,Korteberg 114,8600,Diksmuide,042728453,0478799580,leen.peeters@telenet.be,https://www.uznikolaas.be,UZ Nikolaas,Oftalmologie,cataract incipiens bilateraal,manoeuvre van Valsalva,Jaeger transfertest,M. Biceps caput longum,Toujeo solostar,Toujeo solostar,geel verkleurde sclerae,spO2: 94%,OD,shared decision making,,False,patient,patiente,mevrouw,zij,haar,"{'INSZ': 'dotted', 'RIZIV': 'dashed', 'IBAN': 'plain', 'DATE_ENCOUNTER': 'dd-mm-yyyy', 'DATE_VALIDATION': 'dd-mm-yyyy', 'DATE_HISTORY': 'dd/mm/yyyy', 'DOB': 'degree', 'TELEFOON': 'plain', 'TELEFOON_MOBILE': 'plain', 'STREET': 'plain', 'AGE': 'jaar'}"
CASE000284,M,0-17,flemish,Oost-Vlaanderen,Vlaanderen,rural,Tom Willems,dr. Tom Claes,dr. Tom Lambert,Inge Declercq,Zus,8,man,2026-05-06,06/05/2026,11/07/2024,º13-05-2018,18051329152,4-44520-31-003,BE59 9372 7368 9151,4075965999201235,Brouwersring 146,9600,Ronse,09-208 05 98,+32 477 15 16 34,tom.willems@gmail.com,https://www.uzonzelievevrouw.be,UZ Onze-Lieve-Vrouw,Algemene Heelkunde,ziekte van Von Willebrand,ziekte van Bechterew,Goldmann applanatie,m. Infraspinatus,Injectafer 1000 mg,Pantomed 40 mg,hamstringletsel links,4.95*,i.o.m.,SSp testen positief,,False,patient,patient,de heer,hij,zijn,"{'INSZ': 'plain', 'RIZIV': 'dashed', 'IBAN': 'grouped', 'DATE_ENCOUNTER': 'yyyy-mm-dd', 'DATE_VALIDATION': 'dd/mm/yyyy', 'DATE_HISTORY': 'dd/mm/yyyy', 'DOB': 'masc_ordinal', 'TELEFOON': 'dashed', 'TELEFOON_MOBILE': 'intl', 'STREET': 'plain', 'AGE': 'bare'}"
CASE000285,F,80-95,flemish,Vlaams-Brabant,Vlaanderen,town,Sofie Dubois,dr. Nabil Ouazzani,dr. Katrien Goossens,Tom Van den Berghe,Zoon,92 jaar,vrouw,01/05/2026,02.05.2026,2020-06-22,º3 feb 1934,34.02.03-940.86,5 18006 71 008,BE43 1133 1453 0787,4191430877972471,Stationsstraat 218,1930,Zaventem,+32 3 403 21 15,0483 45 01 40,sofie.dubois@skynet.be,https://www.algemeenziekenhuisvesalius.be,Algemeen Ziekenhuis Vesalius,Fysische Geneeskunde en revalidatie,supraspinatuspeestendinose bilateraal,ziekte van Graves,Schirmer-test,M. Subscapularis,Lyumjev kwikpen,D-cure 25 000 ie,beers-teken afwezig,0.5 mg,PTO,watchful waiting,,False,patient,patiente,mevrouw,zij,haar,"{'INSZ': 'dotted', 'RIZIV': 'spaced', 'IBAN': 'grouped', 'DATE_ENCOUNTER': 'dd/mm/yyyy', 'DATE_VALIDATION': 'dd.mm.yyyy', 'DATE_HISTORY': 'yyyy-mm-dd', 'DOB': 'masc_ordinal', 'TELEFOON': 'intl', 'TELEFOON_MOBILE': 'spaced', 'STREET': 'plain', 'AGE': 'jaar'}"
CASE000286,M,50-64,flemish,Antwerpen,Vlaanderen,urban,Bart Peeters,dr. Lore Janssens,dr. Sofie Claes,Tine Lambert,Zus,60-jarige,man,06-05-2026,8 mei 2026,26-02-2025,°1965-09-09,65 09 09 297 85,5-54338-17-008,BE78970908839613,4962822250182560,Abdijring 184,2018,Antwerpen,+32 3 084 67 29,0484392799,bart.peeters@skynet.be,https://www.azturnhout.be,AZ Turnhout,Gastro-enterologie,diverticulose sigmoid,ziekte van Dupuytren,Schirmer-test,lig. Collaterale mediale,Toujeo solostar,Diltiazemzalf 2%,as 165 graden,12u,ODS,blurr-test,,False,patient,patient,de heer,hij,zijn,"{'INSZ': 'spaced', 'RIZIV': 'dashed', 'IBAN': 'plain', 'DATE_ENCOUNTER': 'dd-mm-yyyy', 'DATE_VALIDATION': 'text_abbr', 'DATE_HISTORY': 'dd-mm-yyyy', 'DOB': 'degree', 'TELEFOON': 'intl', 'TELEFOON_MOBILE': 'plain', 'STREET': 'plain', 'AGE': 'jarige'}"
CASE000287,F,18-34,turkish,Limburg,Vlaanderen,urban,Elif Korkmaz,dr. Jan Van Acker,dr. Leila Ouazzani,Mehmet Kaya,Oom,23-jarige,vrouw,03/05/2026,03/05/2026,6 november 2022,°29/01/2003,03 01 29 860 18,15517129018,BE62 2123 0155 8761,4827705646160769,Veldsteenweg 245,3500,Hasselt,03 892 22 47,+32 491 28 48 00,elif.korkmaz@skynet.be,https://www.ziekenhuisrivierenland.be,Ziekenhuis Rivierenland,Reumatologie,osteoporose,ziekte van Bechterew,Schirmer-test,M. Supraspinatus,Ventolin aerosol,Progor retard 180 mg,beeld passend bij bursitis,1/d,OS,blurr-test,,False,patient,patiente,mevrouw,zij,haar,"{'INSZ': 'spaced', 'RIZIV': 'plain', 'IBAN': 'grouped', 'DATE_ENCOUNTER': 'dd/mm/yyyy', 'DATE_VALIDATION': 'dd/mm/yyyy', 'DATE_HISTORY': 'text_nl', 'DOB': 'degree', 'TELEFOON': 'spaced', 'TELEFOON_MOBILE': 'intl', 'STREET': 'plain', 'AGE': 'jarige'}"
CASE000288,M,18-34,flemish,Antwerpen,Vlaanderen,town,Tom Claes,dr. Miroslav Nowak,dr. Hilde Maes,Lieve Claes,Dochter,31 jaar,man,04/05/2026,5 mei 2026,12/09/2022,°31/10/1994,94.10.31-767.56,3-06178-51-480,BE95507573553306,4324202483744416,Meersberg 186,2300,Turnhout,011 46 17 55,+32 (0)490/56.02.11,tom.claes@gmail.com,https://www.ziekenhuissintvincentius.be,Ziekenhuis Sint-Vincentius,Gastro-enterologie,diverticulose sigmoid,ziekte van Parkinson,Goldmann applanatie,m. Deltoideus,Progor retard 180 mg,Depakine chrono 500 mg,molaire zwangerschap uitgesloten,12u,co,shared decision making,,False,patient,patient,de heer,hij,zijn,"{'INSZ': 'dotted', 'RIZIV': 'dashed', 'IBAN': 'plain', 'DATE_ENCOUNTER': 'dd/mm/yyyy', 'DATE_VALIDATION': 'text_nl', 'DATE_HISTORY': 'dd/mm/yyyy', 'DOB': 'degree', 'TELEFOON': 'spaced', 'TELEFOON_MOBILE': 'intl_paren', 'STREET': 'plain', 'AGE': 'jaar'}"
CASE000289,F,35-49,turkish,Antwerpen,Vlaanderen,rural,Gul Aydin,dr. Geert Mertens,dr. Stijn De Clercq,Deniz Celik,Grootmoeder,44-jarige,vrouw,17.04.2026,17/04/2026,16 september 2025,°03/06/1982,82.06.03-896.02,4-53596-73-018,BE14 8138 1774 2442,4618756467263680,Bloemplein 47,2400,Mol,050 60 47 61,0487 64 66 33,gul.aydin@telenet.be,https://www.uzdevoorzorg.be,UZ De Voorzorg,Gastro-enterologie,status na gastric bypass (RYGB),ziekte van Graves,Bristol-schaal type 4,m. Deltoideus,D-cure 25 000 ie,Ventolin aerosol,molaire zwangerschap uitgesloten,300 ie/ml 1.5 ml,PRP,Painful arc beiderzijds +,,False,patient,patiente,mevrouw,zij,haar,"{'INSZ': 'dotted', 'RIZIV': 'dashed', 'IBAN': 'grouped', 'DATE_ENCOUNTER': 'dd.mm.yyyy', 'DATE_VALIDATION': 'dd/mm/yyyy', 'DATE_HISTORY': 'text_nl', 'DOB': 'degree', 'TELEFOON': 'spaced', 'TELEFOON_MOBILE': 'spaced', 'STREET': 'plain', 'AGE': 'jarige'}"
CASE000290,M,50-64,flemish,Brussel-Hoofdstad,Brussel,urban,Rik Janssens,dr. Fatima El Habti,dr. Zuzana Novak,Leen Goossens,Moeder,61-jarige,man,11 mei 2026,12/05/2026,04/03/2019,°17 april 1965,65 04 17 495 97,7 75924 76 480,BE66 2347 8813 2057,4396342898760558,Dorpberg 242 bus 2,1000,Brussel,050190878,+32 486 42 27 64,rik.janssens@telenet.be,https://www.uzsintlucas.be,UZ Sint-Lucas,Reumatologie,reumatoide artritis,ziekte van Hashimoto,Bristol-schaal type 4,m. Deltoideus,Cose protect,Lyumjev kwikpen,peervormige galblaas,3x/week,tvv,Painful arc beiderzijds +,,False,patient,patient,de heer,hij,zijn,"{'INSZ': 'spaced', 'RIZIV': 'spaced', 'IBAN': 'grouped', 'DATE_ENCOUNTER': 'text_abbr', 'DATE_VALIDATION': 'dd/mm/yyyy', 'DATE_HISTORY': 'dd/mm/yyyy', 'DOB': 'degree', 'TELEFOON': 'plain', 'TELEFOON_MOBILE': 'intl', 'STREET': 'bus', 'AGE': 'jarige'}"
CASE000291,F,65-79,turkish,Oost-Vlaanderen,Vlaanderen,town,Deniz Dogan,dr. Sofie Willems,dr. Serge Ilunga,Ayse Dogan,Nicht,71,vrouw,21/04/2026,23/04/2026,8 oktober 2023,º07-05-1955,55.05.07 690 96,69417554006,BE72130955863811,4135490145996701,Stationshof 166A,9300,Aalst,051 94 26 94,0476/91.89.75,deniz.dogan@gmail.com,https://www.algemeenziekenhuisrivierenland.be,Algemeen Ziekenhuis Rivierenland,Fysische Geneeskunde en revalidatie,lumbaal facettair syndroom,manoeuvre van Valsalva,Jaeger transfertest,m. Infraspinatus,Trianal suppo,Ozempic 1 mg,beers-teken afwezig,25 000 ie,APO,Painful arc beiderzijds +,,False,patient,patiente,mevrouw,zij,haar,"{'INSZ': 'mixed', 'RIZIV': 'plain', 'IBAN': 'plain', 'DATE_ENCOUNTER': 'dd/mm/yyyy', 'DATE_VALIDATION': 'dd/mm/yyyy', 'DATE_HISTORY': 'text_nl', 'DOB': 'masc_ordinal', 'TELEFOON': 'spaced', 'TELEFOON_MOBILE': 'slash_dot', 'STREET': 'letter', 'AGE': 'bare'}"
CASE000292,M,80-95,eastern_european,Antwerpen,Vlaanderen,rural,Vasile Popescu,dr. Christian Kalala,dr. Anas Idrissi,Zuzana Novak,Moeder,85,man,16/04/2026,16-04-2026,02/2018,º30-01-1941,41.01.30-541.09,7-08067-33-003,BE07 4170 5402 1003,4824485007288953,Wilgenweg 48,2860,Sint-Katelijne-Waver,090308808,0472 58 20 51,vasile.popescu@skynet.be,https://www.imeldaziekenhuis.be,Imeldaziekenhuis,Oftalmologie,droge maculadegeneratie,ziekte van Hashimoto,Bristol-schaal type 4,lig. Collaterale mediale,Ibuprofen 400 mg,Metformine viatris 500 mg,geel verkleurde sclerae,1/w,ivm,no evidence of malignancy,,False,patient,patiente,de heer,hij,zijn,"{'INSZ': 'dotted', 'RIZIV': 'dashed', 'IBAN': 'grouped', 'DATE_ENCOUNTER': 'dd/mm/yyyy', 'DATE_VALIDATION': 'dd-mm-yyyy', 'DATE_HISTORY': 'mm/yyyy', 'DOB': 'masc_ordinal', 'TELEFOON': 'plain', 'TELEFOON_MOBILE': 'spaced', 'STREET': 'plain', 'AGE': 'bare'}"
CASE000293,F,80-95,maghrebi,Antwerpen,Vlaanderen,urban,Khadija Rahmani,dr. Marc Verhoeven,dr. Tom Van Acker,Ilham Ouazzani,Moeder,83 jaar,vrouw,16 mei 2026,18/05/2026,20/09/2015,°3 december 1942,42.12.03 224 70,44190230030,BE23715671319941,4497603967024368,Veldpad 172,2018,Antwerpen,014 42 53 69,0472/19.28.58,khadija.rahmani@proximus.be,https://www.ziekenhuissintblasius.be,Ziekenhuis Sint-Blasius,Reumatologie,osteoporose,ziekte van Parkinson,Schirmer-test,M. Biceps caput longum,Progor retard 180 mg,Progor retard 180 mg,boomstructuur van de bronchi,T 37.2,ivm,SSp testen positief,,False,patient,patiente,mevrouw,zij,haar,"{'INSZ': 'mixed', 'RIZIV': 'plain', 'IBAN': 'plain', 'DATE_ENCOUNTER': 'text_nl', 'DATE_VALIDATION': 'dd/mm/yyyy', 'DATE_HISTORY': 'dd/mm/yyyy', 'DOB': 'degree', 'TELEFOON': 'spaced', 'TELEFOON_MOBILE': 'slash_dot', 'STREET': 'plain', 'AGE': 'jaar'}"
CASE000294,M,18-34,turkish,Brussel-Hoofdstad,Brussel,urban,Kaan Celik,dr. Christian Tshibangu,dr. Lucia Romano,Deniz Arslan,Dochter,32,man,16 mei 2026,16 mei 2026,28 maa 2023,°14/01/1994,94011482755,5-86112-59-030,BE82 6411 6862 5685,4699929983358761,Oudeweg 191,1030,Schaarbeek,09/226.99.20,0485095872,kaan.celik@gmail.com,https://www.kliniekheilighart.be,Kliniek Heilig Hart,Fysische Geneeskunde en revalidatie,supraspinatuspeestendinose bilateraal,syndroom van Cushing,Romberg negatief,lig. Collaterale mediale,Trianal suppo,Toujeo solostar,molaire zwangerschap uitgesloten,3x,RYGB,SSp testen positief,,False,patient,patient,de heer,hij,zijn,"{'INSZ': 'plain', 'RIZIV': 'dashed', 'IBAN': 'grouped', 'DATE_ENCOUNTER': 'text_abbr', 'DATE_VALIDATION': 'text_nl', 'DATE_HISTORY': 'text_abbr', 'DOB': 'degree', 'TELEFOON': 'slash_dot', 'TELEFOON_MOBILE': 'plain', 'STREET': 'plain', 'AGE': 'bare'}"
CASE000295,F,35-49,flemish,Oost-Vlaanderen,Vlaanderen,town,Leen Claes,dr. Luc Mertens,dr. Agnieszka Kowalski,Jonas De Smet,Vader,37-jarige,vrouw,17/04/2026,19/04/2026,30/11/2017,º29-01-1989,89 01 29 632 83,85956450004,BE85 8716 9189 0907,4059208235309763,Vijverbaan 18A,9700,Oudenaarde,+32 (0)9/209.98.65,+32 485 38 20 95,leen.claes@gmail.com,https://www.klinieksintjozef.be,Kliniek Sint-Jozef,Gastro-enterologie,ferriprieve anaemie,manoeuvre van Valsalva,Humphrey - perimetrie,m. Deltoideus,Diltiazemzalf 2%,Trianal suppo,as 165 graden,1 a 2 /d,z.n.,shared decision making,,False,patient,patient,mevrouw,zij,haar,"{'INSZ': 'spaced', 'RIZIV': 'plain', 'IBAN': 'grouped', 'DATE_ENCOUNTER': 'dd/mm/yyyy', 'DATE_VALIDATION': 'dd/mm/yyyy', 'DATE_HISTORY': 'dd/mm/yyyy', 'DOB': 'masc_ordinal', 'TELEFOON': 'intl_paren', 'TELEFOON_MOBILE': 'intl', 'STREET': 'letter', 'AGE': 'jarige'}"
CASE000296,M,80-95,flemish,Brussel-Hoofdstad,Brussel,urban,Luc Lambert,dr. Pieter Van Acker,dr. Rik Vermeulen,Wim Declercq,Oom,91 jaar,man,28/5/2026,29/05/2026,2023,°14/04/1935,35.04.14-231.15,1-76066-86-007,BE02 7279 2034 2482,4444748904760782,Kasteelberg 50,1000,Brussel,030259991,0489/61.24.26,luc.lambert@gmail.com,https://www.ziekenhuismariamiddelares.be,Ziekenhuis Maria Middelares,Pneumologie,obstructief longlijden GOLD II,ziekte van Parkinson,Goldmann applanatie,N. Medianus,D-cure 25 000 ie,Asaflow 80 mg,lintvormige stoelgang,3x,OS,Painful arc beiderzijds +,,False,patient,patient,de heer,hij,zijn,"{'INSZ': 'dotted', 'RIZIV': 'dashed', 'IBAN': 'grouped', 'DATE_ENCOUNTER': 'd/m/yyyy', 'DATE_VALIDATION': 'dd/mm/yyyy', 'DATE_HISTORY': 'yyyy', 'DOB': 'degree', 'TELEFOON': 'plain', 'TELEFOON_MOBILE': 'slash_dot', 'STREET': 'plain', 'AGE': 'jaar'}"
CASE000297,F,50-64,flemish,Oost-Vlaanderen,Vlaanderen,rural,Inge Goossens,dr. Dimitar Nowak,dr. Sofie Wouters,Filip Verhoeven,Vader,62 jaar,vrouw,6/5/2026,7 mei 2026,10/09/2019,°26.05.1964,64052685634,5-73842-10-008,BE96 7871 4401 8650,4039662038588640,Brouwerswal 128,9400,Ninove,010-45 41 84,0498/31.77.91,inge.goossens@telenet.be,https://www.azonzelievevrouw.be,AZ Onze-Lieve-Vrouw,Gastro-enterologie,anale fissuur,ziekte van Hashimoto,Romberg negatief,V. Saphena magna,Diltiazemzalf 2%,Asaflow 80 mg,peervormige galblaas,2cc,OS,blurr-test,,False,patient,patiente,mevrouw,zij,haar,"{'INSZ': 'plain', 'RIZIV': 'dashed', 'IBAN': 'grouped', 'DATE_ENCOUNTER': 'd/m/yyyy', 'DATE_VALIDATION': 'text_nl', 'DATE_HISTORY': 'dd/mm/yyyy', 'DOB': 'degree', 'TELEFOON': 'dashed', 'TELEFOON_MOBILE': 'slash_dot', 'STREET': 'plain', 'AGE': 'jaar'}"
CASE000298,M,35-49,flemish,West-Vlaanderen,Vlaanderen,rural,Kris Goossens,dr. Lieve Claes,dr. Pieter De Smet,Els Vermeulen,Moeder,49 jaar,man,26 mei 2026,28/05/2026,12-10-2017,°20-06-1976,76 06 20 993 45,1-44627-97-006,BE41 7888 9744 0625,4220539707745447,Kortesteenweg 145C,8600,Diksmuide,048052632,0473 76 83 51,kris.goossens@gmail.com,https://www.algemeenziekenhuismariamiddelares.be,Algemeen Ziekenhuis Maria Middelares,Nefrologie,chronische nierinsufficientie stadium 3,syndroom van Cushing,Snellen 1,V. Saphena magna,Paracetamol 1 g,Paracetamol 1 g,peervormige galblaas,FEV1/FVC 73.17,APO,Painful arc beiderzijds +,,False,patient,patient,de heer,hij,zijn,"{'INSZ': 'spaced', 'RIZIV': 'dashed', 'IBAN': 'grouped', 'DATE_ENCOUNTER': 'text_nl', 'DATE_VALIDATION': 'dd/mm/yyyy', 'DATE_HISTORY': 'dd-mm-yyyy', 'DOB': 'degree', 'TELEFOON': 'plain', 'TELEFOON_MOBILE': 'spaced', 'STREET': 'letter', 'AGE': 'jaar'}"
CASE000299,F,18-34,turkish,Oost-Vlaanderen,Vlaanderen,rural,Gul Korkmaz,dr. Nele Vermeulen,dr. Ann Goossens,Cem Yilmaz,Grootvader,30-jarige,vrouw,14-05-2026,14 mei 2026,10-04-2024,°24-07-1995,95.07.24-548.97,4-15838-01-003,BE90 4085 7912 1652,4120302520945236,Gaverdries 4/19,9500,Geraardsbergen,010 50 28 16,0470 79 69 75,gul.korkmaz@gmail.com,https://www.azdamiaan.be,AZ Damiaan,Neurologie,perifere polyneuropathie,ziekte van Dupuytren,teken van Tinel,lig. Collaterale mediale,Trianal suppo,Progor retard 180 mg,boomstructuur van de bronchi,3x/week,NSAID,full range of motion,,False,patient,patient,mevrouw,zij,haar,"{'INSZ': 'dotted', 'RIZIV': 'dashed', 'IBAN': 'grouped', 'DATE_ENCOUNTER': 'dd-mm-yyyy', 'DATE_VALIDATION': 'text_nl', 'DATE_HISTORY': 'dd-mm-yyyy', 'DOB': 'degree', 'TELEFOON': 'spaced', 'TELEFOON_MOBILE': 'spaced', 'STREET': 'slash', 'AGE': 'jarige'}"
CASE000300,M,50-64,flemish,West-Vlaanderen,Vlaanderen,town,Filip Van Damme,dr. Elena Ionescu,dr. Piotr Dimitrov,Hilde De Smet,Grootmoeder,58-jarige,man,14-05-2026,16 mei 2026,21/10/2024,°1968-04-04,68.04.04-575.82,2 26642 47 030,BE65 6929 8378 5291,4704726602351588,Marktring 109,8800,Roeselare,02 797 05 66,+32 (0)499/52.13.53,filip.vandamme@proximus.be,https://www.znamiddelheim.be,ZNA Middelheim,Algemene Heelkunde,ziekte van Von Willebrand,ziekte van Von Willebrand,Humphrey - perimetrie,N. Medianus,Lambipol 100 mg,Paracetamol 1 g,beeld passend bij bursitis,1/w,tvv,blurr-test,,False,patient,patient,de heer,hij,zijn,"{'INSZ': 'dotted', 'RIZIV': 'spaced', 'IBAN': 'grouped', 'DATE_ENCOUNTER': 'dd-mm-yyyy', 'DATE_VALIDATION': 'text_abbr', 'DATE_HISTORY': 'dd/mm/yyyy', 'DOB': 'degree', 'TELEFOON': 'spaced', 'TELEFOON_MOBILE': 'intl_paren', 'STREET': 'plain', 'AGE': 'jarige'}"
CASE000301,F,50-64,flemish,Limburg,Vlaanderen,rural,Tine De Boom,dr. Filip Mertens,dr. Katrien Claes,Jonas De Clercq,Zoon,51 jaar,vrouw,2026-05-12,2026-05-12,11/2017,°23-04-1975,75.04.23-764.52,4-83114-43-007,BE07 7477 4123 8390,4876805702377180,Kasteeldries 28,3700,Tongeren,+32 (0)51/69.36.56,+32 490 30 24 41,tine.deboom@proximus.be,https://www.ziekenhuisdamiaan.be,Ziekenhuis Damiaan,Dermatologie,psoriasis vulgaris,syndroom van Sjogren,Snellen 1,m. Infraspinatus,Cose protect,Toujeo solostar,peervormige galblaas,1/d,i.o.m.,full range of motion,,True,patient,patiente,mevrouw,zij,haar,"{'INSZ': 'dotted', 'RIZIV': 'dashed', 'IBAN': 'grouped', 'DATE_ENCOUNTER': 'yyyy-mm-dd', 'DATE_VALIDATION': 'yyyy-mm-dd', 'DATE_HISTORY': 'mm/yyyy', 'DOB': 'degree', 'TELEFOON': 'intl_paren', 'TELEFOON_MOBILE': 'intl', 'STREET': 'plain', 'AGE': 'jaar'}"
CASE000302,M,18-34,maghrebi,West-Vlaanderen,Vlaanderen,town,Bilal Ouazzani,dr. Hilde Wouters,dr. Wouter Goossens,Yasmine Rahmani,Tante,22-jarige,man,17/04/2026,17/4/2026,07/11/2022,°29/07/2003,03.07.29-941.76,34825770006,BE87 7912 3534 3788,4515452607569996,Abdijweg 24 bus 16,8900,Ieper,015/84.42.34,0472 77 75 67,bilal.ouazzani@telenet.be,https://www.azturnhout.be,AZ Turnhout,NKO,chronische rhinosinusitis,syndroom van Sjogren,Glasgow Coma Scale 15,M. Supraspinatus,Glucagen hypokit,Asaflow 80 mg,beeld passend bij bursitis,T 37.2,antec.,shared decision making,,False,patient,patient,de heer,hij,zijn,"{'INSZ': 'dotted', 'RIZIV': 'plain', 'IBAN': 'grouped', 'DATE_ENCOUNTER': 'dd/mm/yyyy', 'DATE_VALIDATION': 'd/m/yyyy', 'DATE_HISTORY': 'dd/mm/yyyy', 'DOB': 'degree', 'TELEFOON': 'slash_dot', 'TELEFOON_MOBILE': 'spaced', 'STREET': 'bus', 'AGE': 'jarige'}"
CASE000303,F,35-49,flemish,Antwerpen,Vlaanderen,town,Lieve De Clercq,dr. Luc Vermeulen,dr. Miguel Garcia,Lode Peeters,Neef,45-jarige,vrouw,2026-05-28,28/05/2026,06/08/2019,º30/10/1980,80.10.30-036.38,4 51333 08 018,BE39 6836 2764 9789,4638564614974597,Vijverweg 148,2300,Turnhout,055/75.82.67,+32 (0)484/72.00.55,lieve.declercq@gmail.com,https://www.uzheilighart.be,UZ Heilig Hart,Cardiologie,boezemfibrilleren,ziekte van Hashimoto,Barthel-index 90,M. Supraspinatus,Glucagen hypokit,Ventolin aerosol,boomstructuur van de bronchi,4.95*,nle,watchful waiting,,False,patient,patiente,mevrouw,zij,haar,"{'INSZ': 'dotted', 'RIZIV': 'spaced', 'IBAN': 'grouped', 'DATE_ENCOUNTER': 'yyyy-mm-dd', 'DATE_VALIDATION': 'dd/mm/yyyy', 'DATE_HISTORY': 'dd/mm/yyyy', 'DOB': 'masc_ordinal', 'TELEFOON': 'slash_dot', 'TELEFOON_MOBILE': 'intl_paren', 'STREET': 'plain', 'AGE': 'jarige'}"
CASE000304,M,50-64,central_african,Vlaams-Brabant,Vlaanderen,town,Didier Mwamba,dr. Veerle Peeters,dr. Antonio Garcia,Mireille Nkosi,Tante,54 jaar,man,20/05/2026,22/05/2026,05/05/2023,°09-08-1971,71080939113,2-06356-60-006,BE70 1722 3181 4843,4718882237887050,Oudedreef 169,1800,Vilvoorde,015 23 98 47,0456/81.20.43,didier.mwamba@proximus.be,https://www.ziekenhuiszeepreventorium.be,Ziekenhuis Zeepreventorium,Urologie,epididymitis links,ziekte van Crohn,Phalen-test,V. Saphena magna,Atorstatine 20 mg,Sipralexa 20 mg,geel verkleurde sclerae,pH 7.38,APO,watchful waiting,,False,patient,patient,de heer,hij,zijn,"{'INSZ': 'plain', 'RIZIV': 'dashed', 'IBAN': 'grouped', 'DATE_ENCOUNTER': 'dd/mm/yyyy', 'DATE_VALIDATION': 'dd/mm/yyyy', 'DATE_HISTORY': 'dd/mm/yyyy', 'DOB': 'degree', 'TELEFOON': 'spaced', 'TELEFOON_MOBILE': 'slash_dot', 'STREET': 'plain', 'AGE': 'jaar'}"
CASE000305,F,50-64,flemish,Oost-Vlaanderen,Vlaanderen,rural,Marleen Dubois,dr. Marleen Coppens,dr. Merve Aydin,Femke Mertens,Moeder,55-jarige,vrouw,2026-05-03,3/5/2026,22-03-2025,°15-10-1970,70.10.15-902.91,2-47543-01-030,BE34421266172185,4758682405166548,Brouwersweg 4,9500,Geraardsbergen,054-55 57 51,0475 32 60 55,marleen.dubois@proximus.be,https://www.azgroeninge.be,AZ Groeninge,Fysische Geneeskunde en revalidatie,lumbaal facettair syndroom,ziekte van Crohn,Jaeger transfertest,M. Subscapularis,Metformine viatris 500 mg,Nexiam 20 mg,hamstringletsel links,1/w,co,no evidence of malignancy,,False,patient,patiente,mevrouw,zij,haar,"{'INSZ': 'dotted', 'RIZIV': 'dashed', 'IBAN': 'plain', 'DATE_ENCOUNTER': 'yyyy-mm-dd', 'DATE_VALIDATION': 'd/m/yyyy', 'DATE_HISTORY': 'dd-mm-yyyy', 'DOB': 'degree', 'TELEFOON': 'dashed', 'TELEFOON_MOBILE': 'spaced', 'STREET': 'plain', 'AGE': 'jarige'}"
CASE000306,M,80-95,flemish,Antwerpen,Vlaanderen,town,Rik De Backer,dr. Ionut Dimitrov,dr. Christian Kalala,Koen Claes,Broer,80-jarige,man,19 apr 2026,2026-04-20,01-09-2016,°06/03/1946,46030652588,77422133030,BE28 1892 3953 6706,4413569480450730,Molenvest 25,2500,Lier,+32 (0)89/61.97.97,+32 (0)456/73.62.17,rik.debacker@proximus.be,https://www.uzzeepreventorium.be,UZ Zeepreventorium,Gastro-enterologie,ulcus anastomoticum,ziekte van Dupuytren,Phalen-test,lig. Collaterale mediale,Nexiam 20 mg,Ventolin aerosol,beeld passend bij bursitis,4.95*,OS,full range of motion,,False,patient,patient,de heer,hij,zijn,"{'INSZ': 'plain', 'RIZIV': 'plain', 'IBAN': 'grouped', 'DATE_ENCOUNTER': 'text_abbr', 'DATE_VALIDATION': 'yyyy-mm-dd', 'DATE_HISTORY': 'dd-mm-yyyy', 'DOB': 'degree', 'TELEFOON': 'intl_paren', 'TELEFOON_MOBILE': 'intl_paren', 'STREET': 'plain', 'AGE': 'jarige'}"
CASE000307,F,80-95,maghrebi,Oost-Vlaanderen,Vlaanderen,rural,Ilham El Amrani,dr. An Willems,dr. Samira Ouazzani,Nadia Benali,Moeder,88,vrouw,25-04-2026,27/04/2026,19-03-2017,°29-12-1937,37.12.29-288.91,7-40180-27-003,BE63 2081 7124 0155,4841962332605860,Vijverweg 21 bus 17,9600,Ronse,051 18 64 82,0489 66 96 92,ilham.elamrani@proximus.be,https://www.jessaziekenhuis.be,Jessa Ziekenhuis,Neurologie,migraine met aura,ziekte van Parkinson,Romberg negatief,A. Radialis,Injectafer 1000 mg,Nexiam 20 mg,beers-teken afwezig,12u,ESWT,shared decision making,,False,patient,patiente,mevrouw,zij,haar,"{'INSZ': 'dotted', 'RIZIV': 'dashed', 'IBAN': 'grouped', 'DATE_ENCOUNTER': 'dd-mm-yyyy', 'DATE_VALIDATION': 'dd/mm/yyyy', 'DATE_HISTORY': 'dd-mm-yyyy', 'DOB': 'degree', 'TELEFOON': 'spaced', 'TELEFOON_MOBILE': 'spaced', 'STREET': 'bus', 'AGE': 'bare'}"
CASE000308,M,18-34,flemish,Oost-Vlaanderen,Vlaanderen,rural,Kris Declercq,dr. Rafael Esposito,dr. Krzysztof Kaminski,Lieve Van den Berghe,Dochter,18 jaar,man,07-05-2026,09-05-2026,19.04.2022,º29 februari 2008,08 02 29 857 36,1-24540-08-030,BE30 1714 8881 4478,4767553981889077,Eikenweg 236 bus 3,9600,Ronse,+32 2 065 48 70,0490355957,kris.declercq@skynet.be,https://www.algemeenziekenhuisgroeninge.be,Algemeen Ziekenhuis Groeninge,Neurologie,migraine met aura,syndroom van Guillain-Barre,Glasgow Coma Scale 15,m. Infraspinatus,Progor retard 180 mg,Cose protect,geel verkleurde sclerae,HR: 68,nle,no evidence of malignancy,,False,patient,patient,de heer,hij,zijn,"{'INSZ': 'spaced', 'RIZIV': 'dashed', 'IBAN': 'grouped', 'DATE_ENCOUNTER': 'dd-mm-yyyy', 'DATE_VALIDATION': 'dd-mm-yyyy', 'DATE_HISTORY': 'dd.mm.yyyy', 'DOB': 'masc_ordinal', 'TELEFOON': 'intl', 'TELEFOON_MOBILE': 'plain', 'STREET': 'bus', 'AGE': 'jaar'}"
CASE000309,F,50-64,flemish,West-Vlaanderen,Vlaanderen,town,Ann De Backer,dr. Femke Vermeulen,dr. Wim Peeters,Katrien Mertens,Tante,55-jarige,vrouw,21-04-2026,22-04-2026,2018-02-12,º04-08-1970,70.08.04-806.18,8-00344-03-003,BE42934722472184,4893348649703506,Abdijsteenweg 52,8300,Knokke-Heist,02 706 69 01,+32 491 16 28 61,ann.debacker@gmail.com,https://www.znamiddelheim.be,ZNA Middelheim,Oftalmologie,open kamerhoek glaucoom,syndroom van Guillain-Barre,teken van Tinel,lig. Collaterale mediale,Ventolin aerosol,Trianal suppo,as 165 graden,300 ie/ml 1.5 ml,PTO,blurr-test,,False,patient,patiente,mevrouw,zij,haar,"{'INSZ': 'dotted', 'RIZIV': 'dashed', 'IBAN': 'plain', 'DATE_ENCOUNTER': 'dd-mm-yyyy', 'DATE_VALIDATION': 'dd-mm-yyyy', 'DATE_HISTORY': 'yyyy-mm-dd', 'DOB': 'masc_ordinal', 'TELEFOON': 'spaced', 'TELEFOON_MOBILE': 'intl', 'STREET': 'plain', 'AGE': 'jarige'}"
CASE000310,M,65-79,central_african,Vlaams-Brabant,Vlaanderen,urban,Christian Nkosi,dr. Veerle Declercq,dr. Femke Janssens,Esther Mwamba,Nicht,65 jaar,man,19 april 2026,21 apr 2026,6/3/2018,°1960-10-30,60.10.30-281.52,8-45441-11-008,BE98 0483 7596 6957,4797802344568447,Vijverwal 108 bus 19,3000,Leuven,052 03 68 71,0498509968,christian.nkosi@gmail.com,https://www.uzdevoorzorg.be,UZ De Voorzorg,Cardiologie,arteriele hypertensie,syndroom van Guillain-Barre,Barthel-index 90,m. Deltoideus,Asaflow 80 mg,L-thyroxine 50 mcg,as 165 graden,pH 7.38,ivm,SSp testen positief,,False,patient,patient,de heer,hij,zijn,"{'INSZ': 'dotted', 'RIZIV': 'dashed', 'IBAN': 'grouped', 'DATE_ENCOUNTER': 'text_nl', 'DATE_VALIDATION': 'text_abbr', 'DATE_HISTORY': 'd/m/yyyy', 'DOB': 'degree', 'TELEFOON': 'spaced', 'TELEFOON_MOBILE': 'plain', 'STREET': 'bus', 'AGE': 'jaar'}"
CASE000311,F,18-34,eastern_european,Limburg,Vlaanderen,rural,Iwona Zielinski,dr. Dirk Lambert,dr. Inge De Clercq,Magdalena Zielinski,Zus,24 jaar,vrouw,22/05/2026,24 mei 2026,6 juni 2021,°25-07-2001,01.07.25 140 82,6-92377-09-004,BE98 6156 0379 0300,4595841749161709,Visserslei 84,3700,Tongeren,059-39 66 07,+32 479 37 49 60,iwona.zielinski@proximus.be,https://www.uzdamiaan.be,UZ Damiaan,Oftalmologie,cataract incipiens bilateraal,ziekte van Von Willebrand,Jaeger transfertest,M. Subscapularis,D-cure 25 000 ie,Ventolin aerosol,geel verkleurde sclerae,2cc,z.n.,Painful arc beiderzijds +,,False,patient,patiente,mevrouw,zij,haar,"{'INSZ': 'mixed', 'RIZIV': 'dashed', 'IBAN': 'grouped', 'DATE_ENCOUNTER': 'dd/mm/yyyy', 'DATE_VALIDATION': 'text_nl', 'DATE_HISTORY': 'text_nl', 'DOB': 'degree', 'TELEFOON': 'dashed', 'TELEFOON_MOBILE': 'intl', 'STREET': 'plain', 'AGE': 'jaar'}"
CASE000312,M,80-95,flemish,Limburg,Vlaanderen,urban,Lode Janssens,dr. Meryem Cherkaoui,dr. Samira El Amrani,Lieve De Backer,Zus,83-jarige,man,10/05/2026,12-05-2026,01-09-2018,°16-01-1943,43 01 16 957 55,1-30064-13-006,BE28 6994 4719 7821,4980137683675900,Marktstraat 197 bus 8,3500,Hasselt,055 10 25 63,0499 04 17 16,lode.janssens@telenet.be,https://www.uznikolaas.be,UZ Nikolaas,Endocrinologie,type 2 diabetes mellitus,syndroom van Guillain-Barre,Romberg negatief,m. Infraspinatus,Ozempic 1 mg,Lyumjev kwikpen,hamstringletsel links,22u,antec.,Painful arc beiderzijds +,,False,patient,patient,de heer,hij,zijn,"{'INSZ': 'spaced', 'RIZIV': 'dashed', 'IBAN': 'grouped', 'DATE_ENCOUNTER': 'dd/mm/yyyy', 'DATE_VALIDATION': 'dd-mm-yyyy', 'DATE_HISTORY': 'dd-mm-yyyy', 'DOB': 'degree', 'TELEFOON': 'spaced', 'TELEFOON_MOBILE': 'spaced', 'STREET': 'bus', 'AGE': 'jarige'}"
CASE000313,F,0-17,flemish,Vlaams-Brabant,Vlaanderen,town,Femke Van den Berghe,dr. Ana Ferrari,dr. Maria Esposito,Lode Mertens,Broer,5 jaar,vrouw,15 mei 2026,15/05/2026,17/06/2019,°1 december 2020,20120191672,7-42085-62-018,BE71641479199998,4722883904733142,Schoolplein 249,1800,Vilvoorde,+32 59 50 25 51,0476-34 99 36,femke.vandenberghe@proximus.be,https://www.ziekenhuisdamiaan.be,Ziekenhuis Damiaan,Endocrinologie,type 2 diabetes mellitus,syndroom van Raynaud,Phalen-test,m. Infraspinatus,Progor retard 180 mg,Paracetamol 1 g,lintvormige stoelgang,BD: 146/68,APO,blurr-test,,False,patient,patiente,mevrouw,zij,haar,"{'INSZ': 'plain', 'RIZIV': 'dashed', 'IBAN': 'plain', 'DATE_ENCOUNTER': 'text_nl', 'DATE_VALIDATION': 'dd/mm/yyyy', 'DATE_HISTORY': 'dd/mm/yyyy', 'DOB': 'degree', 'TELEFOON': 'intl', 'TELEFOON_MOBILE': 'dashed', 'STREET': 'plain', 'AGE': 'jaar'}"
CASE000314,M,18-34,flemish,Oost-Vlaanderen,Vlaanderen,rural,Wouter Mertens,dr. Paulo Rossi,dr. Leen De Clercq,Tine Jacobs,Tante,32 jaar,man,16 mei 2026,16/05/2026,29-12-2017,°10/10/1993,93.10.10-053.21,1-62678-88-004,BE70 7676 0981 2246,4068026933154235,Meersbaan 44,9600,Ronse,027818710,0485/80.67.40,wouter.mertens@telenet.be,https://www.ziekenhuisdevoorzorg.be,Ziekenhuis De Voorzorg,Orthopedie,gonartrose bilateraal,ziekte van Bechterew,Snellen 1,M. Biceps caput longum,Toujeo solostar,Lambipol 100 mg,beeld passend bij bursitis,8u,co,full range of motion,,False,patient,patient,de heer,hij,zijn,"{'INSZ': 'dotted', 'RIZIV': 'dashed', 'IBAN': 'grouped', 'DATE_ENCOUNTER': 'text_abbr', 'DATE_VALIDATION': 'dd/mm/yyyy', 'DATE_HISTORY': 'dd-mm-yyyy', 'DOB': 'degree', 'TELEFOON': 'plain', 'TELEFOON_MOBILE': 'slash_dot', 'STREET': 'plain', 'AGE': 'jaar'}"
CASE000315,F,80-95,southern_european,Limburg,Vlaanderen,rural,Rosa Esposito,dr. Jan Van den Berghe,dr. Dirk Dubois,Antonio Rossi,Zoon,90-jarige,vrouw,03.05.2026,04/05/2026,11/10/2015,°10/06/1936,36.06.10-758.31,6-44532-33-006,BE20146581757707,4132394564523421,Groenepad 20,3700,Tongeren,02 113 48 43,0473 24 29 82,rosa.esposito@gmail.com,https://www.azalma.be,AZ Alma,Gastro-enterologie,diverticulose sigmoid,syndroom van Raynaud,Schirmer-test,lig. Collaterale mediale,Depakine chrono 500 mg,Asaflow 80 mg,peervormige galblaas,22u,co,full range of motion,,False,patient,patiente,mevrouw,zij,haar,"{'INSZ': 'dotted', 'RIZIV': 'dashed', 'IBAN': 'plain', 'DATE_ENCOUNTER': 'dd.mm.yyyy', 'DATE_VALIDATION': 'dd/mm/yyyy', 'DATE_HISTORY': 'dd/mm/yyyy', 'DOB': 'degree', 'TELEFOON': 'spaced', 'TELEFOON_MOBILE': 'spaced', 'STREET': 'plain', 'AGE': 'jarige'}"
CASE000316,M,35-49,flemish,Limburg,Vlaanderen,rural,Tom De Clercq,dr. Ilham Cherkaoui,dr. Ann Van Acker,Filip Van den Berghe,Broer,46 jaar,man,07.05.2026,09-05-2026,23-10-2023,°1979-08-15,79 08 15 341 51,6 90055 03 004,BE67 5337 2489 6012,4629853243679243,Smidplein 190,3900,Pelt,03-695 24 74,+32 485 55 92 40,tom.declercq@telenet.be,https://www.kliniekonzelievevrouw.be,Kliniek Onze-Lieve-Vrouw,Gastro-enterologie,refluxoesofagitis graad B,ziekte van Graves,Romberg negatief,m. Infraspinatus,Toujeo solostar,Ibuprofen 400 mg,lintvormige stoelgang,FEV1/FVC 73.17,ivm,blurr-test,,False,patient,patient,de heer,hij,zijn,"{'INSZ': 'spaced', 'RIZIV': 'spaced', 'IBAN': 'grouped', 'DATE_ENCOUNTER': 'dd.mm.yyyy', 'DATE_VALIDATION': 'dd-mm-yyyy', 'DATE_HISTORY': 'dd-mm-yyyy', 'DOB': 'degree', 'TELEFOON': 'dashed', 'TELEFOON_MOBILE': 'intl', 'STREET': 'plain', 'AGE': 'jaar'}"
CASE000317,F,50-64,flemish,Limburg,Vlaanderen,town,Tine Verhoeven,dr. Mehmet Arslan,dr. Zeynep Celik,Tom Van Acker,Grootvader,53,vrouw,16-04-2026,16-04-2026,01-02-2021,°22 februari 1973,73.02.22-230.75,8-06541-14-004,BE64429932695039,4463947625429265,Bergdries 46,3600,Genk,02/489.67.80,0474499335,tine.verhoeven@proximus.be,https://www.azalma.be,AZ Alma,Gynaecologie,myomateuze uterus,ziekte van Graves,Phalen-test,M. Supraspinatus,Lambipol 100 mg,Trianal suppo,geel verkleurde sclerae,25 000 ie,PPI,watchful waiting,,False,patient,patiente,mevrouw,zij,haar,"{'INSZ': 'dotted', 'RIZIV': 'dashed', 'IBAN': 'plain', 'DATE_ENCOUNTER': 'dd-mm-yyyy', 'DATE_VALIDATION': 'dd-mm-yyyy', 'DATE_HISTORY': 'dd-mm-yyyy', 'DOB': 'degree', 'TELEFOON': 'slash_dot', 'TELEFOON_MOBILE': 'plain', 'STREET': 'plain', 'AGE': 'bare'}"
CASE000318,M,65-79,maghrebi,Brussel-Hoofdstad,Brussel,urban,Bilal Bennani,dr. Dirk Willems,dr. Samira Bennani,Anas Idrissi,Grootvader,74 jaar,man,02.05.2026,2026-05-04,26/10/2015,º14/01/1952,52.01.14-615.64,21632681003,BE86 1176 3756 2575,4167930148116048,Schoolwal 15,1000,Brussel,+32 4 376 73 48,+32 479 05 72 69,bilal.bennani@telenet.be,https://www.uzonzelievevrouw.be,UZ Onze-Lieve-Vrouw,Gastro-enterologie,lichte chronische niet specifieke colitis,ziekte van Dupuytren,Snellen 1,M. Biceps caput longum,Nexiam 20 mg,Ibuprofen 400 mg,peervormige galblaas,2/d,PPI,no evidence of malignancy,,False,patient,patient,de heer,hij,zijn,"{'INSZ': 'dotted', 'RIZIV': 'plain', 'IBAN': 'grouped', 'DATE_ENCOUNTER': 'dd.mm.yyyy', 'DATE_VALIDATION': 'yyyy-mm-dd', 'DATE_HISTORY': 'dd/mm/yyyy', 'DOB': 'masc_ordinal', 'TELEFOON': 'intl', 'TELEFOON_MOBILE': 'intl', 'STREET': 'plain', 'AGE': 'jaar'}"
CASE000319,F,65-79,flemish,West-Vlaanderen,Vlaanderen,town,Els Maes,dr. Salvatore Silva,dr. Stijn Verhoeven,Jonas De Backer,Zoon,78-jarige,vrouw,19 mei 2026,19 mei 2026,26 juni 2023,°17 april 1948,48.04.17-490.36,6-92942-26-004,BE40 9212 0891 0042,4287452719367855,Langekaai 196,8400,Oostende,+32 13 94 02 47,+32 470 20 66 71,els.maes@gmail.com,https://www.azheilighart.be,AZ Heilig Hart,Oftalmologie,droge maculadegeneratie,ziekte van Bechterew,Schirmer-test,A. Radialis,Lambipol 100 mg,Trianal suppo,geel verkleurde sclerae,18u,z.n.,shared decision making,,False,patient,patiente,mevrouw,zij,haar,"{'INSZ': 'dotted', 'RIZIV': 'dashed', 'IBAN': 'grouped', 'DATE_ENCOUNTER': 'text_nl', 'DATE_VALIDATION': 'text_nl', 'DATE_HISTORY': 'text_nl', 'DOB': 'degree', 'TELEFOON': 'intl', 'TELEFOON_MOBILE': 'intl', 'STREET': 'plain', 'AGE': 'jarige'}"
CASE000320,M,0-17,flemish,West-Vlaanderen,Vlaanderen,town,Dirk De Smet,dr. Dirk Lambert,dr. Luc Goossens,Kris Dubois,Zoon,15,man,2 mei 2026,04/05/2026,7/5/2018,°2011-04-06,11.04.06-069.39,52626755008,BE36381453864338,4300519567563554,Abdijplein 166,8300,Knokke-Heist,09-989 94 88,0484 54 49 77,dirk.desmet@proximus.be,https://www.uzheilighart.be,UZ Heilig Hart,Gastro-enterologie,ferriprieve anaemie,ziekte van Parkinson,Jaeger transfertest,lig. Collaterale mediale,Ibuprofen 400 mg,D-cure 25 000 ie,lintvormige stoelgang,1 a 2 /d,antec.,full range of motion,,False,patient,patient,de heer,hij,zijn,"{'INSZ': 'dotted', 'RIZIV': 'plain', 'IBAN': 'plain', 'DATE_ENCOUNTER': 'text_nl', 'DATE_VALIDATION': 'dd/mm/yyyy', 'DATE_HISTORY': 'd/m/yyyy', 'DOB': 'degree', 'TELEFOON': 'dashed', 'TELEFOON_MOBILE': 'spaced', 'STREET': 'plain', 'AGE': 'bare'}"
CASE000321,F,65-79,flemish,West-Vlaanderen,Vlaanderen,town,An Janssens,dr. Griet Goossens,dr. Tine Willems,Rik De Clercq,Neef,71 jaar,vrouw,28/05/2026,2026-05-28,14/09/2018,º3/2/1955,55020361477,1-61860-33-008,BE39 8366 7769 8042,4940041084791358,Langepark 70,8300,Knokke-Heist,03 822 28 24,0478/60.41.19,an.janssens@telenet.be,https://www.kliniekheilighart.be,Kliniek Heilig Hart,Gastro-enterologie,diverticulose sigmoid,syndroom van Cushing,Humphrey - perimetrie,M. Supraspinatus,Progor retard 180 mg,Paracetamol 1 g,beeld passend bij bursitis,HR: 68,APO,SSp testen positief,,False,patient,patiente,mevrouw,zij,haar,"{'INSZ': 'plain', 'RIZIV': 'dashed', 'IBAN': 'grouped', 'DATE_ENCOUNTER': 'dd/mm/yyyy', 'DATE_VALIDATION': 'yyyy-mm-dd', 'DATE_HISTORY': 'dd/mm/yyyy', 'DOB': 'masc_ordinal', 'TELEFOON': 'spaced', 'TELEFOON_MOBILE': 'slash_dot', 'STREET': 'plain', 'AGE': 'jaar'}"
CASE000322,M,80-95,flemish,Oost-Vlaanderen,Vlaanderen,town,Wim Peeters,dr. Esra Demir,dr. Yasmine El Fassi,Pieter Verhoeven,Grootvader,84 jaar,man,2026-05-27,27-05-2026,19 jun 2015,º24/07/1941,41.07.24-917.49,4-14679-93-004,BE70316204338577,4780378912139746,Abdijbaan 155,9200,Dendermonde,055 74 28 02,0489 86 71 78,wim.peeters@skynet.be,https://www.azsintlucas.be,AZ Sint-Lucas,Oftalmologie,cataract incipiens bilateraal,syndroom van Cushing,Phalen-test,M. Biceps caput longum,Ozempic 1 mg,Ozempic 1 mg,beers-teken afwezig,HR: 68,i.o.m.,full range of motion,,False,patient,patient,de heer,hij,zijn,"{'INSZ': 'dotted', 'RIZIV': 'dashed', 'IBAN': 'plain', 'DATE_ENCOUNTER': 'yyyy-mm-dd', 'DATE_VALIDATION': 'dd-mm-yyyy', 'DATE_HISTORY': 'text_abbr', 'DOB': 'masc_ordinal', 'TELEFOON': 'spaced', 'TELEFOON_MOBILE': 'spaced', 'STREET': 'plain', 'AGE': 'jaar'}"
CASE000323,F,50-64,maghrebi,Oost-Vlaanderen,Vlaanderen,town,Samira El Amrani,dr. Grace Mukendi,dr. Rik Van Acker,Fatima Rahmani,Tante,54 jaar,vrouw,25/05/2026,26/5/2026,17/02/2022,°31-05-1972,72.05.31-464.56,8-92876-09-008,BE80 4869 2583 1033,4250842324234800,Molensteenweg 205,9300,Aalst,030843769,0493 78 50 37,samira.elamrani@telenet.be,https://www.uzsintrembert.be,UZ Sint-Rembert,Gastro-enterologie,status na gastric bypass (RYGB),syndroom van Raynaud,Humphrey - perimetrie,lig. Collaterale mediale,Lyumjev kwikpen,Nexiam 20 mg,geel verkleurde sclerae,pH 7.38,OS,SSp testen positief,,False,patient,patiente,mevrouw,zij,haar,"{'INSZ': 'dotted', 'RIZIV': 'dashed', 'IBAN': 'grouped', 'DATE_ENCOUNTER': 'dd/mm/yyyy', 'DATE_VALIDATION': 'd/m/yyyy', 'DATE_HISTORY': 'dd/mm/yyyy', 'DOB': 'degree', 'TELEFOON': 'plain', 'TELEFOON_MOBILE': 'spaced', 'STREET': 'plain', 'AGE': 'jaar'}"
CASE000324,M,65-79,flemish,Limburg,Vlaanderen,town,Wouter Coppens,dr. Rosa Fernandez,dr. An Willems,Pieter Janssens,Zoon,74 jaar,man,15-05-2026,15/05/2026,15/06/2018,º16.09.1951,51091634716,8 08477 18 008,BE35 1991 0968 5929,4153926693706320,Lindesteenweg 165,3800,Sint-Truiden,02 721 74 29,0474/03.38.11,wouter.coppens@proximus.be,https://www.azalma.be,AZ Alma,Oftalmologie,cataract incipiens bilateraal,ziekte van Dupuytren,Snellen 1,M. Supraspinatus,Glucagen hypokit,L-thyroxine 50 mcg,peervormige galblaas,300 ie/ml 1.5 ml,PRP,SSp testen positief,,False,patient,patient,de heer,hij,zijn,"{'INSZ': 'plain', 'RIZIV': 'spaced', 'IBAN': 'grouped', 'DATE_ENCOUNTER': 'dd-mm-yyyy', 'DATE_VALIDATION': 'dd/mm/yyyy', 'DATE_HISTORY': 'dd/mm/yyyy', 'DOB': 'masc_ordinal', 'TELEFOON': 'spaced', 'TELEFOON_MOBILE': 'slash_dot', 'STREET': 'plain', 'AGE': 'jaar'}"
CASE000325,F,80-95,flemish,Vlaams-Brabant,Vlaanderen,town,Tine Coppens,dr. Tom Claes,dr. Lode Van Acker,Marc Peeters,Grootvader,91 jaar,vrouw,17-04-2026,17.04.2026,08/09/2023,°4 apr 1935,35 04 04 102 56,4-95085-03-006,BE85924209126798,4456474370194530,Abdijberg 144C,1500,Halle,+32 14 30 45 32,0472/49.83.80,tine.coppens@telenet.be,https://www.ziekenhuisheilighart.be,Ziekenhuis Heilig Hart,Gastro-enterologie,ferriprieve anaemie,ziekte van Crohn,Bristol-schaal type 4,lig. Collaterale mediale,Injectafer 1000 mg,Depakine chrono 500 mg,as 165 graden,T 37.2,ivm,SSp testen positief,,False,patient,patiente,mevrouw,zij,haar,"{'INSZ': 'spaced', 'RIZIV': 'dashed', 'IBAN': 'plain', 'DATE_ENCOUNTER': 'dd-mm-yyyy', 'DATE_VALIDATION': 'dd.mm.yyyy', 'DATE_HISTORY': 'dd/mm/yyyy', 'DOB': 'degree', 'TELEFOON': 'intl', 'TELEFOON_MOBILE': 'slash_dot', 'STREET': 'letter', 'AGE': 'jaar'}"
CASE000326,M,18-34,maghrebi,Vlaams-Brabant,Vlaanderen,town,Karim Goldmann,dr. Lore De Backer,dr. Marc Mertens,Yassine Benali,Vader,33 jaar,man,28-04-2026,30.04.2026,23/08/2019,°3 november 1992,92.11.03-645.13,9-66024-96-480,BE83 4708 6847 9206,4753989231324653,Beekvest 126,1800,Vilvoorde,051 85 63 71,0474 77 39 24,karim.goldmann@gmail.com,https://www.klinieksintlucas.be,Kliniek Sint-Lucas,Endocrinologie,type 2 diabetes mellitus,ziekte van Bechterew,Barthel-index 90,M. Supraspinatus,Lyumjev kwikpen,Injectafer 1000 mg,beers-teken afwezig,T 37.2,ODS,Painful arc beiderzijds +,,True,patient,patient,de heer,hij,zijn,"{'INSZ': 'dotted', 'RIZIV': 'dashed', 'IBAN': 'grouped', 'DATE_ENCOUNTER': 'dd-mm-yyyy', 'DATE_VALIDATION': 'dd.mm.yyyy', 'DATE_HISTORY': 'dd/mm/yyyy', 'DOB': 'degree', 'TELEFOON': 'spaced', 'TELEFOON_MOBILE': 'spaced', 'STREET': 'plain', 'AGE': 'jaar'}"
CASE000327,F,50-64,maghrebi,Limburg,Vlaanderen,town,Hafida Peer,dr. Marco Esposito,dr. An Van den Berghe,Leila Rahmani,Zus,62-jarige,vrouw,17 mei 2026,18-05-2026,01-11-2020,º14-11-1963,63.11.14-378.20,1 66703 40 006,BE21 1996 6380 2949,4250692965685129,Bloemvest 177/1,3800,Sint-Truiden,055/48.78.49,+32 475 35 73 36,hafida.peer@telenet.be,https://www.uzrivierenland.be,UZ Rivierenland,Pneumologie,"astma, goed gecontroleerd",ziekte van Bechterew,Jaeger transfertest,lig. Collaterale mediale,Depakine chrono 500 mg,Injectafer 1000 mg,peervormige galblaas,-0.25 ^ -0.25 as 165 graden,PTO,watchful waiting,,True,patient,patiente,mevrouw,zij,haar,"{'INSZ': 'dotted', 'RIZIV': 'spaced', 'IBAN': 'grouped', 'DATE_ENCOUNTER': 'text_abbr', 'DATE_VALIDATION': 'dd-mm-yyyy', 'DATE_HISTORY': 'dd-mm-yyyy', 'DOB': 'masc_ordinal', 'TELEFOON': 'slash_dot', 'TELEFOON_MOBILE': 'intl', 'STREET': 'slash', 'AGE': 'jarige'}"
CASE000328,M,0-17,flemish,Vlaams-Brabant,Vlaanderen,rural,Stijn Maes,dr. Jonas Vermeulen,dr. Maria Ferrari,Jonas Van Damme,Broer,14-jarige,man,23/04/2026,25/04/2026,06/03/2016,°11/02/2012,12.02.11-933.02,4-61642-78-480,BE40 6258 7568 9182,4632863011220083,Kouterweg 192,3200,Aarschot,03 337 20 94,+32 496 50 62 51,stijn.maes@proximus.be,https://www.azsintblasius.be,AZ Sint-Blasius,Cardiologie,boezemfibrilleren,teken van Lasegue,Schirmer-test,M. Subscapularis,Sipralexa 20 mg,Metformine viatris 500 mg,beers-teken afwezig,12u,APO,shared decision making,,False,patient,patient,de heer,hij,zijn,"{'INSZ': 'dotted', 'RIZIV': 'dashed', 'IBAN': 'grouped', 'DATE_ENCOUNTER': 'dd/mm/yyyy', 'DATE_VALIDATION': 'dd/mm/yyyy', 'DATE_HISTORY': 'dd/mm/yyyy', 'DOB': 'degree', 'TELEFOON': 'spaced', 'TELEFOON_MOBILE': 'intl', 'STREET': 'plain', 'AGE': 'jarige'}"
CASE000329,F,65-79,flemish,Oost-Vlaanderen,Vlaanderen,town,Ann De Backer,dr. Katrien Claes,dr. Marleen Van Acker,Lieve Peeters,Tante,75-jarige,vrouw,5 mei 2026,06/05/2026,28 aug 2022,°05/06/1951,51.06.05-888.75,2 96919 95 006,BE89684023152906,4685135381483740,Visserssteenweg 111,9100,Sint-Niklaas,02 803 88 90,0493 08 07 36,ann.debacker@gmail.com,https://www.azsintvincentius.be,AZ Sint-Vincentius,Dermatologie,atopisch eczeem,ziekte van Graves,teken van Tinel,V. Saphena magna,Atorstatine 20 mg,Lambipol 100 mg,beeld passend bij bursitis,-0.25 ^ -0.25 as 165 graden,RYGB,Painful arc beiderzijds +,,False,patient,patiente,mevrouw,zij,haar,"{'INSZ': 'dotted', 'RIZIV': 'spaced', 'IBAN': 'plain', 'DATE_ENCOUNTER': 'text_nl', 'DATE_VALIDATION': 'dd/mm/yyyy', 'DATE_HISTORY': 'text_abbr', 'DOB': 'degree', 'TELEFOON': 'spaced', 'TELEFOON_MOBILE': 'spaced', 'STREET': 'plain', 'AGE': 'jarige'}"
CASE000330,M,50-64,flemish,Antwerpen,Vlaanderen,urban,Lode De Clercq,dr. Luc Van Acker,dr. Griet Van den Berghe,Sofie Van Damme,Grootmoeder,55-jarige,man,1/5/2026,01/05/2026,02/08/2024,º25/10/1970,70.10.25-819.68,64249038030,BE06 0906 7888 3247,4533998242662172,Meersberg 225 bus 18,2018,Antwerpen,052835345,0472 75 44 54,lode.declercq@gmail.com,https://www.kliniekheilighart.be,Kliniek Heilig Hart,Gastro-enterologie,diverticulose sigmoid,ziekte van Graves,Glasgow Coma Scale 15,M. Biceps caput longum,D-cure 25 000 ie,Paracetamol 1 g,molaire zwangerschap uitgesloten,0.5 mg,ODS,full range of motion,,False,patient,patient,de heer,hij,zijn,"{'INSZ': 'dotted', 'RIZIV': 'plain', 'IBAN': 'grouped', 'DATE_ENCOUNTER': 'd/m/yyyy', 'DATE_VALIDATION': 'dd/mm/yyyy', 'DATE_HISTORY': 'dd/mm/yyyy', 'DOB': 'masc_ordinal', 'TELEFOON': 'plain', 'TELEFOON_MOBILE': 'spaced', 'STREET': 'bus', 'AGE': 'jarige'}"
CASE000331,F,50-64,flemish,Brussel-Hoofdstad,Brussel,urban,Lieve Dubois,dr. Ann Van Damme,dr. Merve Celik,Inge Janssens,Nicht,63,vrouw,8 mei 2026,8 mei 2026,29/12/2015,º02/03/1963,63030211010,3-50141-29-003,BE47 6004 5271 3646,4309007121024231,Kouterkaai 4 bus 17,1000,Brussel,+32 (0)15/77.77.11,0489 37 17 40,lieve.dubois@proximus.be,https://www.ziekenhuisheilighart.be,Ziekenhuis Heilig Hart,Fysische Geneeskunde en revalidatie,bekkenbodemhypertonie,ziekte van Hashimoto,Schirmer-test,lig. Collaterale mediale,Lambipol 100 mg,Paracetamol 1 g,beeld passend bij bursitis,spO2: 94%,nle,shared decision making,,False,patient,patiente,mevrouw,zij,haar,"{'INSZ': 'plain', 'RIZIV': 'dashed', 'IBAN': 'grouped', 'DATE_ENCOUNTER': 'text_nl', 'DATE_VALIDATION': 'text_nl', 'DATE_HISTORY': 'd/m/yyyy', 'DOB': 'masc_ordinal', 'TELEFOON': 'intl_paren', 'TELEFOON_MOBILE': 'spaced', 'STREET': 'bus', 'AGE': 'bare'}"
CASE000332,M,65-79,flemish,West-Vlaanderen,Vlaanderen,rural,Dirk Coppens,dr. Anas Bouzid,dr. Sara Rahmani,Koen De Smet,Oom,72 jaar,man,20 apr 2026,22 apr 2026,22-08-2017,°03/08/1953,53.08.03-241.62,3 04232 57 008,BE96295403464109,4601579115010165,Dorpstraat 188 bus 16,8600,Diksmuide,016 22 19 14,0492 90 01 58,dirk.coppens@skynet.be,https://www.algemeenziekenhuisrivierenland.be,Algemeen Ziekenhuis Rivierenland,Gastro-enterologie,ulcus anastomoticum,ziekte van Bechterew,Snellen 1,M. Biceps caput longum,Ventolin aerosol,Atorstatine 20 mg,peervormige galblaas,2cc,i.o.m.,no evidence of malignancy,,False,patient,patient,de heer,hij,zijn,"{'INSZ': 'dotted', 'RIZIV': 'spaced', 'IBAN': 'plain', 'DATE_ENCOUNTER': 'text_abbr', 'DATE_VALIDATION': 'text_abbr', 'DATE_HISTORY': 'dd-mm-yyyy', 'DOB': 'degree', 'TELEFOON': 'spaced', 'TELEFOON_MOBILE': 'spaced', 'STREET': 'bus', 'AGE': 'jaar'}"
CASE000333,F,18-34,central_african,Oost-Vlaanderen,Vlaanderen,town,Josiane Nkosi,dr. Sofie Lambert,dr. Bart Jacobs,Josiane Bope,Tante,26-jarige,vrouw,12-05-2026,13/05/2026,2023-02-04,°14/12/1999,99 12 14 424 58,7-64346-14-030,BE70312901526310,4601460519085436,Eikenweg 12/5,9700,Oudenaarde,051-68 54 92,0488 85 16 37,josiane.nkosi@skynet.be,https://www.algemeenziekenhuiszeepreventorium.be,Algemeen Ziekenhuis Zeepreventorium,Gastro-enterologie,refluxoesofagitis graad B,syndroom van Guillain-Barre,Humphrey - perimetrie,A. Radialis,Ibuprofen 400 mg,Lambipol 100 mg,beeld passend bij bursitis,FEV1/FVC 73.17,APO,blurr-test,,False,patient,patiente,mevrouw,zij,haar,"{'INSZ': 'spaced', 'RIZIV': 'dashed', 'IBAN': 'plain', 'DATE_ENCOUNTER': 'dd-mm-yyyy', 'DATE_VALIDATION': 'dd/mm/yyyy', 'DATE_HISTORY': 'yyyy-mm-dd', 'DOB': 'degree', 'TELEFOON': 'dashed', 'TELEFOON_MOBILE': 'spaced', 'STREET': 'slash', 'AGE': 'jarige'}"
CASE000334,M,50-64,southern_european,Oost-Vlaanderen,Vlaanderen,town,Salvatore Esposito,dr. Marco Moreira,dr. Luc De Backer,Marco Silva,Vader,60 jaar,man,26-05-2026,26-05-2026,12/12/2019,°29/11/1965,65.11.29-975.82,3-92216-52-004,BE57 5984 3971 0199,4053110583309674,Veldlaan 118 bus 9,9700,Oudenaarde,010 81 22 68,0498/73.38.99,salvatore.esposito@skynet.be,https://www.uzonzelievevrouw.be,UZ Onze-Lieve-Vrouw,Urologie,benigne prostaathyperplasie,manoeuvre van Valsalva,Romberg negatief,V. Saphena magna,Nexiam 20 mg,Lyumjev kwikpen,geel verkleurde sclerae,0.5 mg,ESWT,watchful waiting,,False,patient,patient,de heer,hij,zijn,"{'INSZ': 'dotted', 'RIZIV': 'dashed', 'IBAN': 'grouped', 'DATE_ENCOUNTER': 'dd-mm-yyyy', 'DATE_VALIDATION': 'dd-mm-yyyy', 'DATE_HISTORY': 'dd/mm/yyyy', 'DOB': 'degree', 'TELEFOON': 'spaced', 'TELEFOON_MOBILE': 'slash_dot', 'STREET': 'bus', 'AGE': 'jaar'}"
CASE000335,F,65-79,flemish,Limburg,Vlaanderen,rural,An Jacobs,dr. Tine Van Damme,dr. Adil Idrissi,Sofie Vermeulen,Zus,74-jarige,vrouw,01-05-2026,03-05-2026,2019-11-20,°20/11/1951,51.11.20-090.70,8-64107-66-030,BE81 8541 7922 1046,4598125597772651,Schooldries 206,3900,Pelt,+32 9 165 22 89,0496/68.77.00,an.jacobs@gmail.com,https://www.ziekenhuissintlucas.be,Ziekenhuis Sint-Lucas,Oftalmologie,open kamerhoek glaucoom,ziekte van Bechterew,Schirmer-test,M. Biceps caput longum,Diltiazemzalf 2%,Lambipol 100 mg,beers-teken afwezig,spO2: 94%,z.n.,Painful arc beiderzijds +,,False,patient,patiente,mevrouw,zij,haar,"{'INSZ': 'dotted', 'RIZIV': 'dashed', 'IBAN': 'grouped', 'DATE_ENCOUNTER': 'dd-mm-yyyy', 'DATE_VALIDATION': 'dd-mm-yyyy', 'DATE_HISTORY': 'yyyy-mm-dd', 'DOB': 'degree', 'TELEFOON': 'intl', 'TELEFOON_MOBILE': 'slash_dot', 'STREET': 'plain', 'AGE': 'jarige'}"
CASE000336,M,80-95,flemish,Antwerpen,Vlaanderen,urban,Geert De Backer,dr. Wim Coppens,dr. Zuzana Dimitrov,Femke Maes,Grootmoeder,89 jaar,man,09-05-2026,11 mei 2026,31-12-2020,°6 nov 1936,36110679354,14570487003,BE90 6645 1046 5175,4074290695222331,Veldpad 139,2000,Antwerpen,+32 10 29 30 11,0474 43 81 01,geert.debacker@gmail.com,https://www.azalma.be,AZ Alma,Gastro-enterologie,coeliakie,manoeuvre van Valsalva,Goldmann applanatie,m. Infraspinatus,Ibuprofen 400 mg,Diltiazemzalf 2%,beeld passend bij bursitis,2cc,NSAID,Painful arc beiderzijds +,,False,patient,patiente,de heer,hij,zijn,"{'INSZ': 'plain', 'RIZIV': 'plain', 'IBAN': 'grouped', 'DATE_ENCOUNTER': 'dd-mm-yyyy', 'DATE_VALIDATION': 'text_nl', 'DATE_HISTORY': 'dd-mm-yyyy', 'DOB': 'degree', 'TELEFOON': 'intl', 'TELEFOON_MOBILE': 'spaced', 'STREET': 'plain', 'AGE': 'jaar'}"
CASE000337,F,80-95,flemish,Vlaams-Brabant,Vlaanderen,rural,Ann Declercq,dr. Rachid Bennani,dr. Lode Declercq,Veerle Van Damme,Moeder,86 jaar,vrouw,17/04/2026,18-04-2026,29/04/2022,°10-04-1940,40.04.10-418.53,8-11237-71-480,BE79052637882974,4626736648532070,Smidpark 107C,3200,Aarschot,059 65 83 48,+32 479 71 94 29,ann.declercq@gmail.com,https://www.algemeenziekenhuisonzelievevrouw.be,Algemeen Ziekenhuis Onze-Lieve-Vrouw,Gastro-enterologie,refluxoesofagitis graad B,ziekte van Graves,Glasgow Coma Scale 15,lig. Collaterale mediale,Asaflow 80 mg,Ventolin aerosol,hamstringletsel links,18u,NSAID,shared decision making,,False,patient,patiente,mevrouw,zij,haar,"{'INSZ': 'dotted', 'RIZIV': 'dashed', 'IBAN': 'plain', 'DATE_ENCOUNTER': 'dd/mm/yyyy', 'DATE_VALIDATION': 'dd-mm-yyyy', 'DATE_HISTORY': 'dd/mm/yyyy', 'DOB': 'degree', 'TELEFOON': 'spaced', 'TELEFOON_MOBILE': 'intl', 'STREET': 'letter', 'AGE': 'jaar'}"
CASE000338,M,35-49,flemish,Vlaams-Brabant,Vlaanderen,rural,Jonas Vermeulen,dr. Agnieszka Dimitrov,dr. Veerle Janssens,Marc Van Acker,Neef,47-jarige,man,24/04/2026,25 apr 2026,08-04-2021,°18 feb 1979,79.02.18-469.82,3 06646 68 008,BE06 8374 5768 3978,4502814353127946,Berglaan 240 bus 1,3200,Aarschot,010 38 01 62,+32 484 14 45 04,jonas.vermeulen@skynet.be,https://www.azsintlucas.be,AZ Sint-Lucas,Fysische Geneeskunde en revalidatie,bekkenbodemhypertonie,syndroom van Sjogren,Romberg negatief,N. Medianus,Lambipol 100 mg,D-cure 25 000 ie,geel verkleurde sclerae,3x/week,PPI,blurr-test,,False,patient,patient,de heer,hij,zijn,"{'INSZ': 'dotted', 'RIZIV': 'spaced', 'IBAN': 'grouped', 'DATE_ENCOUNTER': 'dd/mm/yyyy', 'DATE_VALIDATION': 'text_abbr', 'DATE_HISTORY': 'dd-mm-yyyy', 'DOB': 'degree', 'TELEFOON': 'spaced', 'TELEFOON_MOBILE': 'intl', 'STREET': 'bus', 'AGE': 'jarige'}"
CASE000339,F,50-64,eastern_european,West-Vlaanderen,Vlaanderen,town,Svetlana Zielinski,dr. Serge Lumumba,dr. Giulia Rossi,Ionut Kaminski,Oom,54 jaar,vrouw,23/4/2026,25 apr 2026,04-03-2018,°1972-03-17,72031797845,1-84145-58-008,BE76 8316 4276 7070,4575626412608480,Bakkerlaan 42A,8400,Oostende,09/062.72.81,0476/31.56.32,svetlana.zielinski@telenet.be,https://www.ziekenhuisonzelievevrouw.be,Ziekenhuis Onze-Lieve-Vrouw,Fysische Geneeskunde en revalidatie,lumbaal facettair syndroom,teken van Lasegue,Bristol-schaal type 4,lig. Collaterale mediale,Sipralexa 20 mg,Toujeo solostar,beeld passend bij bursitis,4.95*,PRP,full range of motion,,False,patient,patiente,mevrouw,zij,haar,"{'INSZ': 'plain', 'RIZIV': 'dashed', 'IBAN': 'grouped', 'DATE_ENCOUNTER': 'd/m/yyyy', 'DATE_VALIDATION': 'text_abbr', 'DATE_HISTORY': 'dd-mm-yyyy', 'DOB': 'degree', 'TELEFOON': 'slash_dot', 'TELEFOON_MOBILE': 'slash_dot', 'STREET': 'letter', 'AGE': 'jaar'}"
CASE000340,M,18-34,flemish,Oost-Vlaanderen,Vlaanderen,town,Wouter Vermeulen,dr. Burak Ozturk,dr. Lieve Mertens,Koen De Clercq,Neef,31 jaar,man,15 april 2026,15-04-2026,19-10-2023,º05/02/1995,95020580188,3-40283-90-003,BE96 5510 8113 9731,4443183436953104,Marktsteenweg 150 bus 10,9700,Oudenaarde,03/134.27.55,0487 23 77 78,wouter.vermeulen@skynet.be,https://www.uzsintblasius.be,UZ Sint-Blasius,Oftalmologie,geen diabetische retinopathie,ziekte van Hashimoto,Barthel-index 90,lig. Collaterale mediale,Injectafer 1000 mg,Glucagen hypokit,geel verkleurde sclerae,HR: 68,RYGB,full range of motion,,False,patient,patient,de heer,hij,zijn,"{'INSZ': 'plain', 'RIZIV': 'dashed', 'IBAN': 'grouped', 'DATE_ENCOUNTER': 'text_nl', 'DATE_VALIDATION': 'dd-mm-yyyy', 'DATE_HISTORY': 'dd-mm-yyyy', 'DOB': 'masc_ordinal', 'TELEFOON': 'slash_dot', 'TELEFOON_MOBILE': 'spaced', 'STREET': 'bus', 'AGE': 'jaar'}"
CASE000341,F,50-64,eastern_european,Antwerpen,Vlaanderen,town,Zuzana Dimitrov,dr. Chantal Ilunga,dr. Lieve Van Acker,Iwona Popescu,Moeder,60 jaar,vrouw,18-05-2026,18-05-2026,05/03/2019,°07-08-1965,65.08.07-922.95,1-79184-72-018,BE04 2381 2438 3959,4387890345029580,Kouterhof 248,2200,Herentals,012 53 04 45,+32 499 22 00 16,zuzana.dimitrov@gmail.com,https://www.kliniekgroeninge.be,Kliniek Groeninge,Fysische Geneeskunde en revalidatie,subacromiale bursitis,syndroom van Guillain-Barre,Phalen-test,M. Biceps caput longum,L-thyroxine 50 mcg,Ibuprofen 400 mg,beeld passend bij bursitis,22u,RYGB,no evidence of malignancy,,False,patient,patiente,mevrouw,zij,haar,"{'INSZ': 'dotted', 'RIZIV': 'dashed', 'IBAN': 'grouped', 'DATE_ENCOUNTER': 'dd-mm-yyyy', 'DATE_VALIDATION': 'dd-mm-yyyy', 'DATE_HISTORY': 'dd/mm/yyyy', 'DOB': 'degree', 'TELEFOON': 'spaced', 'TELEFOON_MOBILE': 'intl', 'STREET': 'plain', 'AGE': 'jaar'}"
CASE000342,M,65-79,flemish,West-Vlaanderen,Vlaanderen,town,Filip Maes,dr. Tom Vermeulen,dr. Marc Maes,Lieve De Clercq,Grootmoeder,69,man,24/05/2026,2026-05-24,28/01/2016,º1956-06-26,56.06.26-251.90,3-94458-41-030,BE02 1076 3233 7582,4736907894767200,Vijverplein 77,8800,Roeselare,+32 (0)12/68.16.36,+32 477 68 72 86,filip.maes@telenet.be,https://www.azsintrembert.be,AZ Sint-Rembert,Fysische Geneeskunde en revalidatie,bekkenbodemhypertonie,ziekte van Von Willebrand,teken van Tinel,M. Subscapularis,D-cure 25 000 ie,Metformine viatris 500 mg,geel verkleurde sclerae,2/d,nle,Painful arc beiderzijds +,,False,patient,patient,de heer,hij,zijn,"{'INSZ': 'dotted', 'RIZIV': 'dashed', 'IBAN': 'grouped', 'DATE_ENCOUNTER': 'dd/mm/yyyy', 'DATE_VALIDATION': 'yyyy-mm-dd', 'DATE_HISTORY': 'dd/mm/yyyy', 'DOB': 'masc_ordinal', 'TELEFOON': 'intl_paren', 'TELEFOON_MOBILE': 'intl', 'STREET': 'plain', 'AGE': 'bare'}"
CASE000343,F,50-64,flemish,Oost-Vlaanderen,Vlaanderen,town,Veerle Claes,dr. Katrien Jacobs,dr. Paulo Silva,Koen Van Acker,Zoon,54 jaar,vrouw,19/5/2026,21/5/2026,26-05-2021,º27 mei 1972,72.05.27-118.37,72918759006,BE60470099286789,4874022346144669,Gaversteenweg 121,9300,Aalst,04 612 66 78,0470 47 46 63,veerle.claes@skynet.be,https://www.kliniekrivierenland.be,Kliniek Rivierenland,Nefrologie,chronische nierinsufficientie stadium 3,syndroom van Guillain-Barre,Phalen-test,M. Supraspinatus,Lambipol 100 mg,Asaflow 80 mg,hamstringletsel links,BMI 20.808,ESWT,Painful arc beiderzijds +,,False,patient,patiente,mevrouw,zij,haar,"{'INSZ': 'dotted', 'RIZIV': 'plain', 'IBAN': 'plain', 'DATE_ENCOUNTER': 'd/m/yyyy', 'DATE_VALIDATION': 'd/m/yyyy', 'DATE_HISTORY': 'dd-mm-yyyy', 'DOB': 'masc_ordinal', 'TELEFOON': 'spaced', 'TELEFOON_MOBILE': 'spaced', 'STREET': 'plain', 'AGE': 'jaar'}"
CASE000344,M,50-64,maghrebi,Antwerpen,Vlaanderen,urban,Hamza El Fassi,dr. Tine Claes,dr. Ana Fernandez,Leila Bouzid,Dochter,51 jaar,man,24 apr 2026,26/04/2026,2 juni 2021,°13/03/1975,75.03.13-023.19,3-26964-23-030,BE89 6165 4773 7135,4291187228247180,Lindestraat 15,2000,Antwerpen,03 291 27 06,0477-35 08 05,hamza.elfassi@skynet.be,https://www.kliniekzeepreventorium.be,Kliniek Zeepreventorium,Neurologie,perifere polyneuropathie,ziekte van Von Willebrand,Humphrey - perimetrie,V. Saphena magna,Glucagen hypokit,Pantomed 40 mg,as 165 graden,FEV1/FVC 73.17,PRP,shared decision making,,False,patient,patient,de heer,hij,zijn,"{'INSZ': 'dotted', 'RIZIV': 'dashed', 'IBAN': 'grouped', 'DATE_ENCOUNTER': 'text_abbr', 'DATE_VALIDATION': 'dd/mm/yyyy', 'DATE_HISTORY': 'text_nl', 'DOB': 'degree', 'TELEFOON': 'spaced', 'TELEFOON_MOBILE': 'dashed', 'STREET': 'plain', 'AGE': 'jaar'}"
CASE000345,F,35-49,flemish,Vlaams-Brabant,Vlaanderen,rural,Lore Coppens,dr. Wouter Willems,dr. Giuseppe Fernandez,Tine Dubois,Dochter,42-jarige,vrouw,6/5/2026,08-05-2026,11/07/2017,º15/09/1983,83091554832,79511195004,BE34472486831774,4389990682013078,Oudepark 109,3200,Aarschot,095572616,0492-52 27 62,lore.coppens@telenet.be,https://www.jessaziekenhuis.be,Jessa Ziekenhuis,Reumatologie,osteoporose,ziekte van Bechterew,Romberg negatief,N. Medianus,Lambipol 100 mg,Paracetamol 1 g,peervormige galblaas,3x/week,antec.,blurr-test,,False,patient,patiente,mevrouw,zij,haar,"{'INSZ': 'plain', 'RIZIV': 'plain', 'IBAN': 'plain', 'DATE_ENCOUNTER': 'd/m/yyyy', 'DATE_VALIDATION': 'dd-mm-yyyy', 'DATE_HISTORY': 'dd/mm/yyyy', 'DOB': 'masc_ordinal', 'TELEFOON': 'plain', 'TELEFOON_MOBILE': 'dashed', 'STREET': 'plain', 'AGE': 'jarige'}"
CASE000346,M,65-79,southern_european,Vlaams-Brabant,Vlaanderen,town,Angelo Costa,dr. Marc De Smet,dr. Bilal Idrissi,Rafael Silva,Grootvader,71 jaar,man,25.04.2026,26/04/2026,14-02-2020,º12-02-1955,55 02 12 991 12,9 60177 26 007,BE57 6600 5092 8308,4236018639945419,Korteweg 247A,1800,Vilvoorde,050192581,+32 (0)456/32.63.53,angelo.costa@skynet.be,https://www.imeldaziekenhuis.be,Imeldaziekenhuis,Neurologie,migraine met aura,syndroom van Cushing,Glasgow Coma Scale 15,m. Deltoideus,Ozempic 1 mg,L-thyroxine 50 mcg,geel verkleurde sclerae,HR: 68,antec.,blurr-test,,False,patient,patient,de heer,hij,zijn,"{'INSZ': 'spaced', 'RIZIV': 'spaced', 'IBAN': 'grouped', 'DATE_ENCOUNTER': 'dd.mm.yyyy', 'DATE_VALIDATION': 'dd/mm/yyyy', 'DATE_HISTORY': 'dd-mm-yyyy', 'DOB': 'masc_ordinal', 'TELEFOON': 'plain', 'TELEFOON_MOBILE': 'intl_paren', 'STREET': 'letter', 'AGE': 'jaar'}"
CASE000347,F,50-64,southern_european,Oost-Vlaanderen,Vlaanderen,town,Elena Santos,dr. Cem Celik,dr. Lieve Declercq,Marco Costa,Neef,50 jaar,vrouw,14-04-2026,14/04/2026,2020-07-27,°13/10/1975,75.10.13-948.16,19746230030,BE23 5600 6571 1434,4323654018144424,Oudesteenweg 106,9700,Oudenaarde,010 24 22 24,+32 492 67 92 29,elena.santos@proximus.be,https://www.uzonzelievevrouw.be,UZ Onze-Lieve-Vrouw,Fysische Geneeskunde en revalidatie,laterale epicondylitis rechts,ziekte van Dupuytren,Glasgow Coma Scale 15,m. Deltoideus,Lyumjev kwikpen,Paracetamol 1 g,beeld passend bij bursitis,8u,ODS,blurr-test,,False,patient,patiente,mevrouw,zij,haar,"{'INSZ': 'dotted', 'RIZIV': 'plain', 'IBAN': 'grouped', 'DATE_ENCOUNTER': 'dd-mm-yyyy', 'DATE_VALIDATION': 'dd/mm/yyyy', 'DATE_HISTORY': 'yyyy-mm-dd', 'DOB': 'degree', 'TELEFOON': 'spaced', 'TELEFOON_MOBILE': 'intl', 'STREET': 'plain', 'AGE': 'jaar'}"
CASE000348,M,65-79,maghrebi,West-Vlaanderen,Vlaanderen,rural,Anas Benali,dr. Katrien Dubois,dr. An Van Acker,Amina El Habti,Dochter,65-jarige,man,06-05-2026,6 mei 2026,01-11-2018,°7 jan 1961,61.01.07 479 17,14082222018,BE19 9118 6899 9446,4669692295338618,Groenelei 167,8700,Tielt,010 35 65 94,0491752204,anas.benali@proximus.be,https://www.azzeepreventorium.be,AZ Zeepreventorium,Nefrologie,chronische nierinsufficientie stadium 3,ziekte van Crohn,Humphrey - perimetrie,V. Saphena magna,Lambipol 100 mg,Trianal suppo,beeld passend bij bursitis,-0.25 ^ -0.25 as 165 graden,PTO,shared decision making,,False,patient,patient,de heer,hij,zijn,"{'INSZ': 'mixed', 'RIZIV': 'plain', 'IBAN': 'grouped', 'DATE_ENCOUNTER': 'dd-mm-yyyy', 'DATE_VALIDATION': 'text_nl', 'DATE_HISTORY': 'dd-mm-yyyy', 'DOB': 'degree', 'TELEFOON': 'spaced', 'TELEFOON_MOBILE': 'plain', 'STREET': 'plain', 'AGE': 'jarige'}"
CASE000349,F,18-34,flemish,West-Vlaanderen,Vlaanderen,rural,Ann Claes,dr. Kris De Smet,dr. Bilal El Habti,Dirk Verhoeven,Zoon,22-jarige,vrouw,01-05-2026,03-05-2026,06/12/2022,º22/11/2003,03.11.22 828 39,4 79554 14 008,BE97 3099 9239 0773,4359176504718831,Eikenplein 197/14,8600,Diksmuide,+32 (0)15/88.95.94,0488800131,ann.claes@telenet.be,https://www.algemeenziekenhuisheilighart.be,Algemeen Ziekenhuis Heilig Hart,Endocrinologie,type 2 diabetes mellitus,ziekte van Von Willebrand,Barthel-index 90,N. Medianus,Metformine viatris 500 mg,Lyumjev kwikpen,beers-teken afwezig,300 ie/ml 1.5 ml,tvv,blurr-test,,False,patient,patiente,mevrouw,zij,haar,"{'INSZ': 'mixed', 'RIZIV': 'spaced', 'IBAN': 'grouped', 'DATE_ENCOUNTER': 'dd-mm-yyyy', 'DATE_VALIDATION': 'dd-mm-yyyy', 'DATE_HISTORY': 'dd/mm/yyyy', 'DOB': 'masc_ordinal', 'TELEFOON': 'intl_paren', 'TELEFOON_MOBILE': 'plain', 'STREET': 'slash', 'AGE': 'jarige'}"
CASE000350,M,80-95,maghrebi,West-Vlaanderen,Vlaanderen,rural,Anas El Fassi,dr. Femke Peeters,dr. Pieter Declercq,Hafida El Amrani,Tante,92 jaar,man,12-05-2026,14-05-2026,16/11/2020,°1933-09-29,33.09.29-987.63,8-95572-29-007,BE40 5789 5480 8927,4698504505669374,Wilgendries 53B,8600,Diksmuide,+32 (0)10/16.74.49,+32 495 23 26 36,anas.elfassi@proximus.be,https://www.azsintlucas.be,AZ Sint-Lucas,Gastro-enterologie,refluxoesofagitis graad B,syndroom van Raynaud,Snellen 1,M. Subscapularis,Metformine viatris 500 mg,Toujeo solostar,beers-teken afwezig,3x,SSp,full range of motion,,False,patient,patient,de heer,hij,zijn,"{'INSZ': 'dotted', 'RIZIV': 'dashed', 'IBAN': 'grouped', 'DATE_ENCOUNTER': 'dd-mm-yyyy', 'DATE_VALIDATION': 'dd-mm-yyyy', 'DATE_HISTORY': 'd/m/yyyy', 'DOB': 'degree', 'TELEFOON': 'intl_paren', 'TELEFOON_MOBILE': 'intl', 'STREET': 'letter', 'AGE': 'jaar'}"
CASE000351,F,50-64,southern_european,Antwerpen,Vlaanderen,urban,Ana Ferrari,dr. Wouter Van Damme,dr. Geert De Smet,Miguel Romano,Vader,52-jarige,vrouw,17 april 2026,18/04/2026,28.04.2019,°25-10-1973,73 10 25 890 60,1-54285-42-030,BE84353028540669,4203634443946895,Marktbaan 10,2018,Antwerpen,016/04.85.27,0489 48 97 60,ana.ferrari@gmail.com,https://www.imeldaziekenhuis.be,Imeldaziekenhuis,Gynaecologie,endometriose,syndroom van Cushing,Goldmann applanatie,M. Supraspinatus,Glucagen hypokit,Diltiazemzalf 2%,geel verkleurde sclerae,BMI 20.808,PPI,blurr-test,,False,patient,patiente,mevrouw,zij,haar,"{'INSZ': 'spaced', 'RIZIV': 'dashed', 'IBAN': 'plain', 'DATE_ENCOUNTER': 'text_nl', 'DATE_VALIDATION': 'dd/mm/yyyy', 'DATE_HISTORY': 'dd.mm.yyyy', 'DOB': 'degree', 'TELEFOON': 'slash_dot', 'TELEFOON_MOBILE': 'spaced', 'STREET': 'plain', 'AGE': 'jarige'}"
CASE000352,M,50-64,flemish,West-Vlaanderen,Vlaanderen,rural,Tom De Clercq,dr. Femke De Clercq,dr. Miguel Ferrari,Femke De Backer,Tante,56-jarige,man,14 april 2026,14/4/2026,10/01/2020,°18/05/1970,70051850176,95324472480,BE05860131479974,4149753411573304,Gaverwal 140/14,8700,Tielt,050/03.76.76,0479 03 33 19,tom.declercq@telenet.be,https://www.algemeenziekenhuiszeepreventorium.be,Algemeen Ziekenhuis Zeepreventorium,Pneumologie,obstructief slaapapneusyndroom,ziekte van Dupuytren,Snellen 1,M. Biceps caput longum,Cose protect,Metformine viatris 500 mg,beeld passend bij bursitis,3x,i.o.m.,full range of motion,,False,patient,patient,de heer,hij,zijn,"{'INSZ': 'plain', 'RIZIV': 'plain', 'IBAN': 'plain', 'DATE_ENCOUNTER': 'text_nl', 'DATE_VALIDATION': 'd/m/yyyy', 'DATE_HISTORY': 'dd/mm/yyyy', 'DOB': 'degree', 'TELEFOON': 'slash_dot', 'TELEFOON_MOBILE': 'spaced', 'STREET': 'slash', 'AGE': 'jarige'}"
CASE000353,F,50-64,turkish,Limburg,Vlaanderen,town,Merve Ozturk,dr. Sara Cherkaoui,dr. Kris Mertens,Ayse Yilmaz,Tante,53 jaar,vrouw,12-05-2026,2026-05-13,28 jun 2025,º27/01/1973,73.01.27-072.76,16284122007,BE04 3385 0755 8592,4687047966682901,Vissershof 40,3800,Sint-Truiden,04 837 46 61,0479-60 57 54,merve.ozturk@proximus.be,https://www.algemeenziekenhuisdamiaan.be,Algemeen Ziekenhuis Damiaan,Gastro-enterologie,ulcus anastomoticum,syndroom van Cushing,Jaeger transfertest,N. Medianus,Sipralexa 20 mg,Ozempic 1 mg,molaire zwangerschap uitgesloten,1/d,co,watchful waiting,,False,patient,patiente,mevrouw,zij,haar,"{'INSZ': 'dotted', 'RIZIV': 'plain', 'IBAN': 'grouped', 'DATE_ENCOUNTER': 'dd-mm-yyyy', 'DATE_VALIDATION': 'yyyy-mm-dd', 'DATE_HISTORY': 'text_abbr', 'DOB': 'masc_ordinal', 'TELEFOON': 'spaced', 'TELEFOON_MOBILE': 'dashed', 'STREET': 'plain', 'AGE': 'jaar'}"
CASE000354,M,35-49,maghrebi,Antwerpen,Vlaanderen,rural,Mohamed Bennani,dr. Leila El Habti,dr. Ana Fernandez,Adil Rahmani,Grootvader,37 jaar,man,19 mei 2026,19/05/2026,29 december 2022,°17/06/1988,88.06.17-897.95,1-92525-20-030,BE97 0359 7506 0272,4351866477413133,Vijverpark 158,2860,Sint-Katelijne-Waver,051 20 35 94,0470-95 86 21,mohamed.bennani@proximus.be,https://www.znamiddelheim.be,ZNA Middelheim,Fysische Geneeskunde en revalidatie,bekkenbodemhypertonie,ziekte van Crohn,Glasgow Coma Scale 15,M. Supraspinatus,Asaflow 80 mg,Lyumjev kwikpen,molaire zwangerschap uitgesloten,300 ie/ml 1.5 ml,i.o.m.,blurr-test,,False,patient,patient,de heer,hij,zijn,"{'INSZ': 'dotted', 'RIZIV': 'dashed', 'IBAN': 'grouped', 'DATE_ENCOUNTER': 'text_nl', 'DATE_VALIDATION': 'dd/mm/yyyy', 'DATE_HISTORY': 'text_nl', 'DOB': 'degree', 'TELEFOON': 'spaced', 'TELEFOON_MOBILE': 'dashed', 'STREET': 'plain', 'AGE': 'jaar'}"
CASE000355,F,80-95,turkish,Vlaams-Brabant,Vlaanderen,town,Gul Korkmaz,dr. Magdalena Nowak,dr. Veerle Van Acker,Esra Demir,Moeder,93 jaar,vrouw,23-04-2026,24 apr 2026,22/01/2022,º1932-09-20,32.09.20 114 21,4-95092-93-480,BE85 8347 0611 4208,4309121852734114,Veldkaai 106 bus 12,1930,Zaventem,016 81 46 34,0492 22 39 20,gul.korkmaz@proximus.be,https://www.algemeenziekenhuisrivierenland.be,Algemeen Ziekenhuis Rivierenland,Fysische Geneeskunde en revalidatie,bekkenbodemhypertonie,syndroom van Cushing,Phalen-test,m. Infraspinatus,Lambipol 100 mg,L-thyroxine 50 mcg,geel verkleurde sclerae,HR: 68,i.o.m.,SSp testen positief,,False,patient,patiente,mevrouw,zij,haar,"{'INSZ': 'mixed', 'RIZIV': 'dashed', 'IBAN': 'grouped', 'DATE_ENCOUNTER': 'dd-mm-yyyy', 'DATE_VALIDATION': 'text_abbr', 'DATE_HISTORY': 'dd/mm/yyyy', 'DOB': 'masc_ordinal', 'TELEFOON': 'spaced', 'TELEFOON_MOBILE': 'spaced', 'STREET': 'bus', 'AGE': 'jaar'}"
CASE000356,M,0-17,flemish,Antwerpen,Vlaanderen,town,Marc De Smet,dr. Katrien Jacobs,dr. Sofia Moreira,Veerle Dubois,Nicht,2 jaar,man,02/05/2026,04/05/2026,16-05-2016,°9 mei 2024,24.05.09-313.82,44134901008,BE32859507478100,4216826822175626,Velddreef 73,2500,Lier,013 06 16 69,0471/96.89.93,marc.desmet@gmail.com,https://www.uzdamiaan.be,UZ Damiaan,Cardiologie,boezemfibrilleren,manoeuvre van Valsalva,Barthel-index 90,A. Radialis,Lyumjev kwikpen,Asaflow 80 mg,beers-teken afwezig,12u,ODS,full range of motion,,False,patient,patient,de heer,hij,zijn,"{'INSZ': 'dotted', 'RIZIV': 'plain', 'IBAN': 'plain', 'DATE_ENCOUNTER': 'dd/mm/yyyy', 'DATE_VALIDATION': 'dd/mm/yyyy', 'DATE_HISTORY': 'dd-mm-yyyy', 'DOB': 'degree', 'TELEFOON': 'spaced', 'TELEFOON_MOBILE': 'slash_dot', 'STREET': 'plain', 'AGE': 'jaar'}"
CASE000357,F,80-95,turkish,Limburg,Vlaanderen,rural,Merve Ozturk,dr. Pieter Janssens,dr. Karim El Amrani,Selin Celik,Nicht,82-jarige,vrouw,07/05/2026,9/5/2026,08-04-2020,º12/6/1944,44.06.12-196.22,6-83533-26-480,BE09137178144218,4747695090418986,Stationswal 46,3900,Pelt,014/86.06.04,0475/23.33.01,merve.ozturk@proximus.be,https://www.ziekenhuisnikolaas.be,Ziekenhuis Nikolaas,Dermatologie,atopisch eczeem,ziekte van Bechterew,Phalen-test,m. Deltoideus,Lambipol 100 mg,Atorstatine 20 mg,geel verkleurde sclerae,2cc,OS,watchful waiting,,False,patient,patiente,mevrouw,zij,haar,"{'INSZ': 'dotted', 'RIZIV': 'dashed', 'IBAN': 'plain', 'DATE_ENCOUNTER': 'dd/mm/yyyy', 'DATE_VALIDATION': 'd/m/yyyy', 'DATE_HISTORY': 'dd-mm-yyyy', 'DOB': 'masc_ordinal', 'TELEFOON': 'slash_dot', 'TELEFOON_MOBILE': 'slash_dot', 'STREET': 'plain', 'AGE': 'jarige'}"
CASE000358,M,50-64,flemish,Oost-Vlaanderen,Vlaanderen,urban,Rik Verhoeven,dr. Inge Vermeulen,dr. Youssef Cherkaoui,Tine Declercq,Moeder,52-jarige,man,20/05/2026,22-05-2026,30 juli 2025,°28 augustus 1973,73 08 28 745 04,30293001030,BE87 5294 8117 2521,4534728395167300,Bloemdries 41,9000,Gent,052 38 29 44,0496/96.15.33,rik.verhoeven@proximus.be,https://www.aznikolaas.be,AZ Nikolaas,Urologie,epididymitis links,syndroom van Cushing,Goldmann applanatie,M. Subscapularis,Paracetamol 1 g,Sipralexa 20 mg,lintvormige stoelgang,1/d,z.n.,SSp testen positief,,False,patient,patient,de heer,hij,zijn,"{'INSZ': 'spaced', 'RIZIV': 'plain', 'IBAN': 'grouped', 'DATE_ENCOUNTER': 'dd/mm/yyyy', 'DATE_VALIDATION': 'dd-mm-yyyy', 'DATE_HISTORY': 'text_nl', 'DOB': 'degree', 'TELEFOON': 'spaced', 'TELEFOON_MOBILE': 'slash_dot', 'STREET': 'plain', 'AGE': 'jarige'}"
CASE000359,F,65-79,central_african,West-Vlaanderen,Vlaanderen,urban,Sylvie Ilunga,dr. Filip De Backer,dr. Adil Ouazzani,Esther Mwamba,Moeder,71 jaar,vrouw,19.05.2026,19-05-2026,24-08-2021,°18-09-1954,54.09.18 920 28,63472444018,BE68 5902 4487 3939,4592897487411485,Vijverhof 249,8500,Kortrijk,04 959 75 21,0493 25 10 61,sylvie.ilunga@gmail.com,https://www.azturnhout.be,AZ Turnhout,Oftalmologie,geen diabetische retinopathie,ziekte van Hashimoto,Jaeger transfertest,A. Radialis,Pantomed 40 mg,Ozempic 1 mg,geel verkleurde sclerae,pH 7.38,ESWT,shared decision making,,False,patient,patiente,mevrouw,zij,haar,"{'INSZ': 'mixed', 'RIZIV': 'plain', 'IBAN': 'grouped', 'DATE_ENCOUNTER': 'dd.mm.yyyy', 'DATE_VALIDATION': 'dd-mm-yyyy', 'DATE_HISTORY': 'dd-mm-yyyy', 'DOB': 'degree', 'TELEFOON': 'spaced', 'TELEFOON_MOBILE': 'spaced', 'STREET': 'plain', 'AGE': 'jaar'}"
CASE000360,M,50-64,flemish,West-Vlaanderen,Vlaanderen,urban,Filip Maes,dr. Esra Demir,dr. Tine Goossens,Els Coppens,Moeder,54,man,06/05/2026,08-05-2026,22 februari 2020,º25/01/1972,72012511374,5-15238-26-007,BE82042250124208,4040334801537355,Hogevest 244C,8500,Kortrijk,015766809,+32 498 32 55 83,filip.maes@gmail.com,https://www.azrivierenland.be,AZ Rivierenland,Fysische Geneeskunde en revalidatie,lumbaal facettair syndroom,ziekte van Bechterew,Romberg negatief,m. Infraspinatus,Progor retard 180 mg,Ozempic 1 mg,hamstringletsel links,22u,ivm,Painful arc beiderzijds +,,False,patient,patient,de heer,hij,zijn,"{'INSZ': 'plain', 'RIZIV': 'dashed', 'IBAN': 'plain', 'DATE_ENCOUNTER': 'dd/mm/yyyy', 'DATE_VALIDATION': 'dd-mm-yyyy', 'DATE_HISTORY': 'text_nl', 'DOB': 'masc_ordinal', 'TELEFOON': 'plain', 'TELEFOON_MOBILE': 'intl', 'STREET': 'letter', 'AGE': 'bare'}"
CASE000361,F,50-64,flemish,West-Vlaanderen,Vlaanderen,rural,Lore Van den Berghe,dr. Ismail Ouazzani,dr. Sofie Van den Berghe,Katrien Jacobs,Dochter,64 jaar,vrouw,25-04-2026,26 april 2026,08.03.2021,°03/08/1961,61080351454,4 82133 54 003,BE67 9667 3482 3984,4199198177551293,Marktvest 112/16,8600,Diksmuide,04 395 67 84,0485005771,lore.vandenberghe@proximus.be,https://www.uznikolaas.be,UZ Nikolaas,Fysische Geneeskunde en revalidatie,subacromiale bursitis,syndroom van Raynaud,Humphrey - perimetrie,m. Deltoideus,Trianal suppo,Toujeo solostar,molaire zwangerschap uitgesloten,12u,ESWT,full range of motion,,False,patient,patiente,mevrouw,zij,haar,"{'INSZ': 'plain', 'RIZIV': 'spaced', 'IBAN': 'grouped', 'DATE_ENCOUNTER': 'dd-mm-yyyy', 'DATE_VALIDATION': 'text_nl', 'DATE_HISTORY': 'dd.mm.yyyy', 'DOB': 'degree', 'TELEFOON': 'spaced', 'TELEFOON_MOBILE': 'plain', 'STREET': 'slash', 'AGE': 'jaar'}"
CASE000362,M,50-64,flemish,Vlaams-Brabant,Vlaanderen,urban,Rik Dubois,dr. Samira Idrissi,dr. Nele Dubois,Lore Peeters,Moeder,52-jarige,man,08/05/2026,09.05.2026,2 september 2017,º01/07/1973,73 07 01 785 88,5-52889-11-480,BE75 5439 8871 5255,4734943148722552,Langevest 211C,3000,Leuven,019/41.53.59,0473 06 84 06,rik.dubois@gmail.com,https://www.uzvesalius.be,UZ Vesalius,Neurologie,migraine met aura,teken van Lasegue,teken van Tinel,A. Radialis,Metformine viatris 500 mg,Glucagen hypokit,boomstructuur van de bronchi,HR: 68,ODS,watchful waiting,,False,patient,patient,de heer,hij,zijn,"{'INSZ': 'spaced', 'RIZIV': 'dashed', 'IBAN': 'grouped', 'DATE_ENCOUNTER': 'dd/mm/yyyy', 'DATE_VALIDATION': 'dd.mm.yyyy', 'DATE_HISTORY': 'text_nl', 'DOB': 'masc_ordinal', 'TELEFOON': 'slash_dot', 'TELEFOON_MOBILE': 'spaced', 'STREET': 'letter', 'AGE': 'jarige'}"
CASE000363,F,50-64,flemish,Limburg,Vlaanderen,town,Inge Van Acker,dr. Bilal Ouazzani,dr. Inge De Backer,Inge Van Damme,Nicht,54 jaar,vrouw,2026-04-27,28.04.2026,24-02-2020,°11-09-1971,71.09.11-046.14,2-62931-36-008,BE63702777208646,4745601703961018,Kortekaai 211,3800,Sint-Truiden,09 147 97 34,0484/91.40.73,inge.vanacker@gmail.com,https://www.azturnhout.be,AZ Turnhout,Pneumologie,obstructief slaapapneusyndroom,ziekte van Graves,Barthel-index 90,M. Biceps caput longum,Paracetamol 1 g,Atorstatine 20 mg,geel verkleurde sclerae,25 000 ie,PRP,full range of motion,,False,patient,patiente,mevrouw,zij,haar,"{'INSZ': 'dotted', 'RIZIV': 'dashed', 'IBAN': 'plain', 'DATE_ENCOUNTER': 'yyyy-mm-dd', 'DATE_VALIDATION': 'dd.mm.yyyy', 'DATE_HISTORY': 'dd-mm-yyyy', 'DOB': 'degree', 'TELEFOON': 'spaced', 'TELEFOON_MOBILE': 'slash_dot', 'STREET': 'plain', 'AGE': 'jaar'}"
CASE000364,M,65-79,flemish,Oost-Vlaanderen,Vlaanderen,town,Koen Willems,dr. Svetlana Nowak,dr. Dirk Lambert,Koen De Clercq,Broer,69-jarige,man,15/04/2026,2026-04-15,10/2021,°07-10-1956,56.10.07-377.77,8-06537-18-018,BE47 5785 4597 1649,4357967148030076,Weverlaan 251 bus 14,9300,Aalst,03/901.43.09,0479 21 63 81,koen.willems@skynet.be,https://www.kliniekmariamiddelares.be,Kliniek Maria Middelares,Endocrinologie,type 2 diabetes mellitus,ziekte van Dupuytren,teken van Tinel,A. Radialis,Progor retard 180 mg,Diltiazemzalf 2%,peervormige galblaas,2cc,RYGB,no evidence of malignancy,,False,patient,patient,de heer,hij,zijn,"{'INSZ': 'dotted', 'RIZIV': 'dashed', 'IBAN': 'grouped', 'DATE_ENCOUNTER': 'dd/mm/yyyy', 'DATE_VALIDATION': 'yyyy-mm-dd', 'DATE_HISTORY': 'm/yyyy', 'DOB': 'degree', 'TELEFOON': 'slash_dot', 'TELEFOON_MOBILE': 'spaced', 'STREET': 'bus', 'AGE': 'jarige'}"
CASE000365,F,65-79,eastern_european,West-Vlaanderen,Vlaanderen,urban,Ioana Zielinski,dr. Esther Ilunga,dr. Elena Moreira,Magdalena Popescu,Zus,67 jaar,vrouw,24 mei 2026,25.05.2026,27-10-2018,º7/7/1958,58.07.07-946.14,21346136480,BE11 7077 6644 9978,4052038819376848,Stationsvest 157A,8500,Kortrijk,+32 4 441 18 18,0498 89 43 10,ioana.zielinski@telenet.be,https://www.ziekenhuisrivierenland.be,Ziekenhuis Rivierenland,Fysische Geneeskunde en revalidatie,bekkenbodemhypertonie,teken van Lasegue,Schirmer-test,lig. Collaterale mediale,D-cure 25 000 ie,Metformine viatris 500 mg,as 165 graden,BMI 20.808,PPI,blurr-test,,False,patient,patient,mevrouw,zij,haar,"{'INSZ': 'dotted', 'RIZIV': 'plain', 'IBAN': 'grouped', 'DATE_ENCOUNTER': 'text_abbr', 'DATE_VALIDATION': 'dd.mm.yyyy', 'DATE_HISTORY': 'dd-mm-yyyy', 'DOB': 'masc_ordinal', 'TELEFOON': 'intl', 'TELEFOON_MOBILE': 'spaced', 'STREET': 'letter', 'AGE': 'jaar'}"
CASE000366,M,18-34,flemish,Limburg,Vlaanderen,rural,Stijn Jacobs,dr. Ann De Backer,dr. An Claes,Geert De Smet,Oom,34-jarige,man,28/4/2026,28/4/2026,25/07/2017,°2 feb 1992,92 02 02 681 41,6-06638-97-030,BE79 2600 3219 3934,4264564967419910,Kouterberg 74,3700,Tongeren,011 48 88 68,+32 479 13 64 49,stijn.jacobs@gmail.com,https://www.kliniekvesalius.be,Kliniek Vesalius,Cardiologie,boezemfibrilleren,ziekte van Von Willebrand,teken van Tinel,M. Supraspinatus,Trianal suppo,Paracetamol 1 g,beeld passend bij bursitis,2cc,ODS,shared decision making,,False,patient,patient,de heer,hij,zijn,"{'INSZ': 'spaced', 'RIZIV': 'dashed', 'IBAN': 'grouped', 'DATE_ENCOUNTER': 'd/m/yyyy', 'DATE_VALIDATION': 'd/m/yyyy', 'DATE_HISTORY': 'dd/mm/yyyy', 'DOB': 'degree', 'TELEFOON': 'spaced', 'TELEFOON_MOBILE': 'intl', 'STREET': 'plain', 'AGE': 'jarige'}"
CASE000367,F,0-17,maghrebi,Limburg,Vlaanderen,rural,Khadija Alaoui,dr. Agnieszka Nowak,dr. Griet Claes,Khadija Bennani,Grootmoeder,15-jarige,vrouw,29-04-2026,29 apr 2026,05/08/2020,°04-02-2011,11 02 04 408 37,8-64019-57-006,BE54 9611 3189 9742,4573517454693518,Abdijplein 206 bus 3,3630,Maasmechelen,058/02.93.35,+32 498 64 38 24,khadija.alaoui@telenet.be,https://www.azonzelievevrouw.be,AZ Onze-Lieve-Vrouw,Endocrinologie,hypothyreoidie,ziekte van Parkinson,Humphrey - perimetrie,m. Deltoideus,Atorstatine 20 mg,D-cure 25 000 ie,peervormige galblaas,0.5 mg,PTO,blurr-test,,False,patient,patiente,mevrouw,zij,haar,"{'INSZ': 'spaced', 'RIZIV': 'dashed', 'IBAN': 'grouped', 'DATE_ENCOUNTER': 'dd-mm-yyyy', 'DATE_VALIDATION': 'text_abbr', 'DATE_HISTORY': 'dd/mm/yyyy', 'DOB': 'degree', 'TELEFOON': 'slash_dot', 'TELEFOON_MOBILE': 'intl', 'STREET': 'bus', 'AGE': 'jarige'}"
CASE000368,M,35-49,eastern_european,West-Vlaanderen,Vlaanderen,town,Piotr Dimitrov,dr. Esther Kalala,dr. Angelo Rossi,Miroslav Kaminski,Zoon,43 jaar,man,25/05/2026,27-05-2026,13 juni 2022,°14-08-1982,82.08.14-005.92,4-45987-19-004,BE24 4336 3354 0542,4730332496757457,Wilgenbaan 165 bus 8,8900,Ieper,011-06 43 45,0493/91.75.91,piotr.dimitrov@telenet.be,https://www.azdelta.be,AZ Delta,Reumatologie,reumatoide artritis,ziekte van Dupuytren,Snellen 1,m. Deltoideus,Diltiazemzalf 2%,Metformine viatris 500 mg,beers-teken afwezig,2/d,OD,watchful waiting,,False,patient,patient,de heer,hij,zijn,"{'INSZ': 'dotted', 'RIZIV': 'dashed', 'IBAN': 'grouped', 'DATE_ENCOUNTER': 'dd/mm/yyyy', 'DATE_VALIDATION': 'dd-mm-yyyy', 'DATE_HISTORY': 'text_nl', 'DOB': 'degree', 'TELEFOON': 'dashed', 'TELEFOON_MOBILE': 'slash_dot', 'STREET': 'bus', 'AGE': 'jaar'}"
CASE000369,F,50-64,flemish,Oost-Vlaanderen,Vlaanderen,town,Katrien Van den Berghe,dr. Hilde Willems,dr. Inge Coppens,Lore Vermeulen,Dochter,62 jaar,vrouw,22/05/2026,22-05-2026,08.04.2025,°14-04-1964,64.04.14-402.65,4-21570-89-480,BE65319382604292,4926138268709772,Markthof 175/13,9300,Aalst,010-39 09 84,0485/67.44.94,katrien.vandenberghe@gmail.com,https://www.algemeenziekenhuismariamiddelares.be,Algemeen Ziekenhuis Maria Middelares,Gastro-enterologie,coeliakie,syndroom van Guillain-Barre,Barthel-index 90,N. Medianus,Pantomed 40 mg,Atorstatine 20 mg,boomstructuur van de bronchi,4.95*,ivm,blurr-test,,False,patient,patiente,mevrouw,zij,haar,"{'INSZ': 'dotted', 'RIZIV': 'dashed', 'IBAN': 'plain', 'DATE_ENCOUNTER': 'dd/mm/yyyy', 'DATE_VALIDATION': 'dd-mm-yyyy', 'DATE_HISTORY': 'dd.mm.yyyy', 'DOB': 'degree', 'TELEFOON': 'dashed', 'TELEFOON_MOBILE': 'slash_dot', 'STREET': 'slash', 'AGE': 'jaar'}"
CASE000370,M,50-64,flemish,Vlaams-Brabant,Vlaanderen,town,Luc Beers,dr. Elif Kaya,dr. Ann Willems,Tine De Backer,Moeder,59-jarige,man,10 mei 2026,10 mei 2026,21 dec 2023,º28-10-1966,66.10.28-965.39,9-14026-05-007,BE11863511274049,4853700644885480,Stationskaai 118,1800,Vilvoorde,050 30 69 52,+32 487 68 50 41,luc.beers@gmail.com,https://www.imeldaziekenhuis.be,Imeldaziekenhuis,Fysische Geneeskunde en revalidatie,subacromiale bursitis,ziekte van Dupuytren,teken van Tinel,M. Supraspinatus,Glucagen hypokit,Glucagen hypokit,beers-teken afwezig,1/d,ODS,blurr-test,,True,patient,patient,de heer,hij,zijn,"{'INSZ': 'dotted', 'RIZIV': 'dashed', 'IBAN': 'plain', 'DATE_ENCOUNTER': 'text_nl', 'DATE_VALIDATION': 'text_nl', 'DATE_HISTORY': 'text_abbr', 'DOB': 'masc_ordinal', 'TELEFOON': 'spaced', 'TELEFOON_MOBILE': 'intl', 'STREET': 'plain', 'AGE': 'jarige'}"
CASE000371,F,80-95,flemish,Limburg,Vlaanderen,rural,Leen Vermeulen,dr. Zeynep Ozturk,dr. Lode De Backer,Femke De Backer,Tante,84 jaar,vrouw,27 mei 2026,29-05-2026,10/2023,º15 jun 1942,42.06.15 974 82,2-36379-10-006,BE46271108400070,4629179644160330,Oudepark 18/10,3700,Tongeren,014-87 98 72,0489 63 25 89,leen.vermeulen@skynet.be,https://www.imeldaziekenhuis.be,Imeldaziekenhuis,Endocrinologie,hypothyreoidie,teken van Lasegue,Glasgow Coma Scale 15,V. Saphena magna,Asaflow 80 mg,Injectafer 1000 mg,beeld passend bij bursitis,1/d,OS,Painful arc beiderzijds +,,False,patient,patiente,mevrouw,zij,haar,"{'INSZ': 'mixed', 'RIZIV': 'dashed', 'IBAN': 'plain', 'DATE_ENCOUNTER': 'text_abbr', 'DATE_VALIDATION': 'dd-mm-yyyy', 'DATE_HISTORY': 'm/yyyy', 'DOB': 'masc_ordinal', 'TELEFOON': 'dashed', 'TELEFOON_MOBILE': 'spaced', 'STREET': 'slash', 'AGE': 'jaar'}"
CASE000372,M,18-34,flemish,Vlaams-Brabant,Vlaanderen,town,Wim Mertens,dr. Youssef Idrissi,dr. Marleen Maes,Lore Van Acker,Grootmoeder,33 jaar,man,16/04/2026,18/04/2026,23/12/2024,º20-06-1992,92.06.20-135.75,58912652018,BE44 8145 4155 2507,4060145792326714,Dorpdreef 183,1930,Zaventem,052-48 33 09,+32 489 63 18 30,wim.mertens@proximus.be,https://www.azdelta.be,AZ Delta,Urologie,epididymitis links,syndroom van Cushing,Bristol-schaal type 4,V. Saphena magna,Ozempic 1 mg,Ventolin aerosol,geel verkleurde sclerae,-0.25 ^ -0.25 as 165 graden,tvv,Painful arc beiderzijds +,,False,patient,patient,de heer,hij,zijn,"{'INSZ': 'dotted', 'RIZIV': 'plain', 'IBAN': 'grouped', 'DATE_ENCOUNTER': 'dd/mm/yyyy', 'DATE_VALIDATION': 'dd/mm/yyyy', 'DATE_HISTORY': 'dd/mm/yyyy', 'DOB': 'masc_ordinal', 'TELEFOON': 'dashed', 'TELEFOON_MOBILE': 'intl', 'STREET': 'plain', 'AGE': 'jaar'}"
CASE000373,F,0-17,flemish,Oost-Vlaanderen,Vlaanderen,town,Lore Peeters,dr. Katrien Coppens,dr. Wim De Backer,Wim Goossens,Zoon,3-jarige,vrouw,19 mei 2026,21 mei 2026,14/10/2020,º17 september 2022,22091787245,3 07307 86 480,BE31376176817660,4739626259188318,Schooldreef 176A,9700,Oudenaarde,+32 (0)12/49.20.75,0487-38 89 14,lore.peeters@skynet.be,https://www.ziekenhuisgroeninge.be,Ziekenhuis Groeninge,Oftalmologie,cataract incipiens bilateraal,syndroom van Raynaud,Bristol-schaal type 4,lig. Collaterale mediale,Pantomed 40 mg,L-thyroxine 50 mcg,as 165 graden,T 37.2,tvv,full range of motion,,False,patient,patiente,mevrouw,zij,haar,"{'INSZ': 'plain', 'RIZIV': 'spaced', 'IBAN': 'plain', 'DATE_ENCOUNTER': 'text_abbr', 'DATE_VALIDATION': 'text_nl', 'DATE_HISTORY': 'dd/mm/yyyy', 'DOB': 'masc_ordinal', 'TELEFOON': 'intl_paren', 'TELEFOON_MOBILE': 'dashed', 'STREET': 'letter', 'AGE': 'jarige'}"
CASE000374,M,65-79,flemish,Antwerpen,Vlaanderen,town,Wouter Van Acker,dr. Rosa Moreira,dr. Svetlana Zielinski,Hilde Goossens,Tante,69-jarige,man,15/04/2026,17/04/2026,04/04/2025,°09.01.1957,57.01.09-049.12,8-99957-09-007,BE64 7109 6286 2767,4920369309140158,Dorplei 65/5,2500,Lier,+32 (0)53/73.76.24,0485-48 88 99,wouter.vanacker@skynet.be,https://www.algemeenziekenhuiszeepreventorium.be,Algemeen Ziekenhuis Zeepreventorium,Orthopedie,carpaal tunnelsyndroom,syndroom van Guillain-Barre,Goldmann applanatie,m. Infraspinatus,Glucagen hypokit,Pantomed 40 mg,peervormige galblaas,8u,antec.,SSp testen positief,,False,patient,patient,de heer,hij,zijn,"{'INSZ': 'dotted', 'RIZIV': 'dashed', 'IBAN': 'grouped', 'DATE_ENCOUNTER': 'dd/mm/yyyy', 'DATE_VALIDATION': 'dd/mm/yyyy', 'DATE_HISTORY': 'dd/mm/yyyy', 'DOB': 'degree', 'TELEFOON': 'intl_paren', 'TELEFOON_MOBILE': 'dashed', 'STREET': 'slash', 'AGE': 'jarige'}"
CASE000375,F,35-49,flemish,Brussel-Hoofdstad,Brussel,urban,An Verhoeven,dr. Kris Dubois,dr. Femke De Smet,Tom Declercq,Grootvader,48-jarige,vrouw,19-04-2026,20/04/2026,2018-01-28,°21-08-1977,77 08 21 362 02,3-61301-24-003,BE42188075088605,4042316979206754,Schoolhof 84 bus 11,1000,Brussel,011 64 76 14,+32 (0)487/64.62.31,an.verhoeven@proximus.be,https://www.klinieknikolaas.be,Kliniek Nikolaas,Algemene Heelkunde,ziekte van Von Willebrand,manoeuvre van Valsalva,Goldmann applanatie,M. Supraspinatus,Nexiam 20 mg,L-thyroxine 50 mcg,as 165 graden,4.95*,RYGB,SSp testen positief,,False,patient,patiente,mevrouw,zij,haar,"{'INSZ': 'spaced', 'RIZIV': 'dashed', 'IBAN': 'plain', 'DATE_ENCOUNTER': 'dd-mm-yyyy', 'DATE_VALIDATION': 'dd/mm/yyyy', 'DATE_HISTORY': 'yyyy-mm-dd', 'DOB': 'degree', 'TELEFOON': 'spaced', 'TELEFOON_MOBILE': 'intl_paren', 'STREET': 'bus', 'AGE': 'jarige'}"
CASE000376,M,18-34,turkish,Limburg,Vlaanderen,rural,Serkan Aydin,dr. Yasmine Cherkaoui,dr. Tom Goossens,Kaan Celik,Oom,23-jarige,man,13/05/2026,15/05/2026,09/2015,°16/06/2002,02 06 16 157 58,4-07358-42-480,BE94 2788 8684 9382,4456411992551259,Dorpwal 98 bus 9,3900,Pelt,052 10 71 55,0488067534,serkan.aydin@skynet.be,https://www.uzsintlucas.be,UZ Sint-Lucas,Algemene Heelkunde,ziekte van Von Willebrand,teken van Lasegue,Snellen 1,lig. Collaterale mediale,Ventolin aerosol,D-cure 25 000 ie,geel verkleurde sclerae,18u,i.o.m.,Painful arc beiderzijds +,,False,patient,patient,de heer,hij,zijn,"{'INSZ': 'spaced', 'RIZIV': 'dashed', 'IBAN': 'grouped', 'DATE_ENCOUNTER': 'dd/mm/yyyy', 'DATE_VALIDATION': 'dd/mm/yyyy', 'DATE_HISTORY': 'mm/yyyy', 'DOB': 'degree', 'TELEFOON': 'spaced', 'TELEFOON_MOBILE': 'plain', 'STREET': 'bus', 'AGE': 'jarige'}"
CASE000377,F,65-79,maghrebi,Vlaams-Brabant,Vlaanderen,rural,Amina Idrissi,dr. Veerle Lambert,dr. Geert Vermeulen,Meryem Alaoui,Zus,76 jaar,vrouw,11/05/2026,12-05-2026,20/01/2023,°08/08/1949,49.08.08-124.42,8-81168-77-030,BE07928289010767,4901014610392782,Oudewal 222A,3200,Aarschot,09 856 97 71,0495 27 88 54,amina.idrissi@telenet.be,https://www.azalma.be,AZ Alma,Fysische Geneeskunde en revalidatie,supraspinatuspeestendinose bilateraal,teken van Lasegue,Barthel-index 90,M. Supraspinatus,Atorstatine 20 mg,Metformine viatris 500 mg,as 165 graden,BMI 20.808,ESWT,full range of motion,,False,patient,patiente,mevrouw,zij,haar,"{'INSZ': 'dotted', 'RIZIV': 'dashed', 'IBAN': 'plain', 'DATE_ENCOUNTER': 'dd/mm/yyyy', 'DATE_VALIDATION': 'dd-mm-yyyy', 'DATE_HISTORY': 'dd/mm/yyyy', 'DOB': 'degree', 'TELEFOON': 'spaced', 'TELEFOON_MOBILE': 'spaced', 'STREET': 'letter', 'AGE': 'jaar'}"
CASE000378,M,50-64,flemish,West-Vlaanderen,Vlaanderen,town,Filip Lambert,dr. Dimitar Kowalski,dr. Sara Rahmani,Ann Van den Berghe,Grootmoeder,51 jaar,man,17-05-2026,19/05/2026,11-06-2025,°23/9/1974,74.09.23-161.87,9-64154-26-003,BE49 7031 8923 6089,4671467490668861,Kortelei 230C,8900,Ieper,030697899,0491 47 13 82,filip.lambert@gmail.com,https://www.azklina.be,AZ Klina,Cardiologie,arteriele hypertensie,ziekte van Graves,Humphrey - perimetrie,V. Saphena magna,Ozempic 1 mg,Injectafer 1000 mg,geel verkleurde sclerae,1/w,ivm,SSp testen positief,,False,patient,patient,de heer,hij,zijn,"{'INSZ': 'dotted', 'RIZIV': 'dashed', 'IBAN': 'grouped', 'DATE_ENCOUNTER': 'dd-mm-yyyy', 'DATE_VALIDATION': 'dd/mm/yyyy', 'DATE_HISTORY': 'dd-mm-yyyy', 'DOB': 'degree', 'TELEFOON': 'plain', 'TELEFOON_MOBILE': 'spaced', 'STREET': 'letter', 'AGE': 'jaar'}"
CASE000379,F,0-17,central_african,Limburg,Vlaanderen,rural,Chantal Kabongo,dr. Sofie Coppens,dr. Piotr Wisniewski,Serge Tshibangu,Zoon,11,vrouw,13-05-2026,14/05/2026,5 dec 2017,°14/2/2015,15 02 14 694 20,3-09781-37-004,BE95 5427 9164 5267,4397673887246160,Meersdreef 83,3630,Maasmechelen,044550054,0471 64 95 92,chantal.kabongo@skynet.be,https://www.uzsintlucas.be,UZ Sint-Lucas,Oftalmologie,geen diabetische retinopathie,ziekte van Von Willebrand,Goldmann applanatie,m. Deltoideus,L-thyroxine 50 mcg,Ventolin aerosol,boomstructuur van de bronchi,BMI 20.808,PRP,Painful arc beiderzijds +,,False,patient,patient,mevrouw,zij,haar,"{'INSZ': 'spaced', 'RIZIV': 'dashed', 'IBAN': 'grouped', 'DATE_ENCOUNTER': 'dd-mm-yyyy', 'DATE_VALIDATION': 'dd/mm/yyyy', 'DATE_HISTORY': 'text_abbr', 'DOB': 'degree', 'TELEFOON': 'plain', 'TELEFOON_MOBILE': 'spaced', 'STREET': 'plain', 'AGE': 'bare'}"
CASE000380,M,18-34,flemish,Limburg,Vlaanderen,rural,Tom Van Damme,dr. Amina Idrissi,dr. Svetlana Ionescu,Lieve Verhoeven,Tante,25,man,14/04/2026,14 april 2026,16-09-2021,°2000-07-24,00.07.24-387.38,2-64377-45-006,BE11 1689 5037 1574,4051666081239277,Hoevevest 207,3630,Maasmechelen,+32 13 25 15 89,+32 (0)456/33.13.66,tom.vandamme@proximus.be,https://www.jessaziekenhuis.be,Jessa Ziekenhuis,Nefrologie,chronische nierinsufficientie stadium 3,ziekte van Dupuytren,Schirmer-test,lig. Collaterale mediale,Ibuprofen 400 mg,Trianal suppo,beeld passend bij bursitis,4.95*,z.n.,full range of motion,,False,patient,patient,de heer,hij,zijn,"{'INSZ': 'dotted', 'RIZIV': 'dashed', 'IBAN': 'grouped', 'DATE_ENCOUNTER': 'dd/mm/yyyy', 'DATE_VALIDATION': 'text_nl', 'DATE_HISTORY': 'dd-mm-yyyy', 'DOB': 'degree', 'TELEFOON': 'intl', 'TELEFOON_MOBILE': 'intl_paren', 'STREET': 'plain', 'AGE': 'bare'}"
CASE000381,F,50-64,flemish,Limburg,Vlaanderen,rural,Hilde Mertens,dr. Stijn De Backer,dr. Sofie Maes,Tom De Clercq,Oom,55,vrouw,9 mei 2026,2026-05-10,4/5/2025,°23-11-1970,70112385896,97616246004,BE67588038574522,4924768834103415,Molenweg 195/13,3700,Tongeren,+32 (0)2/047.18.91,+32 456 74 78 16,hilde.mertens@proximus.be,https://www.znamiddelheim.be,ZNA Middelheim,Gastro-enterologie,status na gastric bypass (RYGB),ziekte van Crohn,Goldmann applanatie,m. Infraspinatus,Ventolin aerosol,Glucagen hypokit,geel verkleurde sclerae,0.5 mg,ESWT,SSp testen positief,,False,patient,patient,mevrouw,zij,haar,"{'INSZ': 'plain', 'RIZIV': 'plain', 'IBAN': 'plain', 'DATE_ENCOUNTER': 'text_abbr', 'DATE_VALIDATION': 'yyyy-mm-dd', 'DATE_HISTORY': 'd/m/yyyy', 'DOB': 'degree', 'TELEFOON': 'intl_paren', 'TELEFOON_MOBILE': 'intl', 'STREET': 'slash', 'AGE': 'bare'}"
CASE000382,M,80-95,maghrebi,Antwerpen,Vlaanderen,rural,Hamza Idrissi,dr. Paulo Silva,dr. Tine Peeters,Fatima Rahmani,Dochter,82 jaar,man,22-05-2026,23/5/2026,08-06-2018,°20/02/1944,44.02.20-071.73,1-22838-61-007,BE13288211918389,4369412641060326,Marktberg 140,2400,Mol,010337449,0492675700,hamza.idrissi@gmail.com,https://www.kliniekdevoorzorg.be,Kliniek De Voorzorg,Cardiologie,boezemfibrilleren,ziekte van Dupuytren,Romberg negatief,N. Medianus,L-thyroxine 50 mcg,D-cure 25 000 ie,beers-teken afwezig,2/d,i.o.m.,full range of motion,,False,patient,patient,de heer,hij,zijn,"{'INSZ': 'dotted', 'RIZIV': 'dashed', 'IBAN': 'plain', 'DATE_ENCOUNTER': 'dd-mm-yyyy', 'DATE_VALIDATION': 'd/m/yyyy', 'DATE_HISTORY': 'dd-mm-yyyy', 'DOB': 'degree', 'TELEFOON': 'plain', 'TELEFOON_MOBILE': 'plain', 'STREET': 'plain', 'AGE': 'jaar'}"
CASE000383,F,35-49,maghrebi,Vlaams-Brabant,Vlaanderen,town,Fatima Bennani,dr. Hilde Vermeulen,dr. Onur Sahin,Samira El Amrani,Tante,36 jaar,vrouw,11/05/2026,12 mei 2026,21/07/2022,°19 mei 1990,90051961462,4-14901-65-030,BE98699112860938,4117196004902142,Bloemring 130B,1930,Zaventem,010177375,+32 479 76 25 25,fatima.bennani@proximus.be,https://www.kliniekmariamiddelares.be,Kliniek Maria Middelares,Gastro-enterologie,ferriprieve anaemie,syndroom van Raynaud,Humphrey - perimetrie,N. Medianus,Ozempic 1 mg,Cose protect,as 165 graden,25 000 ie,ODS,blurr-test,,False,patient,patiente,mevrouw,zij,haar,"{'INSZ': 'plain', 'RIZIV': 'dashed', 'IBAN': 'plain', 'DATE_ENCOUNTER': 'dd/mm/yyyy', 'DATE_VALIDATION': 'text_nl', 'DATE_HISTORY': 'dd/mm/yyyy', 'DOB': 'degree', 'TELEFOON': 'plain', 'TELEFOON_MOBILE': 'intl', 'STREET': 'letter', 'AGE': 'jaar'}"
CASE000384,M,65-79,flemish,West-Vlaanderen,Vlaanderen,urban,Wouter Willems,dr. Lode Peeters,dr. Gaston Nkosi,Hilde Van Acker,Moeder,73-jarige,man,21 april 2026,2026-04-21,2021-06-11,°30-08-1952,52.08.30-737.93,5-04663-28-004,BE55815860154304,4141349317967068,Meersdries 121,8500,Kortrijk,014-38 58 65,0477791961,wouter.willems@telenet.be,https://www.ziekenhuissintrembert.be,Ziekenhuis Sint-Rembert,NKO,chronische rhinosinusitis,ziekte van Graves,teken van Tinel,V. Saphena magna,Ibuprofen 400 mg,Glucagen hypokit,lintvormige stoelgang,18u,OS,full range of motion,,False,patient,patient,de heer,hij,zijn,"{'INSZ': 'dotted', 'RIZIV': 'dashed', 'IBAN': 'plain', 'DATE_ENCOUNTER': 'text_nl', 'DATE_VALIDATION': 'yyyy-mm-dd', 'DATE_HISTORY': 'yyyy-mm-dd', 'DOB': 'degree', 'TELEFOON': 'dashed', 'TELEFOON_MOBILE': 'plain', 'STREET': 'plain', 'AGE': 'jarige'}"
CASE000385,F,18-34,flemish,Brussel-Hoofdstad,Brussel,urban,Nele Coppens,dr. Filip Wouters,dr. Sofie Coppens,Pieter Peeters,Grootvader,21-jarige,vrouw,10-05-2026,12-05-2026,10/2018,°11/12/2004,04.12.11-006.55,9 88096 43 007,BE61 7885 5298 8124,4161973844981212,Eikenpad 68,1030,Schaarbeek,02 509 26 00,+32 472 14 85 98,nele.coppens@skynet.be,https://www.ziekenhuismariamiddelares.be,Ziekenhuis Maria Middelares,Gastro-enterologie,diverticulose sigmoid,ziekte van Von Willebrand,Snellen 1,V. Saphena magna,Ventolin aerosol,Lyumjev kwikpen,boomstructuur van de bronchi,300 ie/ml 1.5 ml,OD,watchful waiting,,False,patient,patiente,mevrouw,zij,haar,"{'INSZ': 'dotted', 'RIZIV': 'spaced', 'IBAN': 'grouped', 'DATE_ENCOUNTER': 'dd-mm-yyyy', 'DATE_VALIDATION': 'dd-mm-yyyy', 'DATE_HISTORY': 'm/yyyy', 'DOB': 'degree', 'TELEFOON': 'spaced', 'TELEFOON_MOBILE': 'intl', 'STREET': 'plain', 'AGE': 'jarige'}"
CASE000386,M,65-79,flemish,Oost-Vlaanderen,Vlaanderen,rural,Geert Claes,dr. Youssef El Amrani,dr. Griet Van Damme,Tom Declercq,Oom,74-jarige,man,5 mei 2026,06/05/2026,01-09-2017,°03.07.1951,51 07 03 791 45,6-56066-42-006,BE33154098214432,4764032391932523,Dorphof 110 bus 3,9400,Ninove,010236416,0486-64 24 40,geert.claes@skynet.be,https://www.algemeenziekenhuissintjozef.be,Algemeen Ziekenhuis Sint-Jozef,Endocrinologie,hypothyreoidie,ziekte van Hashimoto,Phalen-test,lig. Collaterale mediale,Glucagen hypokit,Toujeo solostar,as 165 graden,-0.25 ^ -0.25 as 165 graden,PTO,full range of motion,,False,patient,patient,de heer,hij,zijn,"{'INSZ': 'spaced', 'RIZIV': 'dashed', 'IBAN': 'plain', 'DATE_ENCOUNTER': 'text_nl', 'DATE_VALIDATION': 'dd/mm/yyyy', 'DATE_HISTORY': 'dd-mm-yyyy', 'DOB': 'degree', 'TELEFOON': 'plain', 'TELEFOON_MOBILE': 'dashed', 'STREET': 'bus', 'AGE': 'jarige'}"
CASE000387,F,50-64,flemish,Antwerpen,Vlaanderen,town,Veerle Van Acker,dr. Marleen De Smet,dr. Nadia Alaoui,Koen Verhoeven,Neef,59-jarige,vrouw,21-05-2026,21/5/2026,16 mei 2022,°20/3/1967,67.03.20-048.04,5 46783 06 008,BE84 6615 2936 6417,4162660323584182,Dorpvest 256A,2440,Geel,037879025,+32 496 19 02 91,veerle.vanacker@telenet.be,https://www.uzsintrembert.be,UZ Sint-Rembert,Gastro-enterologie,coeliakie,ziekte van Parkinson,Barthel-index 90,N. Medianus,Progor retard 180 mg,Paracetamol 1 g,lintvormige stoelgang,25 000 ie,PTO,watchful waiting,,False,patient,patiente,mevrouw,zij,haar,"{'INSZ': 'dotted', 'RIZIV': 'spaced', 'IBAN': 'grouped', 'DATE_ENCOUNTER': 'dd-mm-yyyy', 'DATE_VALIDATION': 'd/m/yyyy', 'DATE_HISTORY': 'text_nl', 'DOB': 'degree', 'TELEFOON': 'plain', 'TELEFOON_MOBILE': 'intl', 'STREET': 'letter', 'AGE': 'jarige'}"
CASE000388,M,80-95,flemish,Oost-Vlaanderen,Vlaanderen,urban,Wouter Maes,dr. Stijn De Clercq,dr. Luc Maes,Geert De Clercq,Broer,86 jaar,man,15/05/2026,17/05/2026,27 november 2019,°18-12-1939,39.12.18-981.61,7-84653-77-480,BE75476152294584,4831273654852201,Langedreef 83,9000,Gent,011 82 92 48,0487 28 21 14,wouter.maes@gmail.com,https://www.ziekenhuisheilighart.be,Ziekenhuis Heilig Hart,Gastro-enterologie,anale fissuur,ziekte van Parkinson,Snellen 1,m. Infraspinatus,Trianal suppo,Pantomed 40 mg,beeld passend bij bursitis,0.5 mg,OD,blurr-test,,False,patient,patient,de heer,hij,zijn,"{'INSZ': 'dotted', 'RIZIV': 'dashed', 'IBAN': 'plain', 'DATE_ENCOUNTER': 'dd/mm/yyyy', 'DATE_VALIDATION': 'dd/mm/yyyy', 'DATE_HISTORY': 'text_nl', 'DOB': 'degree', 'TELEFOON': 'spaced', 'TELEFOON_MOBILE': 'spaced', 'STREET': 'plain', 'AGE': 'jaar'}"
CASE000389,F,35-49,flemish,Antwerpen,Vlaanderen,rural,Lore Vermeulen,dr. Cem Ozturk,dr. Inge Dubois,Jan Peeters,Neef,45 jaar,vrouw,23/05/2026,23-05-2026,02/02/2020,°24/06/1980,80.06.24-706.05,6-63888-77-008,BE40 1404 8840 3005,4809166316696875,Groenehof 89 bus 5,2400,Mol,019-03 42 43,0483-26 73 14,lore.vermeulen@proximus.be,https://www.azdelta.be,AZ Delta,Neurologie,perifere polyneuropathie,ziekte van Von Willebrand,Goldmann applanatie,M. Supraspinatus,Asaflow 80 mg,Metformine viatris 500 mg,molaire zwangerschap uitgesloten,22u,ODS,Painful arc beiderzijds +,,False,patient,patiente,mevrouw,zij,haar,"{'INSZ': 'dotted', 'RIZIV': 'dashed', 'IBAN': 'grouped', 'DATE_ENCOUNTER': 'dd/mm/yyyy', 'DATE_VALIDATION': 'dd-mm-yyyy', 'DATE_HISTORY': 'dd/mm/yyyy', 'DOB': 'degree', 'TELEFOON': 'dashed', 'TELEFOON_MOBILE': 'dashed', 'STREET': 'bus', 'AGE': 'jaar'}"
CASE000390,M,35-49,flemish,West-Vlaanderen,Vlaanderen,town,Jan Van Mol,dr. An Jacobs,dr. Lode Vermeulen,Koen Willems,Grootvader,41,man,28 mei 2026,30/5/2026,28-05-2024,°14/8/1984,84 08 14 007 35,43329108003,BE15 6728 2465 2648,4253950111525582,Weverhof 51,8800,Roeselare,02 588 37 74,+32 (0)478/94.07.89,jan.vanmol@gmail.com,https://www.azonzelievevrouw.be,AZ Onze-Lieve-Vrouw,Orthopedie,carpaal tunnelsyndroom,ziekte van Parkinson,Romberg negatief,lig. Collaterale mediale,Diltiazemzalf 2%,Diltiazemzalf 2%,beers-teken afwezig,8u,antec.,Painful arc beiderzijds +,,True,patient,patient,de heer,hij,zijn,"{'INSZ': 'spaced', 'RIZIV': 'plain', 'IBAN': 'grouped', 'DATE_ENCOUNTER': 'text_nl', 'DATE_VALIDATION': 'd/m/yyyy', 'DATE_HISTORY': 'dd-mm-yyyy', 'DOB': 'degree', 'TELEFOON': 'spaced', 'TELEFOON_MOBILE': 'intl_paren', 'STREET': 'plain', 'AGE': 'bare'}"
CASE000391,F,80-95,flemish,Vlaams-Brabant,Vlaanderen,urban,An Lambert,dr. Blaise Kabongo,dr. Esther Mukendi,Ann Van Acker,Zus,88 jaar,vrouw,5 mei 2026,07/05/2026,10/02/2022,°10.06.1938,38.06.10-374.69,7-25221-48-006,BE90 3566 7639 9094,4589701522133689,Markthof 227,3000,Leuven,+32 (0)10/45.76.27,0483 98 87 13,an.lambert@gmail.com,https://www.ziekenhuisvesalius.be,Ziekenhuis Vesalius,Oftalmologie,cataract incipiens bilateraal,ziekte van Von Willebrand,Snellen 1,V. Saphena magna,Lambipol 100 mg,Metformine viatris 500 mg,lintvormige stoelgang,3x,SSp,blurr-test,,False,patient,patiente,mevrouw,zij,haar,"{'INSZ': 'dotted', 'RIZIV': 'dashed', 'IBAN': 'grouped', 'DATE_ENCOUNTER': 'text_nl', 'DATE_VALIDATION': 'dd/mm/yyyy', 'DATE_HISTORY': 'dd/mm/yyyy', 'DOB': 'degree', 'TELEFOON': 'intl_paren', 'TELEFOON_MOBILE': 'spaced', 'STREET': 'plain', 'AGE': 'jaar'}"
CASE000392,M,50-64,flemish,Antwerpen,Vlaanderen,rural,Jan Van Damme,dr. Dirk Goossens,dr. Hafida Bennani,Wouter Van den Berghe,Vader,64 jaar,man,14 mei 2026,14-05-2026,2019-12-24,°1 aug 1961,61080169332,46990164006,BE31401636840183,4444107692626541,Brouwersring 54,2860,Sint-Katelijne-Waver,010737949,+32 492 93 83 38,jan.vandamme@skynet.be,https://www.algemeenziekenhuiszeepreventorium.be,Algemeen Ziekenhuis Zeepreventorium,Gastro-enterologie,ferriprieve anaemie,syndroom van Raynaud,Romberg negatief,N. Medianus,Cose protect,Glucagen hypokit,as 165 graden,1/d,ODS,blurr-test,,False,patient,patient,de heer,hij,zijn,"{'INSZ': 'plain', 'RIZIV': 'plain', 'IBAN': 'plain', 'DATE_ENCOUNTER': 'text_abbr', 'DATE_VALIDATION': 'dd-mm-yyyy', 'DATE_HISTORY': 'yyyy-mm-dd', 'DOB': 'degree', 'TELEFOON': 'plain', 'TELEFOON_MOBILE': 'intl', 'STREET': 'plain', 'AGE': 'jaar'}"
CASE000393,F,65-79,flemish,Oost-Vlaanderen,Vlaanderen,town,Veerle Declercq,dr. Ismail Bennani,dr. Sara El Fassi,Rik Goossens,Oom,73-jarige,vrouw,7 mei 2026,8/5/2026,02/05/2018,°07-08-1952,52.08.07-388.65,6 00119 20 008,BE81 9062 2090 8811,4033699952850230,Beeklei 20 bus 17,9200,Dendermonde,013/35.00.78,0485 74 20 19,veerle.declercq@telenet.be,https://www.algemeenziekenhuissintvincentius.be,Algemeen Ziekenhuis Sint-Vincentius,Orthopedie,gonartrose bilateraal,ziekte van Dupuytren,Jaeger transfertest,A. Radialis,Ozempic 1 mg,Lambipol 100 mg,peervormige galblaas,25 000 ie,PTO,SSp testen positief,,False,patient,patiente,mevrouw,zij,haar,"{'INSZ': 'dotted', 'RIZIV': 'spaced', 'IBAN': 'grouped', 'DATE_ENCOUNTER': 'text_abbr', 'DATE_VALIDATION': 'd/m/yyyy', 'DATE_HISTORY': 'dd/mm/yyyy', 'DOB': 'degree', 'TELEFOON': 'slash_dot', 'TELEFOON_MOBILE': 'spaced', 'STREET': 'bus', 'AGE': 'jarige'}"
CASE000394,M,65-79,flemish,West-Vlaanderen,Vlaanderen,rural,Wim Janssens,dr. Tom Wouters,dr. Jonas Vermeulen,Marc Coppens,Zoon,77-jarige,man,6 mei 2026,07-05-2026,02-09-2021,°01-08-1948,48.08.01-153.08,1 38532 81 003,BE20 1263 1959 7845,4222830564468530,Meerspad 38,8700,Tielt,013/89.39.12,0497 96 01 53,wim.janssens@telenet.be,https://www.klinieksintlucas.be,Kliniek Sint-Lucas,Oftalmologie,cataract incipiens bilateraal,syndroom van Raynaud,teken van Tinel,N. Medianus,Ozempic 1 mg,Ozempic 1 mg,molaire zwangerschap uitgesloten,2/d,PPI,full range of motion,,False,patient,patient,de heer,hij,zijn,"{'INSZ': 'dotted', 'RIZIV': 'spaced', 'IBAN': 'grouped', 'DATE_ENCOUNTER': 'text_abbr', 'DATE_VALIDATION': 'dd-mm-yyyy', 'DATE_HISTORY': 'dd-mm-yyyy', 'DOB': 'degree', 'TELEFOON': 'slash_dot', 'TELEFOON_MOBILE': 'spaced', 'STREET': 'plain', 'AGE': 'jarige'}"
CASE000395,F,35-49,flemish,Oost-Vlaanderen,Vlaanderen,town,Hilde Claes,dr. Lode Vermeulen,dr. Marco Silva,Els Peeters,Tante,35 jaar,vrouw,17-05-2026,19/05/2026,05/07/2017,º30/09/1990,90.09.30-840.19,9-75714-09-006,BE96 9767 7902 3985,4216218333919298,Dorpplein 95,9300,Aalst,056 01 51 20,0491263239,hilde.claes@gmail.com,https://www.kliniekgroeninge.be,Kliniek Groeninge,Gynaecologie,endometriose,ziekte van Dupuytren,Bristol-schaal type 4,M. Subscapularis,Glucagen hypokit,Asaflow 80 mg,molaire zwangerschap uitgesloten,18u,RYGB,full range of motion,,False,patient,patiente,mevrouw,zij,haar,"{'INSZ': 'dotted', 'RIZIV': 'dashed', 'IBAN': 'grouped', 'DATE_ENCOUNTER': 'dd-mm-yyyy', 'DATE_VALIDATION': 'dd/mm/yyyy', 'DATE_HISTORY': 'dd/mm/yyyy', 'DOB': 'masc_ordinal', 'TELEFOON': 'spaced', 'TELEFOON_MOBILE': 'plain', 'STREET': 'plain', 'AGE': 'jaar'}"
CASE000396,M,18-34,flemish,Oost-Vlaanderen,Vlaanderen,rural,Wim Verhoeven,dr. Femke Wouters,dr. Wouter De Smet,Lode De Backer,Zoon,31 jaar,man,30/04/2026,30-04-2026,17-10-2015,°08-05-1995,95.05.08-199.39,2-58047-70-006,BE88 7288 2575 4551,4525737874778843,Dorpsteenweg 86,9400,Ninove,050760960,+32 456 33 56 19,wim.verhoeven@telenet.be,https://www.uzsintlucas.be,UZ Sint-Lucas,Urologie,benigne prostaathyperplasie,syndroom van Guillain-Barre,Snellen 1,m. Deltoideus,Depakine chrono 500 mg,Ozempic 1 mg,lintvormige stoelgang,25 000 ie,tvv,shared decision making,,False,patient,patient,de heer,hij,zijn,"{'INSZ': 'dotted', 'RIZIV': 'dashed', 'IBAN': 'grouped', 'DATE_ENCOUNTER': 'dd/mm/yyyy', 'DATE_VALIDATION': 'dd-mm-yyyy', 'DATE_HISTORY': 'dd-mm-yyyy', 'DOB': 'degree', 'TELEFOON': 'plain', 'TELEFOON_MOBILE': 'intl', 'STREET': 'plain', 'AGE': 'jaar'}"
CASE000397,F,80-95,flemish,Oost-Vlaanderen,Vlaanderen,town,Femke Mertens,dr. Geert Verhoeven,dr. Rik Mertens,Katrien Declercq,Nicht,82 jaar,vrouw,12 mei 2026,12.05.2026,27/11/2020,°08/08/1943,43.08.08-408.20,6-69113-90-003,BE38222457395076,4808701708671523,Oudeberg 194C,9100,Sint-Niklaas,03 428 53 54,0485021073,femke.mertens@telenet.be,https://www.azdelta.be,AZ Delta,Endocrinologie,type 2 diabetes mellitus,syndroom van Guillain-Barre,Romberg negatief,m. Infraspinatus,Atorstatine 20 mg,Injectafer 1000 mg,hamstringletsel links,2/d,OD,blurr-test,,False,patient,patiente,mevrouw,zij,haar,"{'INSZ': 'dotted', 'RIZIV': 'dashed', 'IBAN': 'plain', 'DATE_ENCOUNTER': 'text_nl', 'DATE_VALIDATION': 'dd.mm.yyyy', 'DATE_HISTORY': 'dd/mm/yyyy', 'DOB': 'degree', 'TELEFOON': 'spaced', 'TELEFOON_MOBILE': 'plain', 'STREET': 'letter', 'AGE': 'jaar'}"
CASE000398,M,80-95,maghrebi,West-Vlaanderen,Vlaanderen,town,Ismail Alaoui,dr. Giulia Rossi,dr. Luc Janssens,Mohamed El Amrani,Grootvader,91-jarige,man,25/5/2026,25.05.2026,13/04/2020,°19/8/1934,34.08.19-181.19,11239429018,BE59 1634 1519 5884,4744252694204165,Marktlei 243,8300,Knokke-Heist,+32 57 59 97 47,0493 84 42 81,ismail.alaoui@proximus.be,https://www.ziekenhuissintlucas.be,Ziekenhuis Sint-Lucas,Cardiologie,arteriele hypertensie,ziekte van Crohn,teken van Tinel,M. Supraspinatus,Pantomed 40 mg,Nexiam 20 mg,beeld passend bij bursitis,BMI 20.808,i.o.m.,Painful arc beiderzijds +,,False,patient,patient,de heer,hij,zijn,"{'INSZ': 'dotted', 'RIZIV': 'plain', 'IBAN': 'grouped', 'DATE_ENCOUNTER': 'd/m/yyyy', 'DATE_VALIDATION': 'dd.mm.yyyy', 'DATE_HISTORY': 'dd/mm/yyyy', 'DOB': 'degree', 'TELEFOON': 'intl', 'TELEFOON_MOBILE': 'spaced', 'STREET': 'plain', 'AGE': 'jarige'}"
CASE000399,F,80-95,flemish,Antwerpen,Vlaanderen,rural,Femke Van den Berghe,dr. Deniz Aydin,dr. An Verhoeven,Luc De Clercq,Oom,87,vrouw,20-04-2026,22/04/2026,26/03/2025,°10/08/1938,38.08.10-522.32,1 82670 78 008,BE24 6454 1706 2799,4851846689859328,Molenring 30,2860,Sint-Katelijne-Waver,09-324 53 52,0497-75 13 12,femke.vandenberghe@telenet.be,https://www.algemeenziekenhuissintblasius.be,Algemeen Ziekenhuis Sint-Blasius,Pneumologie,obstructief slaapapneusyndroom,syndroom van Sjogren,teken van Tinel,A. Radialis,Glucagen hypokit,Ventolin aerosol,boomstructuur van de bronchi,2/d,tvv,watchful waiting,,False,patient,patiente,mevrouw,zij,haar,"{'INSZ': 'dotted', 'RIZIV': 'spaced', 'IBAN': 'grouped', 'DATE_ENCOUNTER': 'dd-mm-yyyy', 'DATE_VALIDATION': 'dd/mm/yyyy', 'DATE_HISTORY': 'dd/mm/yyyy', 'DOB': 'degree', 'TELEFOON': 'dashed', 'TELEFOON_MOBILE': 'dashed', 'STREET': 'plain', 'AGE': 'bare'}"
CASE000400,M,65-79,eastern_european,Brussel-Hoofdstad,Brussel,urban,Piotr Wisniewski,dr. Samira Ouazzani,dr. Lieve Peeters,Vasile Kaminski,Zoon,76-jarige,man,22-04-2026,24-04-2026,03-01-2016,°17.09.1949,49.09.17-811.62,67468349004,BE33 6730 9980 8441,4292676988979882,Stationssteenweg 145,1000,Brussel,013 78 47 21,0472 58 23 63,piotr.wisniewski@gmail.com,https://www.kliniekzeepreventorium.be,Kliniek Zeepreventorium,Fysische Geneeskunde en revalidatie,subacromiale bursitis,syndroom van Guillain-Barre,teken van Tinel,m. Deltoideus,Metformine viatris 500 mg,Ozempic 1 mg,beers-teken afwezig,22u,tvv,shared decision making,,False,patient,patient,de heer,hij,zijn,"{'INSZ': 'dotted', 'RIZIV': 'plain', 'IBAN': 'grouped', 'DATE_ENCOUNTER': 'dd-mm-yyyy', 'DATE_VALIDATION': 'dd-mm-yyyy', 'DATE_HISTORY': 'dd-mm-yyyy', 'DOB': 'degree', 'TELEFOON': 'spaced', 'TELEFOON_MOBILE': 'spaced', 'STREET': 'plain', 'AGE': 'jarige'}"
CASE000401,F,18-34,flemish,Antwerpen,Vlaanderen,town,Sofie Peeters,dr. Khadija Idrissi,dr. Kris Wouters,Rik Van Acker,Broer,26 jaar,vrouw,21-05-2026,21-05-2026,2016-06-01,°27/07/1999,99.07.27 302 46,6-01761-27-007,BE09 7920 8616 7985,4433037271862444,Markthof 61 bus 15,2200,Herentals,056 06 59 48,0483 29 13 48,sofie.peeters@gmail.com,https://www.algemeenziekenhuissintblasius.be,Algemeen Ziekenhuis Sint-Blasius,Gastro-enterologie,lichte chronische niet specifieke colitis,ziekte van Graves,Phalen-test,M. Supraspinatus,D-cure 25 000 ie,Glucagen hypokit,peervormige galblaas,FEV1/FVC 73.17,SSp,blurr-test,,False,patient,patiente,mevrouw,zij,haar,"{'INSZ': 'mixed', 'RIZIV': 'dashed', 'IBAN': 'grouped', 'DATE_ENCOUNTER': 'dd-mm-yyyy', 'DATE_VALIDATION': 'dd-mm-yyyy', 'DATE_HISTORY': 'yyyy-mm-dd', 'DOB': 'degree', 'TELEFOON': 'spaced', 'TELEFOON_MOBILE': 'spaced', 'STREET': 'bus', 'AGE': 'jaar'}"
CASE000402,M,0-17,central_african,Oost-Vlaanderen,Vlaanderen,urban,Patrick Lumumba,dr. Inge Van Acker,dr. Elena Garcia,Sylvie Mukendi,Tante,17 jaar,man,25 april 2026,25.04.2026,01-12-2023,º20.08.2008,08.08.20-535.88,2-84570-28-018,BE98082203568768,4988712320366865,Schoolring 196,9000,Gent,+32 (0)15/88.28.47,0483 19 05 31,patrick.lumumba@proximus.be,https://www.algemeenziekenhuisvesalius.be,Algemeen Ziekenhuis Vesalius,Gastro-enterologie,refluxoesofagitis graad B,ziekte van Parkinson,Romberg negatief,lig. Collaterale mediale,Diltiazemzalf 2%,Sipralexa 20 mg,peervormige galblaas,3x,z.n.,watchful waiting,,False,patient,patient,de heer,hij,zijn,"{'INSZ': 'dotted', 'RIZIV': 'dashed', 'IBAN': 'plain', 'DATE_ENCOUNTER': 'text_nl', 'DATE_VALIDATION': 'dd.mm.yyyy', 'DATE_HISTORY': 'dd-mm-yyyy', 'DOB': 'masc_ordinal', 'TELEFOON': 'intl_paren', 'TELEFOON_MOBILE': 'spaced', 'STREET': 'plain', 'AGE': 'jaar'}"
CASE000403,F,35-49,flemish,West-Vlaanderen,Vlaanderen,town,An Mertens,dr. Femke De Backer,dr. Femke Maes,Tine Willems,Moeder,42-jarige,vrouw,14 mei 2026,14-05-2026,2/11/2022,º15/10/1983,83.10.15-652.32,83844127018,BE87268351011178,4704240255546890,Abdijhof 89,8300,Knokke-Heist,+32 4 859 73 02,+32 (0)477/95.81.85,an.mertens@skynet.be,https://www.ziekenhuisrivierenland.be,Ziekenhuis Rivierenland,Gynaecologie,myomateuze uterus,manoeuvre van Valsalva,Romberg negatief,lig. Collaterale mediale,Ibuprofen 400 mg,Atorstatine 20 mg,hamstringletsel links,3x/week,ESWT,full range of motion,,False,patient,patiente,mevrouw,zij,haar,"{'INSZ': 'dotted', 'RIZIV': 'plain', 'IBAN': 'plain', 'DATE_ENCOUNTER': 'text_nl', 'DATE_VALIDATION': 'dd-mm-yyyy', 'DATE_HISTORY': 'd/m/yyyy', 'DOB': 'masc_ordinal', 'TELEFOON': 'intl', 'TELEFOON_MOBILE': 'intl_paren', 'STREET': 'plain', 'AGE': 'jarige'}"
CASE000404,M,50-64,eastern_european,Oost-Vlaanderen,Vlaanderen,rural,Miroslav Ionescu,dr. Leen Verhoeven,dr. Nele Van Acker,Elena Novak,Dochter,63,man,14 mei 2026,14 mei 2026,20/09/2023,°11 dec 1962,62.12.11 073 13,8-23290-46-006,BE13 5982 1774 8704,4033980138716283,Abdijwal 239,9600,Ronse,089/42.64.07,0493 71 76 41,miroslav.ionescu@skynet.be,https://www.algemeenziekenhuisrivierenland.be,Algemeen Ziekenhuis Rivierenland,Nefrologie,chronische nierinsufficientie stadium 3,syndroom van Sjogren,teken van Tinel,A. Radialis,Diltiazemzalf 2%,Trianal suppo,beeld passend bij bursitis,HR: 68,z.n.,shared decision making,,False,patient,patient,de heer,hij,zijn,"{'INSZ': 'mixed', 'RIZIV': 'dashed', 'IBAN': 'grouped', 'DATE_ENCOUNTER': 'text_nl', 'DATE_VALIDATION': 'text_nl', 'DATE_HISTORY': 'dd/mm/yyyy', 'DOB': 'degree', 'TELEFOON': 'slash_dot', 'TELEFOON_MOBILE': 'spaced', 'STREET': 'plain', 'AGE': 'bare'}"
CASE000405,F,0-17,eastern_european,Antwerpen,Vlaanderen,urban,Ioana Popescu,dr. An Mertens,dr. Yasmine Ouazzani,Andrzej Dimitrov,Oom,0,vrouw,05/05/2026,07.05.2026,15/12/2020,°22/11/2025,25.11.22-714.33,7-09606-46-008,BE46375786606275,4882165119214571,Abdijwal 189B,2800,Mechelen,+32 4 418 39 52,0474 94 84 46,ioana.popescu@proximus.be,https://www.ziekenhuismariamiddelares.be,Ziekenhuis Maria Middelares,Endocrinologie,type 2 diabetes mellitus,syndroom van Cushing,Schirmer-test,N. Medianus,Lyumjev kwikpen,Atorstatine 20 mg,boomstructuur van de bronchi,2/d,PPI,full range of motion,,False,patient,patiente,mevrouw,zij,haar,"{'INSZ': 'dotted', 'RIZIV': 'dashed', 'IBAN': 'plain', 'DATE_ENCOUNTER': 'dd/mm/yyyy', 'DATE_VALIDATION': 'dd.mm.yyyy', 'DATE_HISTORY': 'dd/mm/yyyy', 'DOB': 'degree', 'TELEFOON': 'intl', 'TELEFOON_MOBILE': 'spaced', 'STREET': 'letter', 'AGE': 'bare'}"
CASE000406,M,65-79,flemish,Brussel-Hoofdstad,Brussel,urban,Rik De Backer,dr. Kris Lambert,dr. Karim Benali,Jonas De Smet,Neef,79 jaar,man,14 apr 2026,14-04-2026,16 maa 2019,°06-03-1947,47.03.06-447.90,34489636008,BE74917593931763,4911343485713394,Dorppad 47,1030,Schaarbeek,+32 2 047 94 12,0493 30 19 41,rik.debacker@gmail.com,https://www.azalma.be,AZ Alma,Gastro-enterologie,anale fissuur,syndroom van Cushing,Jaeger transfertest,lig. Collaterale mediale,Depakine chrono 500 mg,Diltiazemzalf 2%,as 165 graden,1/w,NSAID,full range of motion,,False,patient,patient,de heer,hij,zijn,"{'INSZ': 'dotted', 'RIZIV': 'plain', 'IBAN': 'plain', 'DATE_ENCOUNTER': 'text_abbr', 'DATE_VALIDATION': 'dd-mm-yyyy', 'DATE_HISTORY': 'text_abbr', 'DOB': 'degree', 'TELEFOON': 'intl', 'TELEFOON_MOBILE': 'spaced', 'STREET': 'plain', 'AGE': 'jaar'}"
CASE000407,F,65-79,turkish,Brussel-Hoofdstad,Brussel,urban,Zeynep Sahin,dr. Marc Maes,dr. Els Willems,Mehmet Aydin,Grootvader,66,vrouw,17.04.2026,19-04-2026,08/10/2017,°28-03-1960,60 03 28 694 38,5-32190-49-008,BE30 3986 1406 5770,4389191874050131,Schoolkaai 60,1030,Schaarbeek,016/17.23.66,0479-91 89 08,zeynep.sahin@skynet.be,https://www.azturnhout.be,AZ Turnhout,Gynaecologie,myomateuze uterus,ziekte van Dupuytren,Jaeger transfertest,M. Biceps caput longum,L-thyroxine 50 mcg,Metformine viatris 500 mg,hamstringletsel links,4.95*,i.o.m.,full range of motion,,False,patient,patient,mevrouw,zij,haar,"{'INSZ': 'spaced', 'RIZIV': 'dashed', 'IBAN': 'grouped', 'DATE_ENCOUNTER': 'dd.mm.yyyy', 'DATE_VALIDATION': 'dd-mm-yyyy', 'DATE_HISTORY': 'dd/mm/yyyy', 'DOB': 'degree', 'TELEFOON': 'slash_dot', 'TELEFOON_MOBILE': 'dashed', 'STREET': 'plain', 'AGE': 'bare'}"
CASE000408,M,50-64,southern_european,West-Vlaanderen,Vlaanderen,town,Rafael Van Peer,dr. Filip Declercq,dr. Luc Van den Berghe,Giuseppe Garcia,Broer,54-jarige,man,2026-05-16,18/05/2026,31-03-2020,°11/10/1971,71 10 11 079 85,1-97330-65-003,BE96 8474 6343 5864,4580097140863321,Hoevestraat 97,8400,Oostende,+32 (0)50/69.66.93,+32 474 98 31 27,rafael.vanpeer@skynet.be,https://www.algemeenziekenhuisdamiaan.be,Algemeen Ziekenhuis Damiaan,Gastro-enterologie,lichte chronische niet specifieke colitis,syndroom van Raynaud,Goldmann applanatie,M. Biceps caput longum,Sipralexa 20 mg,Ozempic 1 mg,beers-teken afwezig,100 e/ml 3 ml,OD,SSp testen positief,,True,patient,patient,de heer,hij,zijn,"{'INSZ': 'spaced', 'RIZIV': 'dashed', 'IBAN': 'grouped', 'DATE_ENCOUNTER': 'yyyy-mm-dd', 'DATE_VALIDATION': 'dd/mm/yyyy', 'DATE_HISTORY': 'dd-mm-yyyy', 'DOB': 'degree', 'TELEFOON': 'intl_paren', 'TELEFOON_MOBILE': 'intl', 'STREET': 'plain', 'AGE': 'jarige'}"
CASE000409,F,50-64,flemish,Antwerpen,Vlaanderen,rural,Leen Van Acker,dr. Khadija Ouazzani,dr. Lieve Lambert,Stijn Lambert,Zoon,58 jaar,vrouw,21-05-2026,21-05-2026,19.11.2018,°28/07/1967,67072822008,4 25912 15 006,BE07 8279 7643 1570,4163712063175520,Eikenhof 254,2400,Mol,02/043.64.75,0486/53.35.66,leen.vanacker@gmail.com,https://www.algemeenziekenhuisheilighart.be,Algemeen Ziekenhuis Heilig Hart,Algemene Heelkunde,ziekte van Von Willebrand,syndroom van Guillain-Barre,Phalen-test,M. Biceps caput longum,Glucagen hypokit,Metformine viatris 500 mg,molaire zwangerschap uitgesloten,300 ie/ml 1.5 ml,OD,Painful arc beiderzijds +,,False,patient,patiente,mevrouw,zij,haar,"{'INSZ': 'plain', 'RIZIV': 'spaced', 'IBAN': 'grouped', 'DATE_ENCOUNTER': 'dd-mm-yyyy', 'DATE_VALIDATION': 'dd-mm-yyyy', 'DATE_HISTORY': 'dd.mm.yyyy', 'DOB': 'degree', 'TELEFOON': 'slash_dot', 'TELEFOON_MOBILE': 'slash_dot', 'STREET': 'plain', 'AGE': 'jaar'}"
CASE000410,M,18-34,flemish,West-Vlaanderen,Vlaanderen,urban,Pieter Jacobs,dr. Mehdi Rahmani,dr. Miguel Costa,Jonas Van den Berghe,Vader,26-jarige,man,2026-05-16,17-05-2026,21/12/2024,°24/04/2000,00.04.24-171.39,5-19082-62-003,BE88 3684 3386 5742,4956600301196229,Abdijvest 139,8000,Brugge,019 77 14 03,+32 499 86 34 80,pieter.jacobs@gmail.com,https://www.jessaziekenhuis.be,Jessa Ziekenhuis,Gastro-enterologie,lichte chronische niet specifieke colitis,ziekte van Dupuytren,Jaeger transfertest,M. Supraspinatus,Ventolin aerosol,Sipralexa 20 mg,lintvormige stoelgang,22u,PPI,watchful waiting,,False,patient,patient,de heer,hij,zijn,"{'INSZ': 'dotted', 'RIZIV': 'dashed', 'IBAN': 'grouped', 'DATE_ENCOUNTER': 'yyyy-mm-dd', 'DATE_VALIDATION': 'dd-mm-yyyy', 'DATE_HISTORY': 'dd/mm/yyyy', 'DOB': 'degree', 'TELEFOON': 'spaced', 'TELEFOON_MOBILE': 'intl', 'STREET': 'plain', 'AGE': 'jarige'}"
CASE000411,F,65-79,flemish,West-Vlaanderen,Vlaanderen,town,Leen Janssens,dr. Iwona Kowalski,dr. Vasile Kowalski,Luc Vermeulen,Grootvader,77 jaar,vrouw,26/05/2026,2026-05-28,31-07-2024,°02/03/1949,49 03 02 710 86,92913033008,BE44 9829 2960 4704,4421756275280014,Dorpbaan 141,8300,Knokke-Heist,+32 57 95 95 14,0492453236,leen.janssens@gmail.com,https://www.azturnhout.be,AZ Turnhout,Neurologie,perifere polyneuropathie,syndroom van Cushing,Humphrey - perimetrie,lig. Collaterale mediale,Lambipol 100 mg,Metformine viatris 500 mg,hamstringletsel links,25 000 ie,OD,watchful waiting,,False,patient,patiente,mevrouw,zij,haar,"{'INSZ': 'spaced', 'RIZIV': 'plain', 'IBAN': 'grouped', 'DATE_ENCOUNTER': 'dd/mm/yyyy', 'DATE_VALIDATION': 'yyyy-mm-dd', 'DATE_HISTORY': 'dd-mm-yyyy', 'DOB': 'degree', 'TELEFOON': 'intl', 'TELEFOON_MOBILE': 'plain', 'STREET': 'plain', 'AGE': 'jaar'}"
CASE000412,M,50-64,flemish,West-Vlaanderen,Vlaanderen,urban,Kris Willems,dr. Katrien Janssens,dr. An De Clercq,Wim Van Acker,Vader,53-jarige,man,18/4/2026,20.04.2026,17 dec 2021,°11/4/1973,73041175786,3 51037 06 003,BE91 3000 3110 3339,4265647711588210,Vijverlei 47,8500,Kortrijk,+32 59 33 72 87,0485-84 62 73,kris.willems@gmail.com,https://www.azdamiaan.be,AZ Damiaan,Pneumologie,obstructief longlijden GOLD II,ziekte van Von Willebrand,Bristol-schaal type 4,V. Saphena magna,Trianal suppo,Metformine viatris 500 mg,geel verkleurde sclerae,pH 7.38,RYGB,full range of motion,,False,patient,patient,de heer,hij,zijn,"{'INSZ': 'plain', 'RIZIV': 'spaced', 'IBAN': 'grouped', 'DATE_ENCOUNTER': 'd/m/yyyy', 'DATE_VALIDATION': 'dd.mm.yyyy', 'DATE_HISTORY': 'text_abbr', 'DOB': 'degree', 'TELEFOON': 'intl', 'TELEFOON_MOBILE': 'dashed', 'STREET': 'plain', 'AGE': 'jarige'}"
CASE000413,F,18-34,flemish,West-Vlaanderen,Vlaanderen,town,Marleen Declercq,dr. Rik Goossens,dr. Inge De Smet,Lore Claes,Dochter,31-jarige,vrouw,24.04.2026,26-04-2026,07/03/2017,º03/01/1995,95.01.03-686.62,6-06307-40-008,BE97741137700549,4865383957164680,Gaverdries 3,8400,Oostende,059082267,+32 491 07 78 52,marleen.declercq@skynet.be,https://www.uzsintrembert.be,UZ Sint-Rembert,Gynaecologie,endometriose,ziekte van Crohn,Snellen 1,M. Biceps caput longum,Lambipol 100 mg,Paracetamol 1 g,lintvormige stoelgang,1/d,RYGB,full range of motion,,False,patient,patient,mevrouw,zij,haar,"{'INSZ': 'dotted', 'RIZIV': 'dashed', 'IBAN': 'plain', 'DATE_ENCOUNTER': 'dd.mm.yyyy', 'DATE_VALIDATION': 'dd-mm-yyyy', 'DATE_HISTORY': 'dd/mm/yyyy', 'DOB': 'masc_ordinal', 'TELEFOON': 'plain', 'TELEFOON_MOBILE': 'intl', 'STREET': 'plain', 'AGE': 'jarige'}"
CASE000414,M,35-49,turkish,Oost-Vlaanderen,Vlaanderen,town,Cem Arslan,dr. Serkan Yilmaz,dr. Rik Goossens,Zeynep Arslan,Dochter,43-jarige,man,09-05-2026,11/05/2026,13 november 2020,°11-09-1982,82.09.11-061.36,9-93829-33-480,BE87 3169 6190 0705,4262693032645258,Bloemvest 203,9100,Sint-Niklaas,+32 (0)89/47.79.50,0499 05 24 39,cem.arslan@gmail.com,https://www.uzgroeninge.be,UZ Groeninge,Nefrologie,chronische nierinsufficientie stadium 3,syndroom van Sjogren,Goldmann applanatie,M. Biceps caput longum,Trianal suppo,Atorstatine 20 mg,lintvormige stoelgang,22u,PRP,watchful waiting,,False,patient,patient,de heer,hij,zijn,"{'INSZ': 'dotted', 'RIZIV': 'dashed', 'IBAN': 'grouped', 'DATE_ENCOUNTER': 'dd-mm-yyyy', 'DATE_VALIDATION': 'dd/mm/yyyy', 'DATE_HISTORY': 'text_nl', 'DOB': 'degree', 'TELEFOON': 'intl_paren', 'TELEFOON_MOBILE': 'spaced', 'STREET': 'plain', 'AGE': 'jarige'}"
CASE000415,F,35-49,flemish,Antwerpen,Vlaanderen,town,Marleen Van Damme,dr. Wouter De Backer,dr. Marc Lambert,Geert Vermeulen,Broer,41-jarige,vrouw,16 mei 2026,16-05-2026,20/04/2020,°24-03-1985,85.03.24-154.59,6 58671 56 018,BE31441080909416,4331883845612572,Schoolring 119,2300,Turnhout,03 370 08 94,+32 476 32 04 26,marleen.vandamme@telenet.be,https://www.uzsintblasius.be,UZ Sint-Blasius,Oftalmologie,geen diabetische retinopathie,syndroom van Raynaud,Romberg negatief,M. Supraspinatus,Pantomed 40 mg,Glucagen hypokit,beers-teken afwezig,T 37.2,i.o.m.,shared decision making,,False,patient,patiente,mevrouw,zij,haar,"{'INSZ': 'dotted', 'RIZIV': 'spaced', 'IBAN': 'plain', 'DATE_ENCOUNTER': 'text_nl', 'DATE_VALIDATION': 'dd-mm-yyyy', 'DATE_HISTORY': 'dd/mm/yyyy', 'DOB': 'degree', 'TELEFOON': 'spaced', 'TELEFOON_MOBILE': 'intl', 'STREET': 'plain', 'AGE': 'jarige'}"
CASE000416,M,65-79,eastern_european,West-Vlaanderen,Vlaanderen,town,Piotr Novak,dr. Hilde De Smet,dr. Youssef Bouzid,Ionut Zielinski,Neef,72 jaar,man,01/05/2026,2 mei 2026,12/06/2025,°27.08.1953,53 08 27 203 59,7-79155-46-030,BE53582064253303,4102506668606739,Visserskaai 135 bus 12,8300,Knokke-Heist,058 33 15 03,0492654796,piotr.novak@proximus.be,https://www.uzvesalius.be,UZ Vesalius,Fysische Geneeskunde en revalidatie,subacromiale bursitis,syndroom van Guillain-Barre,Phalen-test,lig. Collaterale mediale,D-cure 25 000 ie,Nexiam 20 mg,beers-teken afwezig,3x,PTO,blurr-test,,False,patient,patient,de heer,hij,zijn,"{'INSZ': 'spaced', 'RIZIV': 'dashed', 'IBAN': 'plain', 'DATE_ENCOUNTER': 'dd/mm/yyyy', 'DATE_VALIDATION': 'text_nl', 'DATE_HISTORY': 'dd/mm/yyyy', 'DOB': 'degree', 'TELEFOON': 'spaced', 'TELEFOON_MOBILE': 'plain', 'STREET': 'bus', 'AGE': 'jaar'}"
CASE000417,F,35-49,flemish,Antwerpen,Vlaanderen,rural,Veerle Mertens,dr. Rosa Ferrari,dr. Nele Goossens,Jonas Claes,Oom,44 jaar,vrouw,15-04-2026,16/04/2026,09/03/2023,°08/06/1982,82.06.08-296.64,1-07573-97-007,BE19 6208 6471 6023,4223487493916607,Marktvest 147,2860,Sint-Katelijne-Waver,+32 2 027 36 63,0475449449,veerle.mertens@telenet.be,https://www.ziekenhuisgroeninge.be,Ziekenhuis Groeninge,Dermatologie,psoriasis vulgaris,manoeuvre van Valsalva,Humphrey - perimetrie,M. Biceps caput longum,Trianal suppo,Asaflow 80 mg,hamstringletsel links,0.5 mg,co,full range of motion,,False,patient,patiente,mevrouw,zij,haar,"{'INSZ': 'dotted', 'RIZIV': 'dashed', 'IBAN': 'grouped', 'DATE_ENCOUNTER': 'dd-mm-yyyy', 'DATE_VALIDATION': 'dd/mm/yyyy', 'DATE_HISTORY': 'dd/mm/yyyy', 'DOB': 'degree', 'TELEFOON': 'intl', 'TELEFOON_MOBILE': 'plain', 'STREET': 'plain', 'AGE': 'jaar'}"
CASE000418,M,80-95,turkish,Antwerpen,Vlaanderen,town,Cem Dogan,dr. Tolga Aydin,dr. Marleen Maes,Ayse Korkmaz,Tante,80 jaar,man,20-04-2026,20 apr 2026,12 maa 2020,°03-03-1946,46 03 03 961 33,9 08623 73 018,BE39118365979295,4784771988837431,Kerklei 180A,2300,Turnhout,03-878 05 28,0470/84.42.49,cem.dogan@proximus.be,https://www.azturnhout.be,AZ Turnhout,Gastro-enterologie,lichte chronische niet specifieke colitis,ziekte van Graves,Snellen 1,A. Radialis,Ventolin aerosol,Ozempic 1 mg,boomstructuur van de bronchi,300 ie/ml 1.5 ml,PRP,full range of motion,,False,patient,patient,de heer,hij,zijn,"{'INSZ': 'spaced', 'RIZIV': 'spaced', 'IBAN': 'plain', 'DATE_ENCOUNTER': 'dd-mm-yyyy', 'DATE_VALIDATION': 'text_abbr', 'DATE_HISTORY': 'text_abbr', 'DOB': 'degree', 'TELEFOON': 'dashed', 'TELEFOON_MOBILE': 'slash_dot', 'STREET': 'letter', 'AGE': 'jaar'}"
CASE000419,F,35-49,flemish,Oost-Vlaanderen,Vlaanderen,rural,Nele Van Acker,dr. Vasile Popescu,dr. Filip Wouters,Wouter Willems,Grootvader,37 jaar,vrouw,17 mei 2026,17/05/2026,19-02-2018,°18-09-1988,88.09.18-066.44,1-05357-82-003,BE68 3616 7737 9020,4586819004158934,Vijverhof 149/13,9500,Geraardsbergen,089 11 61 22,+32 483 05 96 30,nele.vanacker@skynet.be,https://www.azrivierenland.be,AZ Rivierenland,Gastro-enterologie,coeliakie,syndroom van Sjogren,teken van Tinel,M. Subscapularis,Diltiazemzalf 2%,Depakine chrono 500 mg,as 165 graden,1/d,ESWT,shared decision making,,False,patient,patiente,mevrouw,zij,haar,"{'INSZ': 'dotted', 'RIZIV': 'dashed', 'IBAN': 'grouped', 'DATE_ENCOUNTER': 'text_nl', 'DATE_VALIDATION': 'dd/mm/yyyy', 'DATE_HISTORY': 'dd-mm-yyyy', 'DOB': 'degree', 'TELEFOON': 'spaced', 'TELEFOON_MOBILE': 'intl', 'STREET': 'slash', 'AGE': 'jaar'}"
CASE000420,M,35-49,flemish,Antwerpen,Vlaanderen,rural,Wouter Van Damme,dr. Dirk Peeters,dr. Inge De Clercq,Katrien Lambert,Grootmoeder,46,man,2026-05-25,26.05.2026,19 jun 2017,°26-05-1980,80.05.26-303.50,7-37099-04-004,BE39 6889 1778 7483,4507196129332132,Visserslaan 183/18,2400,Mol,097170804,0474 76 26 90,wouter.vandamme@proximus.be,https://www.azgroeninge.be,AZ Groeninge,Dermatologie,atopisch eczeem,manoeuvre van Valsalva,teken van Tinel,M. Subscapularis,Lyumjev kwikpen,Atorstatine 20 mg,hamstringletsel links,2/d,PRP,shared decision making,,False,patient,patient,de heer,hij,zijn,"{'INSZ': 'dotted', 'RIZIV': 'dashed', 'IBAN': 'grouped', 'DATE_ENCOUNTER': 'yyyy-mm-dd', 'DATE_VALIDATION': 'dd.mm.yyyy', 'DATE_HISTORY': 'text_abbr', 'DOB': 'degree', 'TELEFOON': 'plain', 'TELEFOON_MOBILE': 'spaced', 'STREET': 'slash', 'AGE': 'bare'}"
CASE000421,F,65-79,eastern_european,Oost-Vlaanderen,Vlaanderen,urban,Svetlana Dimitrov,dr. Marleen De Backer,dr. Griet Maes,Zuzana Wisniewski,Zus,66-jarige,vrouw,17/04/2026,17/04/2026,19/06/2015,°16 oktober 1959,59.10.16-380.61,1-76999-26-030,BE39538236715425,4231459688910968,Hogeplein 57 bus 5,9000,Gent,019 99 33 02,0491/95.65.98,svetlana.dimitrov@telenet.be,https://www.azturnhout.be,AZ Turnhout,Gastro-enterologie,ulcus anastomoticum,manoeuvre van Valsalva,Phalen-test,V. Saphena magna,Atorstatine 20 mg,Nexiam 20 mg,molaire zwangerschap uitgesloten,1/d,i.o.m.,blurr-test,,False,patient,patiente,mevrouw,zij,haar,"{'INSZ': 'dotted', 'RIZIV': 'dashed', 'IBAN': 'plain', 'DATE_ENCOUNTER': 'dd/mm/yyyy', 'DATE_VALIDATION': 'dd/mm/yyyy', 'DATE_HISTORY': 'dd/mm/yyyy', 'DOB': 'degree', 'TELEFOON': 'spaced', 'TELEFOON_MOBILE': 'slash_dot', 'STREET': 'bus', 'AGE': 'jarige'}"
CASE000422,M,18-34,central_african,Brussel-Hoofdstad,Brussel,urban,Christian Mukendi,dr. Burak Celik,dr. Ayse Aydin,Blaise Kabongo,Neef,19 jaar,man,26-05-2026,28-05-2026,04-06-2016,°29/10/2006,06.10.29-897.10,4 69514 63 003,BE92 4459 0447 9407,4776253847669198,Kerkvest 257,1000,Brussel,053-90 74 29,0472391885,christian.mukendi@proximus.be,https://www.azturnhout.be,AZ Turnhout,Oftalmologie,open kamerhoek glaucoom,syndroom van Sjogren,Snellen 1,m. Infraspinatus,Sipralexa 20 mg,Nexiam 20 mg,lintvormige stoelgang,1 a 2 /d,co,watchful waiting,,False,patient,patient,de heer,hij,zijn,"{'INSZ': 'dotted', 'RIZIV': 'spaced', 'IBAN': 'grouped', 'DATE_ENCOUNTER': 'dd-mm-yyyy', 'DATE_VALIDATION': 'dd-mm-yyyy', 'DATE_HISTORY': 'dd-mm-yyyy', 'DOB': 'degree', 'TELEFOON': 'dashed', 'TELEFOON_MOBILE': 'plain', 'STREET': 'plain', 'AGE': 'jaar'}"
CASE000423,F,50-64,maghrebi,Oost-Vlaanderen,Vlaanderen,town,Sara El Amrani,dr. Lieve Van Acker,dr. Esther Kabongo,Khadija El Fassi,Tante,54-jarige,vrouw,01-05-2026,1/5/2026,04/03/2017,°01-12-1971,71.12.01-828.38,5-19452-80-030,BE20 7150 3954 2214,4858949617215051,Molendreef 203,9200,Dendermonde,014 31 25 24,+32 (0)476/43.19.43,sara.elamrani@skynet.be,https://www.jessaziekenhuis.be,Jessa Ziekenhuis,Endocrinologie,hypothyreoidie,ziekte van Von Willebrand,Bristol-schaal type 4,N. Medianus,L-thyroxine 50 mcg,Ozempic 1 mg,boomstructuur van de bronchi,1/w,APO,watchful waiting,,False,patient,patiente,mevrouw,zij,haar,"{'INSZ': 'dotted', 'RIZIV': 'dashed', 'IBAN': 'grouped', 'DATE_ENCOUNTER': 'dd-mm-yyyy', 'DATE_VALIDATION': 'd/m/yyyy', 'DATE_HISTORY': 'dd/mm/yyyy', 'DOB': 'degree', 'TELEFOON': 'spaced', 'TELEFOON_MOBILE': 'intl_paren', 'STREET': 'plain', 'AGE': 'jarige'}"
CASE000424,M,35-49,flemish,Antwerpen,Vlaanderen,rural,Jonas Goossens,dr. Jan Van Acker,dr. Stijn Wouters,Dirk Wouters,Broer,49,man,11/05/2026,11/05/2026,10/2016,°23/12/1976,76122392961,9-39236-15-007,BE26926342471655,4896355877452638,Kouterpark 78,2860,Sint-Katelijne-Waver,+32 89 81 81 00,0491 49 19 39,jonas.goossens@proximus.be,https://www.kliniekdevoorzorg.be,Kliniek De Voorzorg,Gastro-enterologie,status na gastric bypass (RYGB),teken van Lasegue,Glasgow Coma Scale 15,V. Saphena magna,Lyumjev kwikpen,Lambipol 100 mg,lintvormige stoelgang,FEV1/FVC 73.17,PPI,SSp testen positief,,False,patient,patient,de heer,hij,zijn,"{'INSZ': 'plain', 'RIZIV': 'dashed', 'IBAN': 'plain', 'DATE_ENCOUNTER': 'dd/mm/yyyy', 'DATE_VALIDATION': 'dd/mm/yyyy', 'DATE_HISTORY': 'mm/yyyy', 'DOB': 'degree', 'TELEFOON': 'intl', 'TELEFOON_MOBILE': 'spaced', 'STREET': 'plain', 'AGE': 'bare'}"
CASE000425,F,65-79,maghrebi,Limburg,Vlaanderen,rural,Amina Beers,dr. Piotr Dimitrov,dr. Stijn Dubois,Meryem Ouazzani,Grootmoeder,67-jarige,vrouw,28/04/2026,28/4/2026,11/09/2025,°03/03/1959,59.03.03-446.45,49813458030,BE85 0502 8801 6738,4414430106144521,Groenepark 154 bus 2,3700,Tongeren,016/68.59.31,0498 90 17 50,amina.beers@gmail.com,https://www.kliniekheilighart.be,Kliniek Heilig Hart,Orthopedie,carpaal tunnelsyndroom,syndroom van Raynaud,teken van Tinel,lig. Collaterale mediale,Nexiam 20 mg,Metformine viatris 500 mg,boomstructuur van de bronchi,12u,SSp,no evidence of malignancy,,True,patient,patiente,mevrouw,zij,haar,"{'INSZ': 'dotted', 'RIZIV': 'plain', 'IBAN': 'grouped', 'DATE_ENCOUNTER': 'dd/mm/yyyy', 'DATE_VALIDATION': 'd/m/yyyy', 'DATE_HISTORY': 'dd/mm/yyyy', 'DOB': 'degree', 'TELEFOON': 'slash_dot', 'TELEFOON_MOBILE': 'spaced', 'STREET': 'bus', 'AGE': 'jarige'}"
CASE000426,M,65-79,central_african,West-Vlaanderen,Vlaanderen,urban,Joseph Nkosi,dr. Rosa Moreira,dr. An Maes,Chantal Mukendi,Moeder,66-jarige,man,10 mei 2026,11 mei 2026,31 januari 2019,°30-06-1959,59 06 30 729 40,6-69101-05-018,BE16 6090 8530 2148,4223954807047312,Weversteenweg 48,8000,Brugge,057/94.37.63,0488-36 74 05,joseph.nkosi@proximus.be,https://www.ziekenhuisdamiaan.be,Ziekenhuis Damiaan,Oftalmologie,geen diabetische retinopathie,syndroom van Cushing,Glasgow Coma Scale 15,M. Supraspinatus,Sipralexa 20 mg,Diltiazemzalf 2%,lintvormige stoelgang,BD: 146/68,tvv,full range of motion,,False,patient,patient,de heer,hij,zijn,"{'INSZ': 'spaced', 'RIZIV': 'dashed', 'IBAN': 'grouped', 'DATE_ENCOUNTER': 'text_abbr', 'DATE_VALIDATION': 'text_abbr', 'DATE_HISTORY': 'text_nl', 'DOB': 'degree', 'TELEFOON': 'slash_dot', 'TELEFOON_MOBILE': 'dashed', 'STREET': 'plain', 'AGE': 'jarige'}"
CASE000427,F,50-64,flemish,West-Vlaanderen,Vlaanderen,town,Nele Lambert,dr. Pieter Van den Berghe,dr. Tomasz Kaminski,Bart Declercq,Vader,50 jaar,vrouw,20/05/2026,20 mei 2026,28 apr 2019,°17-02-1976,76.02.17-516.02,53551324006,BE31 6119 5021 0361,4435849811846515,Wilgendries 69,8400,Oostende,055 92 06 66,0478 69 45 29,nele.lambert@skynet.be,https://www.uzrivierenland.be,UZ Rivierenland,Gynaecologie,myomateuze uterus,syndroom van Raynaud,Jaeger transfertest,m. Infraspinatus,Asaflow 80 mg,Sipralexa 20 mg,boomstructuur van de bronchi,25 000 ie,z.n.,watchful waiting,,False,patient,patiente,mevrouw,zij,haar,"{'INSZ': 'dotted', 'RIZIV': 'plain', 'IBAN': 'grouped', 'DATE_ENCOUNTER': 'dd/mm/yyyy', 'DATE_VALIDATION': 'text_nl', 'DATE_HISTORY': 'text_abbr', 'DOB': 'degree', 'TELEFOON': 'spaced', 'TELEFOON_MOBILE': 'spaced', 'STREET': 'plain', 'AGE': 'jaar'}"
CASE000428,M,65-79,flemish,Antwerpen,Vlaanderen,rural,Geert Verhoeven,dr. Veerle Coppens,dr. Inge Coppens,Katrien Van Acker,Zus,65-jarige,man,27-04-2026,29-04-2026,23-04-2017,°15/06/1960,60.06.15-199.71,8-22833-18-030,BE38 6328 0525 0975,4723399076150014,Gaverplein 251 bus 6,2860,Sint-Katelijne-Waver,051/17.49.19,0498710370,geert.verhoeven@telenet.be,https://www.znamiddelheim.be,ZNA Middelheim,Oftalmologie,cataract incipiens bilateraal,ziekte van Crohn,Goldmann applanatie,m. Infraspinatus,Ozempic 1 mg,Nexiam 20 mg,beers-teken afwezig,1/d,OD,SSp testen positief,,False,patient,patient,de heer,hij,zijn,"{'INSZ': 'dotted', 'RIZIV': 'dashed', 'IBAN': 'grouped', 'DATE_ENCOUNTER': 'dd-mm-yyyy', 'DATE_VALIDATION': 'dd-mm-yyyy', 'DATE_HISTORY': 'dd-mm-yyyy', 'DOB': 'degree', 'TELEFOON': 'slash_dot', 'TELEFOON_MOBILE': 'plain', 'STREET': 'bus', 'AGE': 'jarige'}"
CASE000429,F,18-34,flemish,Vlaams-Brabant,Vlaanderen,town,Marleen Van Acker,dr. Rik Van den Berghe,dr. Marleen De Clercq,Hilde Declercq,Moeder,26-jarige,vrouw,23-05-2026,24/05/2026,09/09/2015,°15/03/2000,00.03.15-028.57,4 99948 87 480,BE53 4190 6981 9661,4793277011549174,Kouterbaan 199/12,1800,Vilvoorde,03-058 69 97,0478 46 79 60,marleen.vanacker@gmail.com,https://www.algemeenziekenhuisvesalius.be,Algemeen Ziekenhuis Vesalius,Dermatologie,psoriasis vulgaris,syndroom van Sjogren,Bristol-schaal type 4,M. Subscapularis,Depakine chrono 500 mg,Asaflow 80 mg,as 165 graden,300 ie/ml 1.5 ml,OS,full range of motion,,False,patient,patiente,mevrouw,zij,haar,"{'INSZ': 'dotted', 'RIZIV': 'spaced', 'IBAN': 'grouped', 'DATE_ENCOUNTER': 'dd-mm-yyyy', 'DATE_VALIDATION': 'dd/mm/yyyy', 'DATE_HISTORY': 'dd/mm/yyyy', 'DOB': 'degree', 'TELEFOON': 'dashed', 'TELEFOON_MOBILE': 'spaced', 'STREET': 'slash', 'AGE': 'jarige'}"
CASE000430,M,65-79,maghrebi,West-Vlaanderen,Vlaanderen,urban,Youssef De Boom,dr. Sofie Lambert,dr. Hilde Claes,Anas El Habti,Broer,78-jarige,man,27-04-2026,27.04.2026,20 nov 2023,°9 sep 1947,47 09 09 505 81,7-89808-63-030,BE36 8842 6943 1127,4290848965394508,Marktberg 136,8500,Kortrijk,053534745,0496 81 16 32,youssef.deboom@skynet.be,https://www.uzmariamiddelares.be,UZ Maria Middelares,Oftalmologie,droge maculadegeneratie,syndroom van Guillain-Barre,teken van Tinel,m. Deltoideus,Diltiazemzalf 2%,Atorstatine 20 mg,lintvormige stoelgang,300 ie/ml 1.5 ml,RYGB,SSp testen positief,,True,patient,patient,de heer,hij,zijn,"{'INSZ': 'spaced', 'RIZIV': 'dashed', 'IBAN': 'grouped', 'DATE_ENCOUNTER': 'dd-mm-yyyy', 'DATE_VALIDATION': 'dd.mm.yyyy', 'DATE_HISTORY': 'text_abbr', 'DOB': 'degree', 'TELEFOON': 'plain', 'TELEFOON_MOBILE': 'spaced', 'STREET': 'plain', 'AGE': 'jarige'}"
CASE000431,F,18-34,southern_european,Antwerpen,Vlaanderen,town,Rosa Esposito,dr. Hilde Verhoeven,dr. An Van Damme,Marco Silva,Broer,29-jarige,vrouw,06.05.2026,06-05-2026,14/09/2017,°11-08-1996,96.08.11-724.48,3-70079-73-003,BE08 1130 1874 0393,4094101027607816,Molenweg 209,2500,Lier,09-466 03 32,0476 73 79 60,rosa.esposito@proximus.be,https://www.uzsintjozef.be,UZ Sint-Jozef,Gastro-enterologie,refluxoesofagitis graad B,ziekte van Crohn,Phalen-test,m. Deltoideus,Ventolin aerosol,Metformine viatris 500 mg,lintvormige stoelgang,100 e/ml 3 ml,nle,blurr-test,,False,patient,patiente,mevrouw,zij,haar,"{'INSZ': 'dotted', 'RIZIV': 'dashed', 'IBAN': 'grouped', 'DATE_ENCOUNTER': 'dd.mm.yyyy', 'DATE_VALIDATION': 'dd-mm-yyyy', 'DATE_HISTORY': 'dd/mm/yyyy', 'DOB': 'degree', 'TELEFOON': 'dashed', 'TELEFOON_MOBILE': 'spaced', 'STREET': 'plain', 'AGE': 'jarige'}"
CASE000432,M,80-95,flemish,Vlaams-Brabant,Vlaanderen,rural,Kris De Clercq,dr. Ana Fernandez,dr. Wouter Peeters,Bart Vermeulen,Zoon,80-jarige,man,17 mei 2026,18 mei 2026,03.07.2025,°03-02-1946,46020334362,5-53732-41-480,BE12528540662162,4651064070783840,Hogedreef 82,3200,Aarschot,04 133 76 87,0496/64.99.01,kris.declercq@gmail.com,https://www.algemeenziekenhuismariamiddelares.be,Algemeen Ziekenhuis Maria Middelares,Gastro-enterologie,ulcus anastomoticum,teken van Lasegue,Schirmer-test,V. Saphena magna,Lambipol 100 mg,Asaflow 80 mg,boomstructuur van de bronchi,22u,co,shared decision making,,False,patient,patient,de heer,hij,zijn,"{'INSZ': 'plain', 'RIZIV': 'dashed', 'IBAN': 'plain', 'DATE_ENCOUNTER': 'text_abbr', 'DATE_VALIDATION': 'text_nl', 'DATE_HISTORY': 'dd.mm.yyyy', 'DOB': 'degree', 'TELEFOON': 'spaced', 'TELEFOON_MOBILE': 'slash_dot', 'STREET': 'plain', 'AGE': 'jarige'}"
CASE000433,F,50-64,southern_european,Limburg,Vlaanderen,town,Maria Silva,dr. Khadija El Fassi,dr. Kris Jacobs,Carmela Garcia,Grootmoeder,56 jaar,vrouw,13 mei 2026,15 mei 2026,21/11/2024,°25-12-1969,69.12.25 640 46,6-26988-20-008,BE59 2875 4018 0630,4633092356540306,Bloemlaan 162,3600,Genk,04 269 90 15,0456830416,maria.silva@gmail.com,https://www.algemeenziekenhuisonzelievevrouw.be,Algemeen Ziekenhuis Onze-Lieve-Vrouw,Oftalmologie,droge maculadegeneratie,manoeuvre van Valsalva,Bristol-schaal type 4,m. Infraspinatus,Progor retard 180 mg,Metformine viatris 500 mg,beeld passend bij bursitis,8u,tvv,blurr-test,,False,patient,patiente,mevrouw,zij,haar,"{'INSZ': 'mixed', 'RIZIV': 'dashed', 'IBAN': 'grouped', 'DATE_ENCOUNTER': 'text_abbr', 'DATE_VALIDATION': 'text_abbr', 'DATE_HISTORY': 'dd/mm/yyyy', 'DOB': 'degree', 'TELEFOON': 'spaced', 'TELEFOON_MOBILE': 'plain', 'STREET': 'plain', 'AGE': 'jaar'}"
CASE000434,M,0-17,southern_european,Oost-Vlaanderen,Vlaanderen,town,Rafael Costa,dr. Agnieszka Kowalski,dr. Luc De Backer,Elena Costa,Moeder,4,man,25-05-2026,26-05-2026,04/12/2019,º12 jul 2021,21.07.12 991 41,1-58631-61-018,BE49581097572036,4295185255768819,Zonnedries 112,9700,Oudenaarde,04 538 15 18,0474/86.24.97,rafael.costa@proximus.be,https://www.azgroeninge.be,AZ Groeninge,Urologie,epididymitis links,ziekte van Graves,Barthel-index 90,M. Biceps caput longum,L-thyroxine 50 mcg,Atorstatine 20 mg,beers-teken afwezig,3x/week,ivm,watchful waiting,,False,patient,patient,de heer,hij,zijn,"{'INSZ': 'mixed', 'RIZIV': 'dashed', 'IBAN': 'plain', 'DATE_ENCOUNTER': 'dd-mm-yyyy', 'DATE_VALIDATION': 'dd-mm-yyyy', 'DATE_HISTORY': 'dd/mm/yyyy', 'DOB': 'masc_ordinal', 'TELEFOON': 'spaced', 'TELEFOON_MOBILE': 'slash_dot', 'STREET': 'plain', 'AGE': 'bare'}"
CASE000435,F,65-79,central_african,Oost-Vlaanderen,Vlaanderen,town,Josiane Tshibangu,dr. Hilde Coppens,dr. Fatima El Fassi,Mireille Mukendi,Nicht,70-jarige,vrouw,10/05/2026,2026-05-10,23/02/2023,°01-02-1956,56 02 01 956 10,9-91996-23-030,BE21 3795 0808 5736,4937979007045599,Marktkaai 189,9100,Sint-Niklaas,09/777.45.92,0496/15.16.27,josiane.tshibangu@proximus.be,https://www.azmariamiddelares.be,AZ Maria Middelares,Reumatologie,osteoporose,teken van Lasegue,Schirmer-test,A. Radialis,Pantomed 40 mg,Metformine viatris 500 mg,geel verkleurde sclerae,3x,ivm,blurr-test,,False,patient,patiente,mevrouw,zij,haar,"{'INSZ': 'spaced', 'RIZIV': 'dashed', 'IBAN': 'grouped', 'DATE_ENCOUNTER': 'dd/mm/yyyy', 'DATE_VALIDATION': 'yyyy-mm-dd', 'DATE_HISTORY': 'dd/mm/yyyy', 'DOB': 'degree', 'TELEFOON': 'slash_dot', 'TELEFOON_MOBILE': 'slash_dot', 'STREET': 'plain', 'AGE': 'jarige'}"
CASE000436,M,50-64,flemish,Antwerpen,Vlaanderen,urban,Wim Coppens,dr. Bart De Clercq,dr. An Van den Berghe,Lieve Van Damme,Zus,62 jaar,man,15/04/2026,16/04/2026,14-04-2021,°1963-10-06,63.10.06-837.85,4 85685 91 004,BE45690173029843,4895049108604312,Bergpad 53 bus 14,2018,Antwerpen,04 562 16 83,0499-84 61 89,wim.coppens@gmail.com,https://www.azsintblasius.be,AZ Sint-Blasius,Fysische Geneeskunde en revalidatie,supraspinatuspeestendinose bilateraal,ziekte van Crohn,teken van Tinel,N. Medianus,Paracetamol 1 g,Injectafer 1000 mg,beers-teken afwezig,HR: 68,NSAID,Painful arc beiderzijds +,,False,patient,patient,de heer,hij,zijn,"{'INSZ': 'dotted', 'RIZIV': 'spaced', 'IBAN': 'plain', 'DATE_ENCOUNTER': 'dd/mm/yyyy', 'DATE_VALIDATION': 'dd/mm/yyyy', 'DATE_HISTORY': 'dd-mm-yyyy', 'DOB': 'degree', 'TELEFOON': 'spaced', 'TELEFOON_MOBILE': 'dashed', 'STREET': 'bus', 'AGE': 'jaar'}"
CASE000437,F,50-64,flemish,Oost-Vlaanderen,Vlaanderen,rural,Nele Van Acker,dr. Youssef Alaoui,dr. Adil Bennani,Inge Declercq,Grootmoeder,59 jaar,vrouw,23/5/2026,23/5/2026,17 september 2021,°24 nov 1966,66.11.24-612.34,1-82081-85-004,BE22 4041 9089 7681,4384478167663422,Beekplein 23,9400,Ninove,057902038,0487-66 21 83,nele.vanacker@telenet.be,https://www.algemeenziekenhuissintrembert.be,Algemeen Ziekenhuis Sint-Rembert,Gastro-enterologie,lichte chronische niet specifieke colitis,teken van Lasegue,Goldmann applanatie,m. Deltoideus,Ventolin aerosol,D-cure 25 000 ie,peervormige galblaas,BD: 146/68,NSAID,watchful waiting,,False,patient,patiente,mevrouw,zij,haar,"{'INSZ': 'dotted', 'RIZIV': 'dashed', 'IBAN': 'grouped', 'DATE_ENCOUNTER': 'd/m/yyyy', 'DATE_VALIDATION': 'd/m/yyyy', 'DATE_HISTORY': 'text_nl', 'DOB': 'degree', 'TELEFOON': 'plain', 'TELEFOON_MOBILE': 'dashed', 'STREET': 'plain', 'AGE': 'jaar'}"
CASE000438,M,50-64,flemish,Limburg,Vlaanderen,rural,Stijn Wouters,dr. Bart Van Damme,dr. Tine Goossens,Veerle Verhoeven,Nicht,57 jaar,man,15/04/2026,2026-04-17,30/7/2019,°12/11/1968,68.11.12 625 35,6-93995-40-006,BE68426537926991,4649666811822920,Hoevesteenweg 157,3630,Maasmechelen,09-642 39 40,0493 48 74 97,stijn.wouters@skynet.be,https://www.ziekenhuissintblasius.be,Ziekenhuis Sint-Blasius,Gastro-enterologie,refluxoesofagitis graad B,ziekte van Hashimoto,Bristol-schaal type 4,M. Subscapularis,Metformine viatris 500 mg,Sipralexa 20 mg,beers-teken afwezig,100 e/ml 3 ml,PPI,blurr-test,,False,patient,patient,de heer,hij,zijn,"{'INSZ': 'mixed', 'RIZIV': 'dashed', 'IBAN': 'plain', 'DATE_ENCOUNTER': 'dd/mm/yyyy', 'DATE_VALIDATION': 'yyyy-mm-dd', 'DATE_HISTORY': 'd/m/yyyy', 'DOB': 'degree', 'TELEFOON': 'dashed', 'TELEFOON_MOBILE': 'spaced', 'STREET': 'plain', 'AGE': 'jaar'}"
CASE000439,F,35-49,flemish,Oost-Vlaanderen,Vlaanderen,rural,Marleen Boom,dr. Bilal El Fassi,dr. Veerle Van Damme,Marleen Dubois,Moeder,38-jarige,vrouw,21-04-2026,22 april 2026,22/01/2018,°1987-06-11,87061166895,9-59251-79-018,BE89884014541527,4442004218674711,Kouterring 198,9400,Ninove,050 49 43 63,0471 47 52 13,marleen.boom@proximus.be,https://www.ziekenhuisvesalius.be,Ziekenhuis Vesalius,Algemene Heelkunde,ziekte van Von Willebrand,ziekte van Parkinson,Snellen 1,M. Supraspinatus,Ozempic 1 mg,D-cure 25 000 ie,geel verkleurde sclerae,4.95*,co,SSp testen positief,,True,patient,patiente,mevrouw,zij,haar,"{'INSZ': 'plain', 'RIZIV': 'dashed', 'IBAN': 'plain', 'DATE_ENCOUNTER': 'dd-mm-yyyy', 'DATE_VALIDATION': 'text_nl', 'DATE_HISTORY': 'dd/mm/yyyy', 'DOB': 'degree', 'TELEFOON': 'spaced', 'TELEFOON_MOBILE': 'spaced', 'STREET': 'plain', 'AGE': 'jarige'}"
CASE000440,M,65-79,flemish,Antwerpen,Vlaanderen,urban,Tom De Backer,dr. Stijn Claes,dr. Angelo Garcia,Bart Van Damme,Broer,77-jarige,man,14-04-2026,16-04-2026,15 maa 2025,°7 december 1948,48.12.07-099.07,1-01639-17-030,BE73 8202 6017 0786,4830407751306106,Oudepark 23B,2000,Antwerpen,09 599 05 27,0475/44.78.79,tom.debacker@skynet.be,https://www.uzsintrembert.be,UZ Sint-Rembert,NKO,chronische rhinosinusitis,ziekte van Parkinson,Humphrey - perimetrie,A. Radialis,Diltiazemzalf 2%,Cose protect,lintvormige stoelgang,BD: 146/68,OS,shared decision making,,False,patient,patient,de heer,hij,zijn,"{'INSZ': 'dotted', 'RIZIV': 'dashed', 'IBAN': 'grouped', 'DATE_ENCOUNTER': 'dd-mm-yyyy', 'DATE_VALIDATION': 'dd-mm-yyyy', 'DATE_HISTORY': 'text_abbr', 'DOB': 'degree', 'TELEFOON': 'spaced', 'TELEFOON_MOBILE': 'slash_dot', 'STREET': 'letter', 'AGE': 'jarige'}"
CASE000441,F,65-79,flemish,Vlaams-Brabant,Vlaanderen,urban,Lieve Tinel,dr. Pieter De Smet,dr. Bart Vermeulen,Geert Janssens,Zoon,66 jaar,vrouw,14-05-2026,14/05/2026,25/04/2021,°29.10.1959,59.10.29-992.29,4-73086-80-018,BE86 0236 6609 6769,4571121816793231,Weverweg 129,3000,Leuven,+32 (0)11/27.51.00,0484/95.87.55,lieve.tinel@proximus.be,https://www.azturnhout.be,AZ Turnhout,Fysische Geneeskunde en revalidatie,laterale epicondylitis rechts,ziekte van Dupuytren,Goldmann applanatie,M. Supraspinatus,L-thyroxine 50 mcg,Asaflow 80 mg,molaire zwangerschap uitgesloten,22u,co,SSp testen positief,,True,patient,patiente,mevrouw,zij,haar,"{'INSZ': 'dotted', 'RIZIV': 'dashed', 'IBAN': 'grouped', 'DATE_ENCOUNTER': 'dd-mm-yyyy', 'DATE_VALIDATION': 'dd/mm/yyyy', 'DATE_HISTORY': 'dd/mm/yyyy', 'DOB': 'degree', 'TELEFOON': 'intl_paren', 'TELEFOON_MOBILE': 'slash_dot', 'STREET': 'plain', 'AGE': 'jaar'}"
CASE000442,M,65-79,southern_european,Limburg,Vlaanderen,town,Angelo Fernandez,dr. Wim Jacobs,dr. Mohamed Ouazzani,Ana Garcia,Tante,66-jarige,man,07/05/2026,09/05/2026,16-02-2018,º1959-11-12,59111214733,8-55755-76-003,BE60 0743 2263 5963,4437702170470120,Oudevest 157/4,3800,Sint-Truiden,09 330 57 54,+32 496 06 00 73,angelo.fernandez@proximus.be,https://www.azgroeninge.be,AZ Groeninge,Orthopedie,carpaal tunnelsyndroom,syndroom van Cushing,Barthel-index 90,M. Subscapularis,Diltiazemzalf 2%,Paracetamol 1 g,boomstructuur van de bronchi,12u,nle,Painful arc beiderzijds +,,False,patient,patient,de heer,hij,zijn,"{'INSZ': 'plain', 'RIZIV': 'dashed', 'IBAN': 'grouped', 'DATE_ENCOUNTER': 'dd/mm/yyyy', 'DATE_VALIDATION': 'dd/mm/yyyy', 'DATE_HISTORY': 'dd-mm-yyyy', 'DOB': 'masc_ordinal', 'TELEFOON': 'spaced', 'TELEFOON_MOBILE': 'intl', 'STREET': 'slash', 'AGE': 'jarige'}"
CASE000443,F,65-79,flemish,Antwerpen,Vlaanderen,urban,Femke De Clercq,dr. Griet Van Damme,dr. Ionut Kowalski,Marc Lambert,Vader,73,vrouw,21 april 2026,2026-04-21,26/01/2017,°18/9/1952,52091825470,8-52326-13-004,BE17 6463 4158 0013,4785622719260261,Beekberg 148,2000,Antwerpen,053 25 93 57,0488484700,femke.declercq@telenet.be,https://www.algemeenziekenhuissintrembert.be,Algemeen Ziekenhuis Sint-Rembert,Neurologie,perifere polyneuropathie,ziekte van Crohn,Glasgow Coma Scale 15,A. Radialis,Ventolin aerosol,Asaflow 80 mg,geel verkleurde sclerae,1/d,PTO,full range of motion,,False,patient,patiente,mevrouw,zij,haar,"{'INSZ': 'plain', 'RIZIV': 'dashed', 'IBAN': 'grouped', 'DATE_ENCOUNTER': 'text_nl', 'DATE_VALIDATION': 'yyyy-mm-dd', 'DATE_HISTORY': 'dd/mm/yyyy', 'DOB': 'degree', 'TELEFOON': 'spaced', 'TELEFOON_MOBILE': 'plain', 'STREET': 'plain', 'AGE': 'bare'}"
CASE000444,M,50-64,flemish,Brussel-Hoofdstad,Brussel,urban,Luc Janssens,dr. Wim Van Damme,dr. Adil El Amrani,Femke De Clercq,Nicht,51 jaar,man,27/04/2026,27-04-2026,28/10/2024,°1974-08-22,74.08.22-715.41,5-04432-65-006,BE55 1121 0103 7485,4925007516748679,Abdijhof 206 bus 17,1000,Brussel,089/22.05.13,+32 477 93 72 94,luc.janssens@skynet.be,https://www.algemeenziekenhuismariamiddelares.be,Algemeen Ziekenhuis Maria Middelares,Nefrologie,chronische nierinsufficientie stadium 3,ziekte van Graves,Glasgow Coma Scale 15,m. Infraspinatus,Diltiazemzalf 2%,Lyumjev kwikpen,geel verkleurde sclerae,100 e/ml 3 ml,nle,SSp testen positief,,False,patient,patient,de heer,hij,zijn,"{'INSZ': 'dotted', 'RIZIV': 'dashed', 'IBAN': 'grouped', 'DATE_ENCOUNTER': 'dd/mm/yyyy', 'DATE_VALIDATION': 'dd-mm-yyyy', 'DATE_HISTORY': 'd/m/yyyy', 'DOB': 'degree', 'TELEFOON': 'slash_dot', 'TELEFOON_MOBILE': 'intl', 'STREET': 'bus', 'AGE': 'jaar'}"
CASE000445,F,80-95,flemish,Vlaams-Brabant,Vlaanderen,urban,Inge Van Acker,dr. Ana Romano,dr. Nele Van Acker,Dirk Willems,Oom,89-jarige,vrouw,19-05-2026,19 mei 2026,21.05.2016,°13/08/1936,36.08.13-064.67,8-30887-15-030,BE81 2830 0423 7522,4552620294874788,Bakkerdreef 77,3000,Leuven,023878305,+32 489 16 65 94,inge.vanacker@telenet.be,https://www.azklina.be,AZ Klina,Neurologie,migraine met aura,ziekte van Crohn,Jaeger transfertest,V. Saphena magna,Toujeo solostar,Sipralexa 20 mg,boomstructuur van de bronchi,BD: 146/68,i.o.m.,Painful arc beiderzijds +,,False,patient,patiente,mevrouw,zij,haar,"{'INSZ': 'dotted', 'RIZIV': 'dashed', 'IBAN': 'grouped', 'DATE_ENCOUNTER': 'dd-mm-yyyy', 'DATE_VALIDATION': 'text_abbr', 'DATE_HISTORY': 'dd.mm.yyyy', 'DOB': 'degree', 'TELEFOON': 'plain', 'TELEFOON_MOBILE': 'intl', 'STREET': 'plain', 'AGE': 'jarige'}"
CASE000446,M,50-64,central_african,Oost-Vlaanderen,Vlaanderen,rural,Joseph Kalala,dr. An Goossens,dr. Femke Lambert,Grace Tshibangu,Nicht,52-jarige,man,28/04/2026,30 apr 2026,16/05/2018,°01-04-1974,74.04.01-577.05,18270939480,BE54 2246 2960 5319,4629433916867084,Oudeweg 155,9600,Ronse,+32 3 720 94 80,+32 (0)476/48.75.89,joseph.kalala@proximus.be,https://www.klinieknikolaas.be,Kliniek Nikolaas,Pneumologie,obstructief slaapapneusyndroom,ziekte van Graves,Snellen 1,A. Radialis,Cose protect,Metformine viatris 500 mg,boomstructuur van de bronchi,4.95*,ODS,SSp testen positief,,False,patient,patient,de heer,hij,zijn,"{'INSZ': 'dotted', 'RIZIV': 'plain', 'IBAN': 'grouped', 'DATE_ENCOUNTER': 'dd/mm/yyyy', 'DATE_VALIDATION': 'text_abbr', 'DATE_HISTORY': 'dd/mm/yyyy', 'DOB': 'degree', 'TELEFOON': 'intl', 'TELEFOON_MOBILE': 'intl_paren', 'STREET': 'plain', 'AGE': 'jarige'}"
CASE000447,F,18-34,flemish,Oost-Vlaanderen,Vlaanderen,urban,Lore Claes,dr. Dirk Peeters,dr. Rik De Backer,Koen Van Acker,Grootvader,20-jarige,vrouw,15/05/2026,15-05-2026,09/04/2017,°20 maa 2006,06.03.20-460.86,4-36550-47-007,BE98337278066768,4692239407173433,Oudedreef 46,9000,Gent,015/62.45.54,+32 (0)475/00.22.15,lore.claes@proximus.be,https://www.algemeenziekenhuissintrembert.be,Algemeen Ziekenhuis Sint-Rembert,Gastro-enterologie,coeliakie,ziekte van Bechterew,Phalen-test,M. Biceps caput longum,Trianal suppo,Ozempic 1 mg,hamstringletsel links,100 e/ml 3 ml,PRP,watchful waiting,,False,patient,patiente,mevrouw,zij,haar,"{'INSZ': 'dotted', 'RIZIV': 'dashed', 'IBAN': 'plain', 'DATE_ENCOUNTER': 'dd/mm/yyyy', 'DATE_VALIDATION': 'dd-mm-yyyy', 'DATE_HISTORY': 'dd/mm/yyyy', 'DOB': 'degree', 'TELEFOON': 'slash_dot', 'TELEFOON_MOBILE': 'intl_paren', 'STREET': 'plain', 'AGE': 'jarige'}"
CASE000448,M,50-64,turkish,Oost-Vlaanderen,Vlaanderen,town,Emre Mol,dr. Wouter Mertens,dr. Bart Peeters,Esra Demir,Zus,62-jarige,man,07-05-2026,8 mei 2026,17/01/2025,°25 aug 1963,63.08.25-447.85,36538712004,BE90 8054 2998 3943,4524922191142995,Abdijpad 63,9200,Dendermonde,012565817,0473/85.47.93,emre.mol@proximus.be,https://www.azzeepreventorium.be,AZ Zeepreventorium,Nefrologie,chronische nierinsufficientie stadium 3,teken van Lasegue,Humphrey - perimetrie,m. Deltoideus,Glucagen hypokit,Nexiam 20 mg,beeld passend bij bursitis,1/w,APO,shared decision making,,True,patient,patient,de heer,hij,zijn,"{'INSZ': 'dotted', 'RIZIV': 'plain', 'IBAN': 'grouped', 'DATE_ENCOUNTER': 'dd-mm-yyyy', 'DATE_VALIDATION': 'text_nl', 'DATE_HISTORY': 'dd/mm/yyyy', 'DOB': 'degree', 'TELEFOON': 'plain', 'TELEFOON_MOBILE': 'slash_dot', 'STREET': 'plain', 'AGE': 'jarige'}"
CASE000449,F,35-49,flemish,Oost-Vlaanderen,Vlaanderen,rural,Sofie De Smet,dr. Sofia Ferrari,dr. Bart Peeters,Els Mertens,Dochter,46-jarige,vrouw,19/04/2026,21-04-2026,2 jul 2018,°18.08.1979,79.08.18-634.56,6 27639 48 030,BE57 4011 6388 5078,4231568234284023,Vijversteenweg 76,9600,Ronse,+32 9 449 15 32,0490 83 03 12,sofie.desmet@skynet.be,https://www.ziekenhuisheilighart.be,Ziekenhuis Heilig Hart,Gastro-enterologie,ferriprieve anaemie,syndroom van Cushing,Schirmer-test,A. Radialis,Toujeo solostar,Sipralexa 20 mg,lintvormige stoelgang,1/w,PTO,shared decision making,,False,patient,patiente,mevrouw,zij,haar,"{'INSZ': 'dotted', 'RIZIV': 'spaced', 'IBAN': 'grouped', 'DATE_ENCOUNTER': 'dd/mm/yyyy', 'DATE_VALIDATION': 'dd-mm-yyyy', 'DATE_HISTORY': 'text_abbr', 'DOB': 'degree', 'TELEFOON': 'intl', 'TELEFOON_MOBILE': 'spaced', 'STREET': 'plain', 'AGE': 'jarige'}"
CASE000450,M,80-95,flemish,Antwerpen,Vlaanderen,rural,Tom De Clercq,dr. Selin Arslan,dr. Kris Declercq,Lore Declercq,Nicht,90 jaar,man,03/05/2026,04/05/2026,26 mei 2022,º11/02/1936,36 02 11 499 38,2-40607-50-004,BE30 4897 9685 5878,4392763985238188,Abdijplein 150 bus 18,2400,Mol,057 24 72 54,+32 484 37 08 55,tom.declercq@skynet.be,https://www.jessaziekenhuis.be,Jessa Ziekenhuis,Reumatologie,osteoporose,ziekte van Dupuytren,Glasgow Coma Scale 15,M. Supraspinatus,Sipralexa 20 mg,Ibuprofen 400 mg,boomstructuur van de bronchi,BMI 20.808,NSAID,shared decision making,,False,patient,patient,de heer,hij,zijn,"{'INSZ': 'spaced', 'RIZIV': 'dashed', 'IBAN': 'grouped', 'DATE_ENCOUNTER': 'dd/mm/yyyy', 'DATE_VALIDATION': 'dd/mm/yyyy', 'DATE_HISTORY': 'text_nl', 'DOB': 'masc_ordinal', 'TELEFOON': 'spaced', 'TELEFOON_MOBILE': 'intl', 'STREET': 'bus', 'AGE': 'jaar'}"
CASE000451,F,50-64,flemish,Vlaams-Brabant,Vlaanderen,town,Marleen Goossens,dr. Leen Maes,dr. Leen Maes,Koen Coppens,Neef,56,vrouw,17-05-2026,19/05/2026,02.12.2024,º10 okt 1969,69.10.10 320 26,8 41457 18 480,BE88 0632 2155 2909,4595194845422595,Marktstraat 241,1500,Halle,089/99.63.57,+32 486 90 53 16,marleen.goossens@proximus.be,https://www.ziekenhuissintrembert.be,Ziekenhuis Sint-Rembert,NKO,chronische rhinosinusitis,ziekte van Graves,Humphrey - perimetrie,M. Supraspinatus,Lambipol 100 mg,Atorstatine 20 mg,molaire zwangerschap uitgesloten,-0.25 ^ -0.25 as 165 graden,SSp,SSp testen positief,,False,patient,patiente,mevrouw,zij,haar,"{'INSZ': 'mixed', 'RIZIV': 'spaced', 'IBAN': 'grouped', 'DATE_ENCOUNTER': 'dd-mm-yyyy', 'DATE_VALIDATION': 'dd/mm/yyyy', 'DATE_HISTORY': 'dd.mm.yyyy', 'DOB': 'masc_ordinal', 'TELEFOON': 'slash_dot', 'TELEFOON_MOBILE': 'intl', 'STREET': 'plain', 'AGE': 'bare'}"
CASE000452,M,50-64,maghrebi,Antwerpen,Vlaanderen,urban,Mehdi Benali,dr. Lore De Smet,dr. Koen Goossens,Mehdi Bennani,Zoon,53-jarige,man,7 mei 2026,09/05/2026,2025-06-17,º11 december 1972,72 12 11 509 78,24927713006,BE54 2844 8685 6430,4521127596373111,Groenehof 250,2018,Antwerpen,022817189,0491-96 29 45,mehdi.benali@proximus.be,https://www.klinieksintrembert.be,Kliniek Sint-Rembert,Gastro-enterologie,anale fissuur,manoeuvre van Valsalva,Goldmann applanatie,M. Supraspinatus,Glucagen hypokit,Asaflow 80 mg,beers-teken afwezig,300 ie/ml 1.5 ml,antec.,blurr-test,,False,patient,patient,de heer,hij,zijn,"{'INSZ': 'spaced', 'RIZIV': 'plain', 'IBAN': 'grouped', 'DATE_ENCOUNTER': 'text_abbr', 'DATE_VALIDATION': 'dd/mm/yyyy', 'DATE_HISTORY': 'yyyy-mm-dd', 'DOB': 'masc_ordinal', 'TELEFOON': 'plain', 'TELEFOON_MOBILE': 'dashed', 'STREET': 'plain', 'AGE': 'jarige'}"
CASE000453,F,0-17,maghrebi,Oost-Vlaanderen,Vlaanderen,rural,Samira El Amrani,dr. Rik Peeters,dr. Hilde De Backer,Youssef Alaoui,Neef,13-jarige,vrouw,26.05.2026,26-05-2026,03-02-2025,º11/12/2012,12121172487,3 65108 97 003,BE55 0968 2562 8320,4344210651004600,Hoevelaan 69,9600,Ronse,+32 51 99 97 03,0470 35 24 82,samira.elamrani@telenet.be,https://www.ziekenhuissintvincentius.be,Ziekenhuis Sint-Vincentius,Gastro-enterologie,ulcus anastomoticum,ziekte van Von Willebrand,Bristol-schaal type 4,m. Deltoideus,Glucagen hypokit,Lambipol 100 mg,geel verkleurde sclerae,18u,OS,SSp testen positief,,False,patient,patiente,mevrouw,zij,haar,"{'INSZ': 'plain', 'RIZIV': 'spaced', 'IBAN': 'grouped', 'DATE_ENCOUNTER': 'dd.mm.yyyy', 'DATE_VALIDATION': 'dd-mm-yyyy', 'DATE_HISTORY': 'dd-mm-yyyy', 'DOB': 'masc_ordinal', 'TELEFOON': 'intl', 'TELEFOON_MOBILE': 'spaced', 'STREET': 'plain', 'AGE': 'jarige'}"
CASE000454,M,65-79,flemish,West-Vlaanderen,Vlaanderen,town,Wim Mertens,dr. Leila Idrissi,dr. Lode Van den Berghe,Rik Van Acker,Vader,74 jaar,man,21-04-2026,23-04-2026,9/3/2020,°1952-05-22,52.05.22-449.18,4-89090-81-004,BE52 5506 9098 9645,4734188079640312,Meersdries 40,8900,Ieper,09 304 51 94,+32 497 64 52 65,wim.mertens@proximus.be,https://www.kliniekmariamiddelares.be,Kliniek Maria Middelares,Dermatologie,atopisch eczeem,syndroom van Guillain-Barre,teken van Tinel,V. Saphena magna,Ozempic 1 mg,Trianal suppo,boomstructuur van de bronchi,4.95*,ESWT,shared decision making,,False,patient,patient,de heer,hij,zijn,"{'INSZ': 'dotted', 'RIZIV': 'dashed', 'IBAN': 'grouped', 'DATE_ENCOUNTER': 'dd-mm-yyyy', 'DATE_VALIDATION': 'dd-mm-yyyy', 'DATE_HISTORY': 'd/m/yyyy', 'DOB': 'degree', 'TELEFOON': 'spaced', 'TELEFOON_MOBILE': 'intl', 'STREET': 'plain', 'AGE': 'jaar'}"
CASE000455,F,50-64,maghrebi,Vlaams-Brabant,Vlaanderen,town,Sara El Habti,dr. Bart De Clercq,dr. Marleen Peeters,Adil Bouzid,Broer,53 jaar,vrouw,29-04-2026,29-04-2026,16/03/2024,°31/03/1973,73033136466,3-06799-12-480,BE44 7239 5505 7871,4210072040947118,Bloemplein 29,1500,Halle,+32 11 78 96 77,0489-67 68 75,sara.elhabti@skynet.be,https://www.kliniekvesalius.be,Kliniek Vesalius,Reumatologie,osteoporose,syndroom van Raynaud,Phalen-test,m. Infraspinatus,Pantomed 40 mg,Progor retard 180 mg,lintvormige stoelgang,0.5 mg,RYGB,SSp testen positief,,False,patient,patiente,mevrouw,zij,haar,"{'INSZ': 'plain', 'RIZIV': 'dashed', 'IBAN': 'grouped', 'DATE_ENCOUNTER': 'dd-mm-yyyy', 'DATE_VALIDATION': 'dd-mm-yyyy', 'DATE_HISTORY': 'dd/mm/yyyy', 'DOB': 'degree', 'TELEFOON': 'intl', 'TELEFOON_MOBILE': 'dashed', 'STREET': 'plain', 'AGE': 'jaar'}"
CASE000456,M,65-79,eastern_european,West-Vlaanderen,Vlaanderen,rural,Miroslav Kaminski,dr. Lieve Vermeulen,dr. Hilde Van Damme,Zuzana Zielinski,Dochter,76 jaar,man,21-05-2026,21/05/2026,9 jul 2024,°1949-09-07,49090701591,3-42148-68-007,BE26357156725040,4992469247048118,Kouterlaan 147,8600,Diksmuide,+32 57 49 03 04,0477/65.12.59,miroslav.kaminski@skynet.be,https://www.klinieknikolaas.be,Kliniek Nikolaas,Gastro-enterologie,refluxoesofagitis graad B,ziekte van Von Willebrand,Humphrey - perimetrie,V. Saphena magna,Depakine chrono 500 mg,Nexiam 20 mg,boomstructuur van de bronchi,1 a 2 /d,PTO,Painful arc beiderzijds +,,False,patient,patient,de heer,hij,zijn,"{'INSZ': 'plain', 'RIZIV': 'dashed', 'IBAN': 'plain', 'DATE_ENCOUNTER': 'dd-mm-yyyy', 'DATE_VALIDATION': 'dd/mm/yyyy', 'DATE_HISTORY': 'text_abbr', 'DOB': 'degree', 'TELEFOON': 'intl', 'TELEFOON_MOBILE': 'slash_dot', 'STREET': 'plain', 'AGE': 'jaar'}"
CASE000457,F,80-95,central_african,Oost-Vlaanderen,Vlaanderen,town,Esther Tshibangu,dr. Els Peeters,dr. Pieter Wouters,Sylvie Lumumba,Zus,92,vrouw,10/05/2026,10.05.2026,09/2016,°02/05/1934,34.05.02-390.08,2-44779-49-018,BE11 9624 6527 5514,4735384256116155,Stationskaai 64,9100,Sint-Niklaas,09/136.93.00,0474 22 09 86,esther.tshibangu@proximus.be,https://www.ziekenhuissintrembert.be,Ziekenhuis Sint-Rembert,Nefrologie,chronische nierinsufficientie stadium 3,syndroom van Raynaud,Jaeger transfertest,A. Radialis,D-cure 25 000 ie,Diltiazemzalf 2%,hamstringletsel links,HR: 68,OS,blurr-test,,False,patient,patiente,mevrouw,zij,haar,"{'INSZ': 'dotted', 'RIZIV': 'dashed', 'IBAN': 'grouped', 'DATE_ENCOUNTER': 'dd/mm/yyyy', 'DATE_VALIDATION': 'dd.mm.yyyy', 'DATE_HISTORY': 'mm/yyyy', 'DOB': 'degree', 'TELEFOON': 'slash_dot', 'TELEFOON_MOBILE': 'spaced', 'STREET': 'plain', 'AGE': 'bare'}"
CASE000458,M,65-79,flemish,West-Vlaanderen,Vlaanderen,town,Rik Declercq,dr. Adil Benali,dr. Els Willems,Sofie Lambert,Zus,79 jaar,man,05/05/2026,07-05-2026,2023-03-20,°31/3/1947,47.03.31-711.46,3 16273 44 018,BE14 7124 3154 4838,4496493046400602,Schoolring 16,8400,Oostende,056 35 44 25,0496/89.60.63,rik.declercq@gmail.com,https://www.algemeenziekenhuissintlucas.be,Algemeen Ziekenhuis Sint-Lucas,Dermatologie,atopisch eczeem,manoeuvre van Valsalva,Glasgow Coma Scale 15,V. Saphena magna,Lyumjev kwikpen,Sipralexa 20 mg,hamstringletsel links,0.5 mg,ivm,blurr-test,,False,patient,patient,de heer,hij,zijn,"{'INSZ': 'dotted', 'RIZIV': 'spaced', 'IBAN': 'grouped', 'DATE_ENCOUNTER': 'dd/mm/yyyy', 'DATE_VALIDATION': 'dd-mm-yyyy', 'DATE_HISTORY': 'yyyy-mm-dd', 'DOB': 'degree', 'TELEFOON': 'spaced', 'TELEFOON_MOBILE': 'slash_dot', 'STREET': 'plain', 'AGE': 'jaar'}"
CASE000459,F,65-79,central_african,Oost-Vlaanderen,Vlaanderen,urban,Josiane Mwamba,dr. Nele Peeters,dr. Dirk Peeters,Grace Kalala,Dochter,70-jarige,vrouw,05-05-2026,06/05/2026,9/2016,°29 feb 1956,56 02 29 446 68,14563757004,BE50 4799 8693 0947,4988442789523612,Nieuwbaan 73 bus 19,9000,Gent,057 43 16 03,+32 471 83 29 95,josiane.mwamba@gmail.com,https://www.uzgroeninge.be,UZ Groeninge,Fysische Geneeskunde en revalidatie,bekkenbodemhypertonie,manoeuvre van Valsalva,Schirmer-test,A. Radialis,Metformine viatris 500 mg,Ozempic 1 mg,hamstringletsel links,-0.25 ^ -0.25 as 165 graden,i.o.m.,watchful waiting,,False,patient,patiente,mevrouw,zij,haar,"{'INSZ': 'spaced', 'RIZIV': 'plain', 'IBAN': 'grouped', 'DATE_ENCOUNTER': 'dd-mm-yyyy', 'DATE_VALIDATION': 'dd/mm/yyyy', 'DATE_HISTORY': 'm/yyyy', 'DOB': 'degree', 'TELEFOON': 'spaced', 'TELEFOON_MOBILE': 'intl', 'STREET': 'bus', 'AGE': 'jarige'}"
CASE000460,M,65-79,flemish,Antwerpen,Vlaanderen,town,Pieter Jacobs,dr. Lieve De Clercq,dr. Karim Ouazzani,An Willems,Dochter,76-jarige,man,20-04-2026,20/04/2026,02.05.2021,°18/04/1950,50.04.18-397.44,2 07334 52 480,BE54 2998 5615 3738,4827677423935434,Dorppad 21,2440,Geel,02 502 28 92,0498833786,pieter.jacobs@skynet.be,https://www.uzmariamiddelares.be,UZ Maria Middelares,Fysische Geneeskunde en revalidatie,lumbaal facettair syndroom,ziekte van Hashimoto,Romberg negatief,M. Supraspinatus,Lyumjev kwikpen,Pantomed 40 mg,beers-teken afwezig,12u,ivm,shared decision making,,False,patient,patient,de heer,hij,zijn,"{'INSZ': 'dotted', 'RIZIV': 'spaced', 'IBAN': 'grouped', 'DATE_ENCOUNTER': 'dd-mm-yyyy', 'DATE_VALIDATION': 'dd/mm/yyyy', 'DATE_HISTORY': 'dd.mm.yyyy', 'DOB': 'degree', 'TELEFOON': 'spaced', 'TELEFOON_MOBILE': 'plain', 'STREET': 'plain', 'AGE': 'jarige'}"
CASE000461,F,18-34,flemish,Antwerpen,Vlaanderen,town,Nele Beers,dr. Burak Sahin,dr. Elena Moreira,Veerle Claes,Tante,29 jaar,vrouw,24-05-2026,25/05/2026,22/09/2015,°29 mei 1997,97052918646,1-04510-56-007,BE68 6101 6664 7803,4082680090722085,Kouterbaan 16B,2200,Herentals,03 973 41 48,0498/20.87.88,nele.beers@gmail.com,https://www.uzsintvincentius.be,UZ Sint-Vincentius,Orthopedie,gonartrose bilateraal,ziekte van Crohn,Jaeger transfertest,m. Infraspinatus,Ventolin aerosol,Cose protect,hamstringletsel links,spO2: 94%,NSAID,blurr-test,,True,patient,patiente,mevrouw,zij,haar,"{'INSZ': 'plain', 'RIZIV': 'dashed', 'IBAN': 'grouped', 'DATE_ENCOUNTER': 'dd-mm-yyyy', 'DATE_VALIDATION': 'dd/mm/yyyy', 'DATE_HISTORY': 'dd/mm/yyyy', 'DOB': 'degree', 'TELEFOON': 'spaced', 'TELEFOON_MOBILE': 'slash_dot', 'STREET': 'letter', 'AGE': 'jaar'}"
CASE000462,M,50-64,flemish,Antwerpen,Vlaanderen,town,Tom Dubois,dr. Sylvie Kabongo,dr. An Claes,Els Vermeulen,Moeder,55-jarige,man,20-04-2026,21-04-2026,01.01.2025,º23/05/1971,71.05.23-815.21,8-69911-82-008,BE38051642767211,4651814204384505,Hoevering 217,2200,Herentals,02-450 49 72,+32 485 52 79 37,tom.dubois@proximus.be,https://www.azsintjozef.be,AZ Sint-Jozef,Gastro-enterologie,anale fissuur,ziekte van Bechterew,Jaeger transfertest,m. Infraspinatus,Injectafer 1000 mg,Sipralexa 20 mg,hamstringletsel links,BMI 20.808,APO,SSp testen positief,,False,patient,patient,de heer,hij,zijn,"{'INSZ': 'dotted', 'RIZIV': 'dashed', 'IBAN': 'plain', 'DATE_ENCOUNTER': 'dd-mm-yyyy', 'DATE_VALIDATION': 'dd-mm-yyyy', 'DATE_HISTORY': 'dd.mm.yyyy', 'DOB': 'masc_ordinal', 'TELEFOON': 'dashed', 'TELEFOON_MOBILE': 'intl', 'STREET': 'plain', 'AGE': 'jarige'}"
CASE000463,F,18-34,flemish,West-Vlaanderen,Vlaanderen,rural,Marleen De Clercq,dr. Inge De Backer,dr. Katrien Maes,Tine De Clercq,Nicht,27 jaar,vrouw,01-05-2026,02/05/2026,2024-10-03,°23 nov 1998,98.11.23-626.43,4-32431-92-007,BE78521643165865,4756926920327354,Nieuwsteenweg 82,8700,Tielt,050 37 80 47,0471 61 80 75,marleen.declercq@gmail.com,https://www.algemeenziekenhuissintrembert.be,Algemeen Ziekenhuis Sint-Rembert,Fysische Geneeskunde en revalidatie,subacromiale bursitis,ziekte van Crohn,Jaeger transfertest,N. Medianus,Sipralexa 20 mg,Injectafer 1000 mg,peervormige galblaas,1/w,PPI,shared decision making,,False,patient,patiente,mevrouw,zij,haar,"{'INSZ': 'dotted', 'RIZIV': 'dashed', 'IBAN': 'plain', 'DATE_ENCOUNTER': 'dd-mm-yyyy', 'DATE_VALIDATION': 'dd/mm/yyyy', 'DATE_HISTORY': 'yyyy-mm-dd', 'DOB': 'degree', 'TELEFOON': 'spaced', 'TELEFOON_MOBILE': 'spaced', 'STREET': 'plain', 'AGE': 'jaar'}"
CASE000464,M,0-17,flemish,Oost-Vlaanderen,Vlaanderen,rural,Filip Jacobs,dr. Jonas Willems,dr. Nele Peeters,An Dubois,Grootmoeder,10-jarige,man,24/04/2026,24-04-2026,13-03-2021,º14/09/2015,15 09 14 977 77,3-15523-18-003,BE08 9887 1085 4434,4049174436871634,Bloemsteenweg 126,9500,Geraardsbergen,056 70 70 60,+32 478 48 12 35,filip.jacobs@gmail.com,https://www.azdamiaan.be,AZ Damiaan,Nefrologie,chronische nierinsufficientie stadium 3,ziekte van Bechterew,Jaeger transfertest,m. Infraspinatus,Progor retard 180 mg,Injectafer 1000 mg,lintvormige stoelgang,BD: 146/68,RYGB,watchful waiting,,False,patient,patient,de heer,hij,zijn,"{'INSZ': 'spaced', 'RIZIV': 'dashed', 'IBAN': 'grouped', 'DATE_ENCOUNTER': 'dd/mm/yyyy', 'DATE_VALIDATION': 'dd-mm-yyyy', 'DATE_HISTORY': 'dd-mm-yyyy', 'DOB': 'masc_ordinal', 'TELEFOON': 'spaced', 'TELEFOON_MOBILE': 'intl', 'STREET': 'plain', 'AGE': 'jarige'}"
CASE000465,F,80-95,flemish,Antwerpen,Vlaanderen,town,Hilde Van Damme,dr. Ann Van Damme,dr. Luc Wouters,Rik Verhoeven,Neef,93 jaar,vrouw,17 mei 2026,18/05/2026,7/2023,°25/09/1932,32092514039,3-14910-49-007,BE72 9559 5767 9440,4604568939116453,Schooldreef 161,2300,Turnhout,058/45.67.71,+32 456 85 34 14,hilde.vandamme@gmail.com,https://www.algemeenziekenhuissintjozef.be,Algemeen Ziekenhuis Sint-Jozef,Nefrologie,chronische nierinsufficientie stadium 3,ziekte van Hashimoto,Phalen-test,lig. Collaterale mediale,Paracetamol 1 g,Pantomed 40 mg,as 165 graden,spO2: 94%,nle,watchful waiting,,False,patient,patiente,mevrouw,zij,haar,"{'INSZ': 'plain', 'RIZIV': 'dashed', 'IBAN': 'grouped', 'DATE_ENCOUNTER': 'text_nl', 'DATE_VALIDATION': 'dd/mm/yyyy', 'DATE_HISTORY': 'm/yyyy', 'DOB': 'degree', 'TELEFOON': 'slash_dot', 'TELEFOON_MOBILE': 'intl', 'STREET': 'plain', 'AGE': 'jaar'}"
CASE000466,M,35-49,flemish,Vlaams-Brabant,Vlaanderen,town,Filip Verhoeven,dr. Ilham Ouazzani,dr. Veerle Dubois,Lode Lambert,Vader,39-jarige,man,10-05-2026,12.05.2026,27/10/2018,°1986-11-18,86111830766,8-76366-29-008,BE42 1809 9740 8818,4031839330111846,Kerkhof 40/3,1500,Halle,09/400.67.24,0486 25 74 04,filip.verhoeven@telenet.be,https://www.kliniekdevoorzorg.be,Kliniek De Voorzorg,Gastro-enterologie,ferriprieve anaemie,ziekte van Bechterew,teken van Tinel,m. Deltoideus,Ventolin aerosol,Diltiazemzalf 2%,molaire zwangerschap uitgesloten,HR: 68,co,full range of motion,,False,patient,patient,de heer,hij,zijn,"{'INSZ': 'plain', 'RIZIV': 'dashed', 'IBAN': 'grouped', 'DATE_ENCOUNTER': 'dd-mm-yyyy', 'DATE_VALIDATION': 'dd.mm.yyyy', 'DATE_HISTORY': 'd/m/yyyy', 'DOB': 'degree', 'TELEFOON': 'slash_dot', 'TELEFOON_MOBILE': 'spaced', 'STREET': 'slash', 'AGE': 'jarige'}"
CASE000467,F,18-34,flemish,West-Vlaanderen,Vlaanderen,town,Griet Wouters,dr. Marleen Lambert,dr. Wouter Maes,Kris Declercq,Grootvader,27 jaar,vrouw,29-04-2026,1 mei 2026,27.05.2015,°17/08/1998,98 08 17 358 82,5-16721-95-030,BE83682529863234,4629368426851790,Bakkerbaan 105/10,8400,Oostende,+32 14 56 01 99,0473 99 94 55,griet.wouters@gmail.com,https://www.azklina.be,AZ Klina,Orthopedie,carpaal tunnelsyndroom,syndroom van Sjogren,Phalen-test,lig. Collaterale mediale,Cose protect,Trianal suppo,beeld passend bij bursitis,1/w,RYGB,blurr-test,,False,patient,patiente,mevrouw,zij,haar,"{'INSZ': 'spaced', 'RIZIV': 'dashed', 'IBAN': 'plain', 'DATE_ENCOUNTER': 'dd-mm-yyyy', 'DATE_VALIDATION': 'text_nl', 'DATE_HISTORY': 'dd.mm.yyyy', 'DOB': 'degree', 'TELEFOON': 'intl', 'TELEFOON_MOBILE': 'spaced', 'STREET': 'slash', 'AGE': 'jaar'}"
CASE000468,M,80-95,central_african,Vlaams-Brabant,Vlaanderen,town,Gaston Ilunga,dr. Blaise Ilunga,dr. Dirk Lambert,Patrick Mukendi,Grootvader,95-jarige,man,4/5/2026,04/05/2026,11/07/2016,°15/08/1930,30081515581,1-37383-66-004,BE73 3710 4517 1390,4248435074509334,Bakkerhof 112,1700,Dilbeek,03 814 03 07,0492 96 67 36,gaston.ilunga@skynet.be,https://www.ziekenhuisheilighart.be,Ziekenhuis Heilig Hart,Neurologie,"epilepsie, in remissie",teken van Lasegue,Snellen 1,lig. Collaterale mediale,Asaflow 80 mg,Lyumjev kwikpen,hamstringletsel links,22u,RYGB,SSp testen positief,,False,patient,patient,de heer,hij,zijn,"{'INSZ': 'plain', 'RIZIV': 'dashed', 'IBAN': 'grouped', 'DATE_ENCOUNTER': 'd/m/yyyy', 'DATE_VALIDATION': 'dd/mm/yyyy', 'DATE_HISTORY': 'dd/mm/yyyy', 'DOB': 'degree', 'TELEFOON': 'spaced', 'TELEFOON_MOBILE': 'spaced', 'STREET': 'plain', 'AGE': 'jarige'}"
CASE000469,F,18-34,southern_european,West-Vlaanderen,Vlaanderen,town,Lucia Costa,dr. Leen Mertens,dr. Selin Sahin,Rafael Silva,Zoon,18,vrouw,03-05-2026,03-05-2026,2020-11-18,°2008-05-26,08.05.26 488 31,3-36183-19-018,BE39 3406 7891 3244,4390627989582473,Langelei 240,8800,Roeselare,014-94 27 02,0484 07 82 12,lucia.costa@gmail.com,https://www.azdelta.be,AZ Delta,Cardiologie,boezemfibrilleren,syndroom van Sjogren,Goldmann applanatie,m. Infraspinatus,Lyumjev kwikpen,Trianal suppo,beeld passend bij bursitis,18u,tvv,Painful arc beiderzijds +,,False,patient,patiente,mevrouw,zij,haar,"{'INSZ': 'mixed', 'RIZIV': 'dashed', 'IBAN': 'grouped', 'DATE_ENCOUNTER': 'dd-mm-yyyy', 'DATE_VALIDATION': 'dd-mm-yyyy', 'DATE_HISTORY': 'yyyy-mm-dd', 'DOB': 'degree', 'TELEFOON': 'dashed', 'TELEFOON_MOBILE': 'spaced', 'STREET': 'plain', 'AGE': 'bare'}"
CASE000470,M,18-34,flemish,Oost-Vlaanderen,Vlaanderen,rural,Filip Maes,dr. Andrzej Nowak,dr. Bart Janssens,Geert Declercq,Neef,32,man,2026-04-20,20 april 2026,29-03-2025,°01/02/1994,94.02.01-855.36,3-63642-11-007,BE70 2765 6958 3058,4785710933853001,Beekberg 137/17,9500,Geraardsbergen,+32 10 07 22 76,0477/40.20.59,filip.maes@telenet.be,https://www.azdelta.be,AZ Delta,Pneumologie,obstructief slaapapneusyndroom,manoeuvre van Valsalva,Snellen 1,M. Biceps caput longum,Paracetamol 1 g,Depakine chrono 500 mg,boomstructuur van de bronchi,FEV1/FVC 73.17,PPI,SSp testen positief,,False,patient,patient,de heer,hij,zijn,"{'INSZ': 'dotted', 'RIZIV': 'dashed', 'IBAN': 'grouped', 'DATE_ENCOUNTER': 'yyyy-mm-dd', 'DATE_VALIDATION': 'text_nl', 'DATE_HISTORY': 'dd-mm-yyyy', 'DOB': 'degree', 'TELEFOON': 'intl', 'TELEFOON_MOBILE': 'slash_dot', 'STREET': 'slash', 'AGE': 'bare'}"
CASE000471,F,65-79,eastern_european,Limburg,Vlaanderen,town,Elena Kaminski,dr. Ann De Backer,dr. Ilham El Amrani,Zuzana Popescu,Dochter,75-jarige,vrouw,17/05/2026,19-05-2026,11/08/2022,º1950-10-31,50.10.31-808.61,8-97669-66-030,BE45 9528 6285 0015,4337522964842107,Zonnesteenweg 172 bus 1,3800,Sint-Truiden,058/51.76.96,0456/72.46.74,elena.kaminski@skynet.be,https://www.ziekenhuisvesalius.be,Ziekenhuis Vesalius,Oftalmologie,cataract incipiens bilateraal,ziekte van Parkinson,Jaeger transfertest,N. Medianus,D-cure 25 000 ie,Metformine viatris 500 mg,molaire zwangerschap uitgesloten,spO2: 94%,nle,no evidence of malignancy,,False,patient,patiente,mevrouw,zij,haar,"{'INSZ': 'dotted', 'RIZIV': 'dashed', 'IBAN': 'grouped', 'DATE_ENCOUNTER': 'dd/mm/yyyy', 'DATE_VALIDATION': 'dd-mm-yyyy', 'DATE_HISTORY': 'dd/mm/yyyy', 'DOB': 'masc_ordinal', 'TELEFOON': 'slash_dot', 'TELEFOON_MOBILE': 'slash_dot', 'STREET': 'bus', 'AGE': 'jarige'}"
CASE000472,M,65-79,flemish,Antwerpen,Vlaanderen,rural,Lode Janssens,dr. Lieve Vermeulen,dr. Bart Van Acker,Katrien Goossens,Moeder,68 jaar,man,19/05/2026,19/5/2026,2019-03-19,º09-04-1958,58040963550,9-17011-27-007,BE80 7016 3317 4529,4679007824466665,Stationslei 98 bus 10,2860,Sint-Katelijne-Waver,03 840 76 95,0471-69 59 68,lode.janssens@proximus.be,https://www.azsintlucas.be,AZ Sint-Lucas,Nefrologie,chronische nierinsufficientie stadium 3,syndroom van Cushing,Glasgow Coma Scale 15,M. Supraspinatus,Depakine chrono 500 mg,Paracetamol 1 g,beeld passend bij bursitis,BMI 20.808,OD,blurr-test,,False,patient,patient,de heer,hij,zijn,"{'INSZ': 'plain', 'RIZIV': 'dashed', 'IBAN': 'grouped', 'DATE_ENCOUNTER': 'dd/mm/yyyy', 'DATE_VALIDATION': 'd/m/yyyy', 'DATE_HISTORY': 'yyyy-mm-dd', 'DOB': 'masc_ordinal', 'TELEFOON': 'spaced', 'TELEFOON_MOBILE': 'dashed', 'STREET': 'bus', 'AGE': 'jaar'}"
CASE000473,F,50-64,maghrebi,Brussel-Hoofdstad,Brussel,urban,Meryem Bennani,dr. Ann Coppens,dr. Geert Van den Berghe,Nadia Ouazzani,Zus,64-jarige,vrouw,2026-04-30,2/5/2026,24/08/2016,°13 december 1961,61 12 13 648 36,4-18945-95-030,BE57 5966 6463 8911,4868879244940391,Schoolpark 29/13,1030,Schaarbeek,+32 54 10 51 49,0485-11 69 06,meryem.bennani@proximus.be,https://www.azklina.be,AZ Klina,Algemene Heelkunde,ziekte van Von Willebrand,ziekte van Crohn,Glasgow Coma Scale 15,A. Radialis,Trianal suppo,Ozempic 1 mg,as 165 graden,1/w,PTO,watchful waiting,,False,patient,patiente,mevrouw,zij,haar,"{'INSZ': 'spaced', 'RIZIV': 'dashed', 'IBAN': 'grouped', 'DATE_ENCOUNTER': 'yyyy-mm-dd', 'DATE_VALIDATION': 'd/m/yyyy', 'DATE_HISTORY': 'dd/mm/yyyy', 'DOB': 'degree', 'TELEFOON': 'intl', 'TELEFOON_MOBILE': 'dashed', 'STREET': 'slash', 'AGE': 'jarige'}"
CASE000474,M,0-17,eastern_european,Vlaams-Brabant,Vlaanderen,urban,Andrzej Kaminski,dr. Sofie Wouters,dr. Wim Declercq,Krzysztof Zielinski,Broer,17-jarige,man,18/04/2026,20-04-2026,27-07-2019,°5 feb 2009,09 02 05 953 02,9-38649-20-003,BE84 4212 3655 7767,4201295903177561,Beekdreef 257,3000,Leuven,09 314 09 82,0488 05 23 31,andrzej.kaminski@telenet.be,https://www.aznikolaas.be,AZ Nikolaas,Oftalmologie,cataract incipiens bilateraal,ziekte van Von Willebrand,Snellen 1,m. Infraspinatus,Ibuprofen 400 mg,Cose protect,geel verkleurde sclerae,25 000 ie,antec.,shared decision making,,False,patient,patient,de heer,hij,zijn,"{'INSZ': 'spaced', 'RIZIV': 'dashed', 'IBAN': 'grouped', 'DATE_ENCOUNTER': 'dd/mm/yyyy', 'DATE_VALIDATION': 'dd-mm-yyyy', 'DATE_HISTORY': 'dd-mm-yyyy', 'DOB': 'degree', 'TELEFOON': 'spaced', 'TELEFOON_MOBILE': 'spaced', 'STREET': 'plain', 'AGE': 'jarige'}"
CASE000475,F,80-95,central_african,Limburg,Vlaanderen,town,Mireille Mukendi,dr. Katarzyna Dimitrov,dr. Ana Fernandez,Christian Kabongo,Grootvader,86-jarige,vrouw,2026-04-18,18-04-2026,6 sep 2015,°1940-03-21,40.03.21-012.25,23985328480,BE30 5847 1956 0332,4527625202131165,Veldlaan 131,3600,Genk,02/232.16.00,0492 90 27 22,mireille.mukendi@gmail.com,https://www.algemeenziekenhuismariamiddelares.be,Algemeen Ziekenhuis Maria Middelares,Cardiologie,arteriele hypertensie,manoeuvre van Valsalva,teken van Tinel,m. Deltoideus,Toujeo solostar,Ventolin aerosol,boomstructuur van de bronchi,8u,antec.,full range of motion,,False,patient,patiente,mevrouw,zij,haar,"{'INSZ': 'dotted', 'RIZIV': 'plain', 'IBAN': 'grouped', 'DATE_ENCOUNTER': 'yyyy-mm-dd', 'DATE_VALIDATION': 'dd-mm-yyyy', 'DATE_HISTORY': 'text_abbr', 'DOB': 'degree', 'TELEFOON': 'slash_dot', 'TELEFOON_MOBILE': 'spaced', 'STREET': 'plain', 'AGE': 'jarige'}"
CASE000476,M,18-34,flemish,Antwerpen,Vlaanderen,urban,Dirk De Clercq,dr. Zeynep Korkmaz,dr. Griet Dubois,Marleen Willems,Tante,20-jarige,man,30/04/2026,30.04.2026,14-01-2017,°17/9/2005,05.09.17-307.59,18773359480,BE71 8877 0862 0399,4797008307644056,Abdijkaai 12,2018,Antwerpen,04/508.48.52,0486 62 57 07,dirk.declercq@skynet.be,https://www.azklina.be,AZ Klina,Reumatologie,osteoporose,ziekte van Graves,teken van Tinel,M. Biceps caput longum,D-cure 25 000 ie,Injectafer 1000 mg,peervormige galblaas,25 000 ie,NSAID,full range of motion,,False,patient,patient,de heer,hij,zijn,"{'INSZ': 'dotted', 'RIZIV': 'plain', 'IBAN': 'grouped', 'DATE_ENCOUNTER': 'dd/mm/yyyy', 'DATE_VALIDATION': 'dd.mm.yyyy', 'DATE_HISTORY': 'dd-mm-yyyy', 'DOB': 'degree', 'TELEFOON': 'slash_dot', 'TELEFOON_MOBILE': 'spaced', 'STREET': 'plain', 'AGE': 'jarige'}"
CASE000477,F,80-95,southern_european,Oost-Vlaanderen,Vlaanderen,rural,Rosa Esposito,dr. Emmanuel Mbala,dr. Bart Maes,Maria Garcia,Dochter,87-jarige,vrouw,04-05-2026,06/05/2026,11/06/2025,°10-04-1939,39041018472,4 17560 25 003,BE21345320652337,4481388190114560,Oudesteenweg 241 bus 1,9400,Ninove,056968863,0472/20.32.07,rosa.esposito@gmail.com,https://www.jessaziekenhuis.be,Jessa Ziekenhuis,Fysische Geneeskunde en revalidatie,lumbaal facettair syndroom,ziekte van Dupuytren,Phalen-test,lig. Collaterale mediale,Pantomed 40 mg,Depakine chrono 500 mg,geel verkleurde sclerae,4.95*,OS,blurr-test,,False,patient,patiente,mevrouw,zij,haar,"{'INSZ': 'plain', 'RIZIV': 'spaced', 'IBAN': 'plain', 'DATE_ENCOUNTER': 'dd-mm-yyyy', 'DATE_VALIDATION': 'dd/mm/yyyy', 'DATE_HISTORY': 'dd/mm/yyyy', 'DOB': 'degree', 'TELEFOON': 'plain', 'TELEFOON_MOBILE': 'slash_dot', 'STREET': 'bus', 'AGE': 'jarige'}"
CASE000478,M,35-49,flemish,Oost-Vlaanderen,Vlaanderen,rural,Wim De Clercq,dr. Katrien Van Damme,dr. Maria Ferrari,Sofie De Backer,Nicht,35 jaar,man,12.05.2026,14/5/2026,21/11/2021,°18-05-1991,91 05 18 517 16,2-70040-08-480,BE77723532118362,4024093986639846,Groenevest 98,9500,Geraardsbergen,019587272,0476 27 80 92,wim.declercq@gmail.com,https://www.ziekenhuismariamiddelares.be,Ziekenhuis Maria Middelares,Gastro-enterologie,anale fissuur,syndroom van Raynaud,Glasgow Coma Scale 15,m. Deltoideus,Metformine viatris 500 mg,Lyumjev kwikpen,lintvormige stoelgang,18u,z.n.,blurr-test,,False,patient,patient,de heer,hij,zijn,"{'INSZ': 'spaced', 'RIZIV': 'dashed', 'IBAN': 'plain', 'DATE_ENCOUNTER': 'dd.mm.yyyy', 'DATE_VALIDATION': 'd/m/yyyy', 'DATE_HISTORY': 'dd/mm/yyyy', 'DOB': 'degree', 'TELEFOON': 'plain', 'TELEFOON_MOBILE': 'spaced', 'STREET': 'plain', 'AGE': 'jaar'}"
CASE000479,F,65-79,maghrebi,Vlaams-Brabant,Vlaanderen,urban,Hafida Van Mol,dr. Nele Willems,dr. Tolga Sahin,Bilal El Habti,Broer,77-jarige,vrouw,4 mei 2026,6 mei 2026,08/01/2024,º10/04/1949,49.04.10-200.72,3-57785-48-008,BE57 0677 7262 7306,4421117549449572,Kortepad 69/10,3000,Leuven,09 233 57 04,+32 484 46 91 15,hafida.vanmol@proximus.be,https://www.znamiddelheim.be,ZNA Middelheim,Gastro-enterologie,anale fissuur,ziekte van Parkinson,Humphrey - perimetrie,V. Saphena magna,Diltiazemzalf 2%,Nexiam 20 mg,peervormige galblaas,FEV1/FVC 73.17,OD,full range of motion,,True,patient,patiente,mevrouw,zij,haar,"{'INSZ': 'dotted', 'RIZIV': 'dashed', 'IBAN': 'grouped', 'DATE_ENCOUNTER': 'text_nl', 'DATE_VALIDATION': 'text_abbr', 'DATE_HISTORY': 'dd/mm/yyyy', 'DOB': 'masc_ordinal', 'TELEFOON': 'spaced', 'TELEFOON_MOBILE': 'intl', 'STREET': 'slash', 'AGE': 'jarige'}"
CASE000480,M,18-34,flemish,Antwerpen,Vlaanderen,urban,Dirk Vermeulen,dr. Ann Wouters,dr. Khadija Bennani,Femke Willems,Grootmoeder,29 jaar,man,30/04/2026,02-05-2026,06/2023,°20-07-1996,96 07 20 541 51,6-19928-96-018,BE31 7119 5385 1930,4124643786243014,Kortewal 123A,2018,Antwerpen,+32 57 92 30 57,+32 490 21 33 41,dirk.vermeulen@proximus.be,https://www.algemeenziekenhuisgroeninge.be,Algemeen Ziekenhuis Groeninge,Oftalmologie,open kamerhoek glaucoom,ziekte van Hashimoto,Phalen-test,M. Biceps caput longum,Depakine chrono 500 mg,Depakine chrono 500 mg,as 165 graden,3x/week,RYGB,full range of motion,,False,patient,patient,de heer,hij,zijn,"{'INSZ': 'spaced', 'RIZIV': 'dashed', 'IBAN': 'grouped', 'DATE_ENCOUNTER': 'dd/mm/yyyy', 'DATE_VALIDATION': 'dd-mm-yyyy', 'DATE_HISTORY': 'mm/yyyy', 'DOB': 'degree', 'TELEFOON': 'intl', 'TELEFOON_MOBILE': 'intl', 'STREET': 'letter', 'AGE': 'jaar'}"
CASE000481,F,50-64,flemish,Limburg,Vlaanderen,rural,Griet Mertens,dr. Tolga Korkmaz,dr. Miroslav Dimitrov,Stijn De Clercq,Vader,56 jaar,vrouw,6 mei 2026,08-05-2026,12 september 2025,º26-10-1969,69.10.26 196 58,1-85350-17-030,BE42 0001 8940 7751,4997842001414426,Wilgenlaan 96/13,3630,Maasmechelen,+32 3 120 86 14,0492/70.37.18,griet.mertens@proximus.be,https://www.azklina.be,AZ Klina,Gastro-enterologie,refluxoesofagitis graad B,ziekte van Bechterew,Snellen 1,lig. Collaterale mediale,L-thyroxine 50 mcg,Injectafer 1000 mg,peervormige galblaas,18u,z.n.,full range of motion,,False,patient,patiente,mevrouw,zij,haar,"{'INSZ': 'mixed', 'RIZIV': 'dashed', 'IBAN': 'grouped', 'DATE_ENCOUNTER': 'text_nl', 'DATE_VALIDATION': 'dd-mm-yyyy', 'DATE_HISTORY': 'text_nl', 'DOB': 'masc_ordinal', 'TELEFOON': 'intl', 'TELEFOON_MOBILE': 'slash_dot', 'STREET': 'slash', 'AGE': 'jaar'}"
CASE000482,M,80-95,flemish,Limburg,Vlaanderen,rural,Stijn Dubois,dr. Nadia Idrissi,dr. Nabil Cherkaoui,Lode Van Damme,Zoon,91-jarige,man,28-04-2026,30-04-2026,28 juli 2016,º25/06/1934,34062545536,55565756003,BE49341316955493,4476075121018427,Langelaan 189/14,3700,Tongeren,035602858,+32 492 80 49 54,stijn.dubois@gmail.com,https://www.algemeenziekenhuisrivierenland.be,Algemeen Ziekenhuis Rivierenland,Dermatologie,psoriasis vulgaris,ziekte van Parkinson,Bristol-schaal type 4,M. Subscapularis,Sipralexa 20 mg,Nexiam 20 mg,hamstringletsel links,3x/week,co,Painful arc beiderzijds +,,False,patient,patient,de heer,hij,zijn,"{'INSZ': 'plain', 'RIZIV': 'plain', 'IBAN': 'plain', 'DATE_ENCOUNTER': 'dd-mm-yyyy', 'DATE_VALIDATION': 'dd-mm-yyyy', 'DATE_HISTORY': 'text_nl', 'DOB': 'masc_ordinal', 'TELEFOON': 'plain', 'TELEFOON_MOBILE': 'intl', 'STREET': 'slash', 'AGE': 'jarige'}"
CASE000483,F,18-34,flemish,Vlaams-Brabant,Vlaanderen,town,Inge Van Acker,dr. Leila Bouzid,dr. Stijn Declercq,Wouter Janssens,Oom,26-jarige,vrouw,2 mei 2026,2026-05-04,25 mei 2015,°2000-01-05,00.01.05-918.35,3-34366-90-480,BE51948652977933,4239674999020388,Wilgenwal 80 bus 14,1700,Dilbeek,011175227,0493227935,inge.vanacker@proximus.be,https://www.ziekenhuismariamiddelares.be,Ziekenhuis Maria Middelares,Cardiologie,boezemfibrilleren,syndroom van Raynaud,Snellen 1,lig. Collaterale mediale,Asaflow 80 mg,Atorstatine 20 mg,beers-teken afwezig,22u,SSp,SSp testen positief,,False,patient,patiente,mevrouw,zij,haar,"{'INSZ': 'dotted', 'RIZIV': 'dashed', 'IBAN': 'plain', 'DATE_ENCOUNTER': 'text_abbr', 'DATE_VALIDATION': 'yyyy-mm-dd', 'DATE_HISTORY': 'text_abbr', 'DOB': 'degree', 'TELEFOON': 'plain', 'TELEFOON_MOBILE': 'plain', 'STREET': 'bus', 'AGE': 'jarige'}"
CASE000484,M,18-34,flemish,Oost-Vlaanderen,Vlaanderen,rural,Wouter Dubois,dr. Katrien Claes,dr. Leila Cherkaoui,Jonas Vermeulen,Grootvader,22,man,09.05.2026,09-05-2026,12/09/2017,°03/11/2003,03.11.03-061.18,6-35950-79-018,BE98 0220 7929 8676,4330854418436609,Brouwersbaan 105/2,9500,Geraardsbergen,+32 4 933 80 41,+32 492 08 61 10,wouter.dubois@skynet.be,https://www.uzsintlucas.be,UZ Sint-Lucas,Gastro-enterologie,status na gastric bypass (RYGB),ziekte van Hashimoto,Snellen 1,M. Supraspinatus,D-cure 25 000 ie,L-thyroxine 50 mcg,lintvormige stoelgang,0.5 mg,z.n.,Painful arc beiderzijds +,,False,patient,patient,de heer,hij,zijn,"{'INSZ': 'dotted', 'RIZIV': 'dashed', 'IBAN': 'grouped', 'DATE_ENCOUNTER': 'dd.mm.yyyy', 'DATE_VALIDATION': 'dd-mm-yyyy', 'DATE_HISTORY': 'dd/mm/yyyy', 'DOB': 'degree', 'TELEFOON': 'intl', 'TELEFOON_MOBILE': 'intl', 'STREET': 'slash', 'AGE': 'bare'}"
CASE000485,F,65-79,flemish,West-Vlaanderen,Vlaanderen,urban,Lore Vermeulen,dr. Femke De Clercq,dr. Veerle De Clercq,Filip De Smet,Zoon,66-jarige,vrouw,19-04-2026,19/04/2026,02/06/2023,°1960-02-11,60.02.11-826.21,82960932008,BE16 3917 0978 9255,4606741514487627,Kortedreef 26,8500,Kortrijk,03 313 51 48,0497 03 59 02,lore.vermeulen@telenet.be,https://www.algemeenziekenhuissintvincentius.be,Algemeen Ziekenhuis Sint-Vincentius,Neurologie,"epilepsie, in remissie",ziekte van Bechterew,Schirmer-test,V. Saphena magna,L-thyroxine 50 mcg,Metformine viatris 500 mg,peervormige galblaas,25 000 ie,tvv,blurr-test,,False,patient,patiente,mevrouw,zij,haar,"{'INSZ': 'dotted', 'RIZIV': 'plain', 'IBAN': 'grouped', 'DATE_ENCOUNTER': 'dd-mm-yyyy', 'DATE_VALIDATION': 'dd/mm/yyyy', 'DATE_HISTORY': 'dd/mm/yyyy', 'DOB': 'degree', 'TELEFOON': 'spaced', 'TELEFOON_MOBILE': 'spaced', 'STREET': 'plain', 'AGE': 'jarige'}"
CASE000486,M,50-64,flemish,West-Vlaanderen,Vlaanderen,town,Bart Janssens,dr. Sofie De Clercq,dr. Bart Lambert,Marleen Verhoeven,Grootmoeder,50-jarige,man,20 april 2026,20-04-2026,2019,º25-12-1975,75 12 25 851 58,73265880018,BE22 0942 8182 7388,4470189779501463,Smidvest 35,8900,Ieper,014-39 00 41,0475/38.19.94,bart.janssens@gmail.com,https://www.algemeenziekenhuissintblasius.be,Algemeen Ziekenhuis Sint-Blasius,Dermatologie,atopisch eczeem,ziekte van Von Willebrand,Barthel-index 90,M. Supraspinatus,Depakine chrono 500 mg,Injectafer 1000 mg,peervormige galblaas,FEV1/FVC 73.17,OS,Painful arc beiderzijds +,,False,patient,patient,de heer,hij,zijn,"{'INSZ': 'spaced', 'RIZIV': 'plain', 'IBAN': 'grouped', 'DATE_ENCOUNTER': 'text_nl', 'DATE_VALIDATION': 'dd-mm-yyyy', 'DATE_HISTORY': 'yyyy', 'DOB': 'masc_ordinal', 'TELEFOON': 'dashed', 'TELEFOON_MOBILE': 'slash_dot', 'STREET': 'plain', 'AGE': 'jarige'}"
CASE000487,F,80-95,flemish,Limburg,Vlaanderen,rural,Katrien Janssens,dr. Chantal Mukendi,dr. Fatima Alaoui,Griet Goossens,Tante,80 jaar,vrouw,28/5/2026,30/5/2026,2020-05-23,°29/06/1945,45.06.29-702.94,8-81981-40-004,BE35 9723 1763 6668,4566166894093639,Bloemwal 247 bus 4,3630,Maasmechelen,09-785 15 06,0485/66.65.08,katrien.janssens@gmail.com,https://www.uznikolaas.be,UZ Nikolaas,Pneumologie,obstructief slaapapneusyndroom,syndroom van Raynaud,Phalen-test,M. Biceps caput longum,Ozempic 1 mg,Cose protect,molaire zwangerschap uitgesloten,HR: 68,ESWT,watchful waiting,,False,patient,patiente,mevrouw,zij,haar,"{'INSZ': 'dotted', 'RIZIV': 'dashed', 'IBAN': 'grouped', 'DATE_ENCOUNTER': 'd/m/yyyy', 'DATE_VALIDATION': 'd/m/yyyy', 'DATE_HISTORY': 'yyyy-mm-dd', 'DOB': 'degree', 'TELEFOON': 'dashed', 'TELEFOON_MOBILE': 'slash_dot', 'STREET': 'bus', 'AGE': 'jaar'}"
CASE000488,M,65-79,flemish,Limburg,Vlaanderen,town,Koen Willems,dr. Katrien Verhoeven,dr. Nele Maes,Wim Declercq,Vader,66-jarige,man,22 apr 2026,2026-04-23,11/04/2016,°18/08/1959,59081877973,8 33708 07 030,BE73 5350 6588 2783,4127469017631919,Vijverring 247,3800,Sint-Truiden,+32 9 043 69 22,0456/72.93.10,koen.willems@gmail.com,https://www.ziekenhuisdevoorzorg.be,Ziekenhuis De Voorzorg,Reumatologie,osteoporose,syndroom van Sjogren,Romberg negatief,M. Biceps caput longum,Ventolin aerosol,Progor retard 180 mg,molaire zwangerschap uitgesloten,18u,antec.,Painful arc beiderzijds +,,False,patient,patient,de heer,hij,zijn,"{'INSZ': 'plain', 'RIZIV': 'spaced', 'IBAN': 'grouped', 'DATE_ENCOUNTER': 'text_abbr', 'DATE_VALIDATION': 'yyyy-mm-dd', 'DATE_HISTORY': 'dd/mm/yyyy', 'DOB': 'degree', 'TELEFOON': 'intl', 'TELEFOON_MOBILE': 'slash_dot', 'STREET': 'plain', 'AGE': 'jarige'}"
CASE000489,F,18-34,flemish,Limburg,Vlaanderen,rural,Tine Declercq,dr. Yasmine Bouzid,dr. Ann Van Acker,Jan De Smet,Vader,24 jaar,vrouw,2026-05-26,26/05/2026,2016-04-06,º27 februari 2002,02 02 27 224 21,8 88945 60 006,BE09 8431 3875 0533,4111281779036668,Velddries 156,3900,Pelt,03/038.06.95,0486178408,tine.declercq@gmail.com,https://www.klinieksintrembert.be,Kliniek Sint-Rembert,Gastro-enterologie,anale fissuur,syndroom van Sjogren,Phalen-test,m. Deltoideus,Injectafer 1000 mg,Toujeo solostar,beers-teken afwezig,1/w,PTO,blurr-test,,False,patient,patiente,mevrouw,zij,haar,"{'INSZ': 'spaced', 'RIZIV': 'spaced', 'IBAN': 'grouped', 'DATE_ENCOUNTER': 'yyyy-mm-dd', 'DATE_VALIDATION': 'dd/mm/yyyy', 'DATE_HISTORY': 'yyyy-mm-dd', 'DOB': 'masc_ordinal', 'TELEFOON': 'slash_dot', 'TELEFOON_MOBILE': 'plain', 'STREET': 'plain', 'AGE': 'jaar'}"
CASE000490,M,65-79,flemish,Brussel-Hoofdstad,Brussel,urban,Kris Van Damme,dr. Stijn Peeters,dr. Sylvie Nkosi,Kris Jacobs,Neef,74 jaar,man,19/05/2026,21-05-2026,08-01-2023,°1951-12-26,51 12 26 459 13,8 22115 57 018,BE85495701721643,4201514977764918,Langevest 25,1000,Brussel,09 524 94 89,0484-20 92 76,kris.vandamme@skynet.be,https://www.uzrivierenland.be,UZ Rivierenland,Fysische Geneeskunde en revalidatie,laterale epicondylitis rechts,ziekte van Bechterew,Humphrey - perimetrie,A. Radialis,Progor retard 180 mg,Pantomed 40 mg,as 165 graden,spO2: 94%,PPI,no evidence of malignancy,,False,patient,patient,de heer,hij,zijn,"{'INSZ': 'spaced', 'RIZIV': 'spaced', 'IBAN': 'plain', 'DATE_ENCOUNTER': 'dd/mm/yyyy', 'DATE_VALIDATION': 'dd-mm-yyyy', 'DATE_HISTORY': 'dd-mm-yyyy', 'DOB': 'degree', 'TELEFOON': 'spaced', 'TELEFOON_MOBILE': 'dashed', 'STREET': 'plain', 'AGE': 'jaar'}"
CASE000491,F,18-34,maghrebi,Antwerpen,Vlaanderen,urban,Hafida Alaoui,dr. Wim Coppens,dr. Hilde Claes,Rachid Bouzid,Neef,22-jarige,vrouw,28-04-2026,29-04-2026,04-02-2016,°17/11/2003,03 11 17 556 73,6-62095-27-030,BE69 6886 6906 3326,4536087807202033,Abdijstraat 18,2000,Antwerpen,089593601,0479/11.19.81,hafida.alaoui@skynet.be,https://www.uzzeepreventorium.be,UZ Zeepreventorium,Cardiologie,arteriele hypertensie,teken van Lasegue,Glasgow Coma Scale 15,m. Infraspinatus,D-cure 25 000 ie,Toujeo solostar,beeld passend bij bursitis,4.95*,ivm,full range of motion,,False,patient,patiente,mevrouw,zij,haar,"{'INSZ': 'spaced', 'RIZIV': 'dashed', 'IBAN': 'grouped', 'DATE_ENCOUNTER': 'dd-mm-yyyy', 'DATE_VALIDATION': 'dd-mm-yyyy', 'DATE_HISTORY': 'dd-mm-yyyy', 'DOB': 'degree', 'TELEFOON': 'plain', 'TELEFOON_MOBILE': 'slash_dot', 'STREET': 'plain', 'AGE': 'jarige'}"
CASE000492,M,50-64,flemish,Antwerpen,Vlaanderen,town,Pieter Wouters,dr. Inge Vermeulen,dr. Griet Coppens,Inge Van den Berghe,Moeder,53,man,27.04.2026,28.04.2026,13 mei 2016,°2 jun 1973,73060250144,6-01550-44-003,BE42 2848 3212 3975,4266254780095802,Brouwersdries 104,2500,Lier,059/73.05.88,0473 07 20 42,pieter.wouters@proximus.be,https://www.uzgroeninge.be,UZ Groeninge,Pneumologie,obstructief slaapapneusyndroom,ziekte van Von Willebrand,Humphrey - perimetrie,m. Deltoideus,Sipralexa 20 mg,Glucagen hypokit,molaire zwangerschap uitgesloten,-0.25 ^ -0.25 as 165 graden,tvv,shared decision making,,False,patient,patient,de heer,hij,zijn,"{'INSZ': 'plain', 'RIZIV': 'dashed', 'IBAN': 'grouped', 'DATE_ENCOUNTER': 'dd.mm.yyyy', 'DATE_VALIDATION': 'dd.mm.yyyy', 'DATE_HISTORY': 'text_nl', 'DOB': 'degree', 'TELEFOON': 'slash_dot', 'TELEFOON_MOBILE': 'spaced', 'STREET': 'plain', 'AGE': 'bare'}"
CASE000493,F,0-17,southern_european,Vlaams-Brabant,Vlaanderen,town,Maria Costa,dr. Marleen Van den Berghe,dr. Jonas Van Damme,Carmela Moreira,Tante,2-jarige,vrouw,23 apr 2026,25-04-2026,31/08/2022,º20/06/2023,23.06.20-544.89,4-33401-92-030,BE03 0751 5252 5339,4259799903238878,Lindeweg 56,1700,Dilbeek,013 19 03 59,0497 01 73 37,maria.costa@gmail.com,https://www.znamiddelheim.be,ZNA Middelheim,Gastro-enterologie,ulcus anastomoticum,syndroom van Guillain-Barre,Phalen-test,A. Radialis,Atorstatine 20 mg,Ibuprofen 400 mg,as 165 graden,8u,co,no evidence of malignancy,,False,patient,patiente,mevrouw,zij,haar,"{'INSZ': 'dotted', 'RIZIV': 'dashed', 'IBAN': 'grouped', 'DATE_ENCOUNTER': 'text_abbr', 'DATE_VALIDATION': 'dd-mm-yyyy', 'DATE_HISTORY': 'dd/mm/yyyy', 'DOB': 'masc_ordinal', 'TELEFOON': 'spaced', 'TELEFOON_MOBILE': 'spaced', 'STREET': 'plain', 'AGE': 'jarige'}"
CASE000494,M,80-95,southern_european,Brussel-Hoofdstad,Brussel,urban,Salvatore Fernandez,dr. Hilde De Smet,dr. Mohamed El Fassi,Miguel Romano,Broer,82 jaar,man,14/04/2026,16 apr 2026,15.04.2018,°11/01/1944,44.01.11-701.94,9-58725-23-480,BE49 0116 2065 2373,4920302875740580,Veldberg 196C,1030,Schaarbeek,+32 (0)2/178.60.57,0485576309,salvatore.fernandez@skynet.be,https://www.jessaziekenhuis.be,Jessa Ziekenhuis,Fysische Geneeskunde en revalidatie,subacromiale bursitis,syndroom van Sjogren,Bristol-schaal type 4,M. Biceps caput longum,Lambipol 100 mg,Depakine chrono 500 mg,beeld passend bij bursitis,2cc,tvv,full range of motion,,False,patient,patient,de heer,hij,zijn,"{'INSZ': 'dotted', 'RIZIV': 'dashed', 'IBAN': 'grouped', 'DATE_ENCOUNTER': 'dd/mm/yyyy', 'DATE_VALIDATION': 'text_abbr', 'DATE_HISTORY': 'dd.mm.yyyy', 'DOB': 'degree', 'TELEFOON': 'intl_paren', 'TELEFOON_MOBILE': 'plain', 'STREET': 'letter', 'AGE': 'jaar'}"
CASE000495,F,18-34,flemish,West-Vlaanderen,Vlaanderen,town,Ann Dubois,dr. Elif Sahin,dr. Elena Fernandez,Filip Jacobs,Neef,23,vrouw,08-05-2026,08/05/2026,23/09/2020,°2 aug 2002,02 08 02 308 50,94595190008,BE54891969886577,4506809838319346,Stationsvest 72 bus 16,8900,Ieper,013/15.67.33,0484/09.40.58,ann.dubois@gmail.com,https://www.uzonzelievevrouw.be,UZ Onze-Lieve-Vrouw,Pneumologie,obstructief slaapapneusyndroom,ziekte van Graves,Snellen 1,M. Subscapularis,Injectafer 1000 mg,Ozempic 1 mg,beers-teken afwezig,3x,PRP,blurr-test,,False,patient,patiente,mevrouw,zij,haar,"{'INSZ': 'spaced', 'RIZIV': 'plain', 'IBAN': 'plain', 'DATE_ENCOUNTER': 'dd-mm-yyyy', 'DATE_VALIDATION': 'dd/mm/yyyy', 'DATE_HISTORY': 'dd/mm/yyyy', 'DOB': 'degree', 'TELEFOON': 'slash_dot', 'TELEFOON_MOBILE': 'slash_dot', 'STREET': 'bus', 'AGE': 'bare'}"
CASE000496,M,35-49,southern_european,Antwerpen,Vlaanderen,town,Salvatore Costa,dr. Jonas Van Acker,dr. Magdalena Ionescu,Marco Santos,Oom,46 jaar,man,8 mei 2026,09-05-2026,13-09-2017,°1979-11-29,79.11.29 137 50,5 21976 78 007,BE40599300041820,4478726819319224,Kerkkaai 86 bus 12,2500,Lier,+32 3 869 74 76,0475 27 80 60,salvatore.costa@proximus.be,https://www.algemeenziekenhuisvesalius.be,Algemeen Ziekenhuis Vesalius,Gastro-enterologie,status na gastric bypass (RYGB),ziekte van Crohn,Jaeger transfertest,M. Supraspinatus,Lyumjev kwikpen,Ventolin aerosol,beeld passend bij bursitis,2cc,NSAID,SSp testen positief,,False,patient,patient,de heer,hij,zijn,"{'INSZ': 'mixed', 'RIZIV': 'spaced', 'IBAN': 'plain', 'DATE_ENCOUNTER': 'text_abbr', 'DATE_VALIDATION': 'dd-mm-yyyy', 'DATE_HISTORY': 'dd-mm-yyyy', 'DOB': 'degree', 'TELEFOON': 'intl', 'TELEFOON_MOBILE': 'spaced', 'STREET': 'bus', 'AGE': 'jaar'}"
CASE000497,F,50-64,maghrebi,West-Vlaanderen,Vlaanderen,urban,Samira El Habti,dr. Wouter De Backer,dr. Giuseppe Silva,Nadia Bouzid,Moeder,63-jarige,vrouw,14 mei 2026,14-05-2026,18/07/2023,º30-09-1962,62.09.30 442 23,5-97909-96-007,BE78731546246704,4608823092587289,Vijverstraat 158A,8000,Brugge,014/13.25.08,0490/52.68.40,samira.elhabti@proximus.be,https://www.uzdevoorzorg.be,UZ De Voorzorg,Endocrinologie,hypothyreoidie,ziekte van Bechterew,Romberg negatief,M. Supraspinatus,Sipralexa 20 mg,Lambipol 100 mg,geel verkleurde sclerae,2cc,APO,blurr-test,,False,patient,patient,mevrouw,zij,haar,"{'INSZ': 'mixed', 'RIZIV': 'dashed', 'IBAN': 'plain', 'DATE_ENCOUNTER': 'text_abbr', 'DATE_VALIDATION': 'dd-mm-yyyy', 'DATE_HISTORY': 'dd/mm/yyyy', 'DOB': 'masc_ordinal', 'TELEFOON': 'slash_dot', 'TELEFOON_MOBILE': 'slash_dot', 'STREET': 'letter', 'AGE': 'jarige'}"
CASE000498,M,50-64,flemish,Antwerpen,Vlaanderen,rural,Geert Mertens,dr. Tom Claes,dr. Samira Bennani,Lore De Smet,Dochter,56 jaar,man,2026-05-23,25/05/2026,31-10-2024,º14-10-1969,69.10.14-725.83,3-33381-08-003,BE64 0648 3260 5583,4106600260469012,Langeberg 211,2400,Mol,+32 (0)2/857.96.22,0484099713,geert.mertens@gmail.com,https://www.uzsintblasius.be,UZ Sint-Blasius,Dermatologie,psoriasis vulgaris,syndroom van Raynaud,Barthel-index 90,N. Medianus,Lambipol 100 mg,Ventolin aerosol,geel verkleurde sclerae,pH 7.38,antec.,shared decision making,,False,patient,patient,de heer,hij,zijn,"{'INSZ': 'dotted', 'RIZIV': 'dashed', 'IBAN': 'grouped', 'DATE_ENCOUNTER': 'yyyy-mm-dd', 'DATE_VALIDATION': 'dd/mm/yyyy', 'DATE_HISTORY': 'dd-mm-yyyy', 'DOB': 'masc_ordinal', 'TELEFOON': 'intl_paren', 'TELEFOON_MOBILE': 'plain', 'STREET': 'plain', 'AGE': 'jaar'}"
CASE000499,F,35-49,eastern_european,West-Vlaanderen,Vlaanderen,town,Iwona Ionescu,dr. Leen Mertens,dr. Sofia Rossi,Elena Wisniewski,Nicht,36-jarige,vrouw,25/04/2026,27/4/2026,01/08/2023,°5 nov 1989,89 11 05 856 67,11466586480,BE27 8765 0088 2194,4554129824922024,Oudestraat 238,8300,Knokke-Heist,09-671 48 53,0495/25.99.15,iwona.ionescu@telenet.be,https://www.ziekenhuisrivierenland.be,Ziekenhuis Rivierenland,Oftalmologie,geen diabetische retinopathie,ziekte van Graves,Bristol-schaal type 4,M. Subscapularis,Atorstatine 20 mg,Ventolin aerosol,molaire zwangerschap uitgesloten,1 a 2 /d,ESWT,shared decision making,,False,patient,patiente,mevrouw,zij,haar,"{'INSZ': 'spaced', 'RIZIV': 'plain', 'IBAN': 'grouped', 'DATE_ENCOUNTER': 'dd/mm/yyyy', 'DATE_VALIDATION': 'd/m/yyyy', 'DATE_HISTORY': 'dd/mm/yyyy', 'DOB': 'degree', 'TELEFOON': 'dashed', 'TELEFOON_MOBILE': 'slash_dot', 'STREET': 'plain', 'AGE': 'jarige'}"
CASE000500,M,35-49,flemish,West-Vlaanderen,Vlaanderen,urban,Koen Janssens,dr. Angelo Romano,dr. Vasile Marinescu,Jonas Goossens,Grootvader,35-jarige,man,13 mei 2026,15 mei 2026,5/2017,º18-03-1991,91031817355,6-09968-65-008,BE93 4363 7019 8069,4414863290850505,Stationsbaan 118,8500,Kortrijk,+32 4 399 94 28,0497 67 02 24,koen.janssens@proximus.be,https://www.znamiddelheim.be,ZNA Middelheim,Gastro-enterologie,ferriprieve anaemie,ziekte van Hashimoto,Glasgow Coma Scale 15,lig. Collaterale mediale,Paracetamol 1 g,Glucagen hypokit,molaire zwangerschap uitgesloten,4.95*,RYGB,shared decision making,,False,patient,patient,de heer,hij,zijn,"{'INSZ': 'plain', 'RIZIV': 'dashed', 'IBAN': 'grouped', 'DATE_ENCOUNTER': 'text_abbr', 'DATE_VALIDATION': 'text_abbr', 'DATE_HISTORY': 'm/yyyy', 'DOB': 'masc_ordinal', 'TELEFOON': 'intl', 'TELEFOON_MOBILE': 'spaced', 'STREET': 'plain', 'AGE': 'jarige'}"
CASE000501,F,50-64,flemish,Antwerpen,Vlaanderen,rural,Griet Jaeger,dr. Marleen Van Damme,dr. Dirk Maes,Stijn Peeters,Oom,64 jaar,vrouw,16-05-2026,18 mei 2026,14-12-2022,°07-10-1961,61.10.07-912.35,62861344008,BE45 4360 6784 6053,4289404393516024,Abdijpark 107 bus 12,2400,Mol,04/741.20.81,0476 55 66 76,griet.jaeger@gmail.com,https://www.algemeenziekenhuisvesalius.be,Algemeen Ziekenhuis Vesalius,Gastro-enterologie,lichte chronische niet specifieke colitis,manoeuvre van Valsalva,teken van Tinel,lig. Collaterale mediale,Pantomed 40 mg,Progor retard 180 mg,peervormige galblaas,T 37.2,ivm,full range of motion,,True,patient,patiente,mevrouw,zij,haar,"{'INSZ': 'dotted', 'RIZIV': 'plain', 'IBAN': 'grouped', 'DATE_ENCOUNTER': 'dd-mm-yyyy', 'DATE_VALIDATION': 'text_abbr', 'DATE_HISTORY': 'dd-mm-yyyy', 'DOB': 'degree', 'TELEFOON': 'slash_dot', 'TELEFOON_MOBILE': 'spaced', 'STREET': 'bus', 'AGE': 'jaar'}"
CASE000502,M,80-95,flemish,West-Vlaanderen,Vlaanderen,rural,Kris Verhoeven,dr. Lieve Wouters,dr. Joseph Tshibangu,Marleen Willems,Tante,81 jaar,man,14-05-2026,16/05/2026,2023-05-09,°28/04/1945,45.04.28-367.57,35200310018,BE54 8123 3142 8182,4967819456597737,Brouwerslaan 178,8600,Diksmuide,+32 57 47 54 73,0493 57 59 04,kris.verhoeven@gmail.com,https://www.jessaziekenhuis.be,Jessa Ziekenhuis,Orthopedie,gonartrose bilateraal,ziekte van Crohn,Snellen 1,M. Supraspinatus,Paracetamol 1 g,Metformine viatris 500 mg,beeld passend bij bursitis,HR: 68,nle,blurr-test,,False,patient,patient,de heer,hij,zijn,"{'INSZ': 'dotted', 'RIZIV': 'plain', 'IBAN': 'grouped', 'DATE_ENCOUNTER': 'dd-mm-yyyy', 'DATE_VALIDATION': 'dd/mm/yyyy', 'DATE_HISTORY': 'yyyy-mm-dd', 'DOB': 'degree', 'TELEFOON': 'intl', 'TELEFOON_MOBILE': 'spaced', 'STREET': 'plain', 'AGE': 'jaar'}"
CASE000503,F,35-49,central_african,Antwerpen,Vlaanderen,urban,Grace Mbala,dr. Lode Dubois,dr. Sofie Janssens,Emmanuel Kabongo,Neef,49-jarige,vrouw,16/04/2026,18-04-2026,16-08-2020,º16 aug 1976,76.08.16-976.02,7-04161-59-004,BE52 3495 5538 6114,4898852499196088,Kouterplein 119,2000,Antwerpen,+32 (0)13/26.57.28,+32 (0)490/18.98.75,grace.mbala@proximus.be,https://www.azvesalius.be,AZ Vesalius,Orthopedie,carpaal tunnelsyndroom,ziekte van Crohn,teken van Tinel,V. Saphena magna,Ozempic 1 mg,Progor retard 180 mg,boomstructuur van de bronchi,25 000 ie,PTO,Painful arc beiderzijds +,,False,patient,patiente,mevrouw,zij,haar,"{'INSZ': 'dotted', 'RIZIV': 'dashed', 'IBAN': 'grouped', 'DATE_ENCOUNTER': 'dd/mm/yyyy', 'DATE_VALIDATION': 'dd-mm-yyyy', 'DATE_HISTORY': 'dd-mm-yyyy', 'DOB': 'masc_ordinal', 'TELEFOON': 'intl_paren', 'TELEFOON_MOBILE': 'intl_paren', 'STREET': 'plain', 'AGE': 'jarige'}"
CASE000504,M,35-49,southern_european,Antwerpen,Vlaanderen,urban,Rafael Garcia,dr. Krzysztof Nowak,dr. Marleen De Backer,Paulo Silva,Vader,42,man,28 mei 2026,28-05-2026,27/6/2017,°24/02/1984,84.02.24-379.97,53022871003,BE84 2626 3294 3100,4519736654758783,Kortelaan 217,2018,Antwerpen,058 54 27 34,+32 (0)491/91.62.73,rafael.garcia@skynet.be,https://www.aznikolaas.be,AZ Nikolaas,Gastro-enterologie,anale fissuur,ziekte van Hashimoto,Romberg negatief,m. Infraspinatus,Atorstatine 20 mg,Ozempic 1 mg,boomstructuur van de bronchi,4.95*,PPI,SSp testen positief,,False,patient,patient,de heer,hij,zijn,"{'INSZ': 'dotted', 'RIZIV': 'plain', 'IBAN': 'grouped', 'DATE_ENCOUNTER': 'text_abbr', 'DATE_VALIDATION': 'dd-mm-yyyy', 'DATE_HISTORY': 'd/m/yyyy', 'DOB': 'degree', 'TELEFOON': 'spaced', 'TELEFOON_MOBILE': 'intl_paren', 'STREET': 'plain', 'AGE': 'bare'}"
CASE000505,F,50-64,flemish,West-Vlaanderen,Vlaanderen,town,Griet Claes,dr. Yassine Benali,dr. Jan Wouters,Inge Van den Berghe,Zus,62,vrouw,26 mei 2026,2026-05-27,30-06-2024,°03/10/1963,63.10.03-868.47,6-18209-69-480,BE68 1604 2614 5087,4676227025431630,Meersstraat 225 bus 16,8800,Roeselare,+32 10 64 27 29,0470/88.37.26,griet.claes@telenet.be,https://www.znamiddelheim.be,ZNA Middelheim,Gastro-enterologie,ferriprieve anaemie,ziekte van Graves,Glasgow Coma Scale 15,m. Deltoideus,Depakine chrono 500 mg,Metformine viatris 500 mg,lintvormige stoelgang,1 a 2 /d,OS,full range of motion,,False,patient,patiente,mevrouw,zij,haar,"{'INSZ': 'dotted', 'RIZIV': 'dashed', 'IBAN': 'grouped', 'DATE_ENCOUNTER': 'text_abbr', 'DATE_VALIDATION': 'yyyy-mm-dd', 'DATE_HISTORY': 'dd-mm-yyyy', 'DOB': 'degree', 'TELEFOON': 'intl', 'TELEFOON_MOBILE': 'slash_dot', 'STREET': 'bus', 'AGE': 'bare'}"
CASE000506,M,35-49,flemish,Antwerpen,Vlaanderen,rural,Marc Vermeulen,dr. Amina Bouzid,dr. Fatima Alaoui,Katrien Goossens,Tante,47 jaar,man,27/05/2026,29/05/2026,10/11/2018,°20.09.1978,78.09.20-139.89,2 62245 43 003,BE60 8968 5590 3442,4138057321367887,Bakkerberg 225 bus 12,2400,Mol,055-94 35 32,0489/95.55.09,marc.vermeulen@gmail.com,https://www.klinieksintrembert.be,Kliniek Sint-Rembert,Oftalmologie,open kamerhoek glaucoom,syndroom van Raynaud,teken van Tinel,N. Medianus,Progor retard 180 mg,Lyumjev kwikpen,as 165 graden,3x/week,OS,Painful arc beiderzijds +,,False,patient,patiente,de heer,hij,zijn,"{'INSZ': 'dotted', 'RIZIV': 'spaced', 'IBAN': 'grouped', 'DATE_ENCOUNTER': 'dd/mm/yyyy', 'DATE_VALIDATION': 'dd/mm/yyyy', 'DATE_HISTORY': 'd/m/yyyy', 'DOB': 'degree', 'TELEFOON': 'dashed', 'TELEFOON_MOBILE': 'slash_dot', 'STREET': 'bus', 'AGE': 'jaar'}"
CASE000507,F,0-17,maghrebi,Brussel-Hoofdstad,Brussel,urban,Sara Ouazzani,dr. Fatima El Fassi,dr. Marleen De Smet,Hamza Alaoui,Broer,11 jaar,vrouw,21-04-2026,23-04-2026,19-08-2019,°2014-09-19,14.09.19-326.72,6-88582-21-030,BE67 1657 7157 1538,4458019762134616,Brouwersbaan 161,1000,Brussel,056 51 93 78,0483/27.08.22,sara.ouazzani@gmail.com,https://www.uzzeepreventorium.be,UZ Zeepreventorium,NKO,chronische rhinosinusitis,syndroom van Raynaud,Bristol-schaal type 4,A. Radialis,D-cure 25 000 ie,Ozempic 1 mg,peervormige galblaas,T 37.2,ivm,shared decision making,,False,patient,patiente,mevrouw,zij,haar,"{'INSZ': 'dotted', 'RIZIV': 'dashed', 'IBAN': 'grouped', 'DATE_ENCOUNTER': 'dd-mm-yyyy', 'DATE_VALIDATION': 'dd-mm-yyyy', 'DATE_HISTORY': 'dd-mm-yyyy', 'DOB': 'degree', 'TELEFOON': 'spaced', 'TELEFOON_MOBILE': 'slash_dot', 'STREET': 'plain', 'AGE': 'jaar'}"
CASE000508,M,18-34,flemish,Vlaams-Brabant,Vlaanderen,rural,Pieter De Boom,dr. Dirk Wouters,dr. Bart Coppens,Stijn Janssens,Vader,22 jaar,man,2026-04-20,22-04-2026,09/12/2022,°23 juni 2003,03.06.23-683.22,9 01436 82 004,BE36 1495 0565 2669,4105635869902139,Brouwersring 57,3200,Aarschot,010 58 08 14,0476 36 91 03,pieter.deboom@telenet.be,https://www.azalma.be,AZ Alma,Dermatologie,atopisch eczeem,ziekte van Crohn,Phalen-test,A. Radialis,Cose protect,Nexiam 20 mg,as 165 graden,1/d,PPI,watchful waiting,,True,patient,patient,de heer,hij,zijn,"{'INSZ': 'dotted', 'RIZIV': 'spaced', 'IBAN': 'grouped', 'DATE_ENCOUNTER': 'yyyy-mm-dd', 'DATE_VALIDATION': 'dd-mm-yyyy', 'DATE_HISTORY': 'dd/mm/yyyy', 'DOB': 'degree', 'TELEFOON': 'spaced', 'TELEFOON_MOBILE': 'spaced', 'STREET': 'plain', 'AGE': 'jaar'}"
CASE000509,F,80-95,southern_european,West-Vlaanderen,Vlaanderen,rural,Ana Esposito,dr. Sofie Van den Berghe,dr. Tolga Celik,Ana Moreira,Grootmoeder,89-jarige,vrouw,20-04-2026,20-04-2026,2 apr 2016,º02.11.1936,36.11.02-230.58,1 82874 68 008,BE03 4756 4652 7210,4629532230724879,Vissershof 182,8600,Diksmuide,049950438,0498 50 37 83,ana.esposito@gmail.com,https://www.znamiddelheim.be,ZNA Middelheim,Algemene Heelkunde,ziekte van Von Willebrand,syndroom van Raynaud,Humphrey - perimetrie,M. Subscapularis,Depakine chrono 500 mg,Glucagen hypokit,boomstructuur van de bronchi,BMI 20.808,i.o.m.,shared decision making,,False,patient,patiente,mevrouw,zij,haar,"{'INSZ': 'dotted', 'RIZIV': 'spaced', 'IBAN': 'grouped', 'DATE_ENCOUNTER': 'dd-mm-yyyy', 'DATE_VALIDATION': 'dd-mm-yyyy', 'DATE_HISTORY': 'text_abbr', 'DOB': 'masc_ordinal', 'TELEFOON': 'plain', 'TELEFOON_MOBILE': 'spaced', 'STREET': 'plain', 'AGE': 'jarige'}"
CASE000510,M,65-79,flemish,West-Vlaanderen,Vlaanderen,town,Dirk Peeters,dr. Nabil Cherkaoui,dr. Rik Goossens,Marleen Mertens,Nicht,72-jarige,man,26 april 2026,28 apr 2026,24-10-2021,°10/09/1953,53.09.10-177.20,11591401030,BE89 4235 3493 9406,4780228017710620,Vissersberg 101,8400,Oostende,012/27.53.41,+32 492 94 77 90,dirk.peeters@proximus.be,https://www.algemeenziekenhuissintvincentius.be,Algemeen Ziekenhuis Sint-Vincentius,Cardiologie,arteriele hypertensie,ziekte van Graves,Snellen 1,M. Subscapularis,Sipralexa 20 mg,Paracetamol 1 g,hamstringletsel links,22u,tvv,blurr-test,,False,patient,patient,de heer,hij,zijn,"{'INSZ': 'dotted', 'RIZIV': 'plain', 'IBAN': 'grouped', 'DATE_ENCOUNTER': 'text_nl', 'DATE_VALIDATION': 'text_abbr', 'DATE_HISTORY': 'dd-mm-yyyy', 'DOB': 'degree', 'TELEFOON': 'slash_dot', 'TELEFOON_MOBILE': 'intl', 'STREET': 'plain', 'AGE': 'jarige'}"
CASE000511,F,65-79,flemish,Limburg,Vlaanderen,town,Leen Peeters,dr. Kaan Demir,dr. Bernadette Kalala,Els Vermeulen,Nicht,69-jarige,vrouw,18-04-2026,19-04-2026,25-05-2017,º21/7/1956,56072165042,2-42337-66-003,BE07 0863 1850 4115,4777277457502182,Nieuwlei 1,3600,Genk,057 95 33 42,0476 75 28 78,leen.peeters@proximus.be,https://www.kliniekvesalius.be,Kliniek Vesalius,Reumatologie,reumatoide artritis,ziekte van Parkinson,Humphrey - perimetrie,m. Infraspinatus,Nexiam 20 mg,Ventolin aerosol,hamstringletsel links,3x,PRP,blurr-test,,False,patient,patiente,mevrouw,zij,haar,"{'INSZ': 'plain', 'RIZIV': 'dashed', 'IBAN': 'grouped', 'DATE_ENCOUNTER': 'dd-mm-yyyy', 'DATE_VALIDATION': 'dd-mm-yyyy', 'DATE_HISTORY': 'dd-mm-yyyy', 'DOB': 'masc_ordinal', 'TELEFOON': 'spaced', 'TELEFOON_MOBILE': 'spaced', 'STREET': 'plain', 'AGE': 'jarige'}"
CASE000512,M,18-34,flemish,Oost-Vlaanderen,Vlaanderen,town,Lode Verhoeven,dr. Marco Silva,dr. Filip Verhoeven,Femke Van Damme,Dochter,25 jaar,man,4/5/2026,6/5/2026,4/12/2017,°2000-11-13,00.11.13-539.50,4-56865-05-007,BE91 7092 3139 5306,4592118572350193,Nieuwweg 163,9300,Aalst,056 81 89 86,+32 (0)486/95.10.28,lode.verhoeven@proximus.be,https://www.uzvesalius.be,UZ Vesalius,Gastro-enterologie,ferriprieve anaemie,syndroom van Guillain-Barre,Goldmann applanatie,lig. Collaterale mediale,Injectafer 1000 mg,Cose protect,as 165 graden,1 a 2 /d,antec.,watchful waiting,,False,patient,patient,de heer,hij,zijn,"{'INSZ': 'dotted', 'RIZIV': 'dashed', 'IBAN': 'grouped', 'DATE_ENCOUNTER': 'd/m/yyyy', 'DATE_VALIDATION': 'd/m/yyyy', 'DATE_HISTORY': 'd/m/yyyy', 'DOB': 'degree', 'TELEFOON': 'spaced', 'TELEFOON_MOBILE': 'intl_paren', 'STREET': 'plain', 'AGE': 'jaar'}"
CASE000513,F,80-95,southern_european,Limburg,Vlaanderen,town,Lucia Moreira,dr. Lieve Mertens,dr. Jan Peeters,Rosa Costa,Dochter,92,vrouw,16-04-2026,17-04-2026,22/01/2019,°22/12/1933,33 12 22 328 80,18997449018,BE64354285163613,4966529483051712,Abdijdreef 130 bus 10,3600,Genk,058-00 45 87,0478/20.84.22,lucia.moreira@gmail.com,https://www.azklina.be,AZ Klina,Reumatologie,osteoporose,ziekte van Parkinson,teken van Tinel,m. Infraspinatus,Toujeo solostar,Ibuprofen 400 mg,boomstructuur van de bronchi,22u,APO,shared decision making,,False,patient,patiente,mevrouw,zij,haar,"{'INSZ': 'spaced', 'RIZIV': 'plain', 'IBAN': 'plain', 'DATE_ENCOUNTER': 'dd-mm-yyyy', 'DATE_VALIDATION': 'dd-mm-yyyy', 'DATE_HISTORY': 'dd/mm/yyyy', 'DOB': 'degree', 'TELEFOON': 'dashed', 'TELEFOON_MOBILE': 'slash_dot', 'STREET': 'bus', 'AGE': 'bare'}"
CASE000514,M,35-49,flemish,West-Vlaanderen,Vlaanderen,rural,Lode Claes,dr. Geert Dubois,dr. Veerle Janssens,Jan De Smet,Vader,41 jaar,man,30-04-2026,02/05/2026,30-09-2024,º27 jun 1984,84.06.27 489 22,1 78656 18 006,BE43 5620 7142 3821,4303253695255878,Dorphof 44,8700,Tielt,+32 57 47 21 71,0475/37.98.29,lode.claes@gmail.com,https://www.kliniekzeepreventorium.be,Kliniek Zeepreventorium,NKO,chronische rhinosinusitis,syndroom van Guillain-Barre,Goldmann applanatie,N. Medianus,Asaflow 80 mg,Injectafer 1000 mg,beers-teken afwezig,1/w,PRP,watchful waiting,,False,patient,patient,de heer,hij,zijn,"{'INSZ': 'mixed', 'RIZIV': 'spaced', 'IBAN': 'grouped', 'DATE_ENCOUNTER': 'dd-mm-yyyy', 'DATE_VALIDATION': 'dd/mm/yyyy', 'DATE_HISTORY': 'dd-mm-yyyy', 'DOB': 'masc_ordinal', 'TELEFOON': 'intl', 'TELEFOON_MOBILE': 'slash_dot', 'STREET': 'plain', 'AGE': 'jaar'}"
CASE000515,F,50-64,maghrebi,West-Vlaanderen,Vlaanderen,town,Leila Rahmani,dr. Serkan Arslan,dr. Geert Goossens,Anas Ouazzani,Grootvader,53,vrouw,07/05/2026,08/05/2026,12/2017,º09/01/1973,73.01.09-040.66,7-11391-07-018,BE18 6917 6303 6481,4739652729598670,Abdijberg 206 bus 7,8800,Roeselare,+32 (0)54/40.78.70,0456 64 13 11,leila.rahmani@gmail.com,https://www.uzgroeninge.be,UZ Groeninge,Cardiologie,boezemfibrilleren,syndroom van Guillain-Barre,Snellen 1,N. Medianus,Progor retard 180 mg,Nexiam 20 mg,beers-teken afwezig,4.95*,PRP,full range of motion,,False,patient,patiente,mevrouw,zij,haar,"{'INSZ': 'dotted', 'RIZIV': 'dashed', 'IBAN': 'grouped', 'DATE_ENCOUNTER': 'dd/mm/yyyy', 'DATE_VALIDATION': 'dd/mm/yyyy', 'DATE_HISTORY': 'mm/yyyy', 'DOB': 'masc_ordinal', 'TELEFOON': 'intl_paren', 'TELEFOON_MOBILE': 'spaced', 'STREET': 'bus', 'AGE': 'bare'}"
CASE000516,M,18-34,flemish,Antwerpen,Vlaanderen,urban,Wouter De Backer,dr. An Janssens,dr. Bilal Benali,Nele Verhoeven,Zus,30 jaar,man,16-05-2026,17/05/2026,6/9/2016,°1995-08-02,95080244591,89465771008,BE37395462302456,4063022829335280,Gaverpark 43 bus 11,2000,Antwerpen,09 176 55 89,+32 (0)477/88.47.46,wouter.debacker@gmail.com,https://www.azsintjozef.be,AZ Sint-Jozef,Dermatologie,psoriasis vulgaris,teken van Lasegue,Barthel-index 90,lig. Collaterale mediale,Glucagen hypokit,Progor retard 180 mg,boomstructuur van de bronchi,spO2: 94%,ivm,SSp testen positief,,False,patient,patient,de heer,hij,zijn,"{'INSZ': 'plain', 'RIZIV': 'plain', 'IBAN': 'plain', 'DATE_ENCOUNTER': 'dd-mm-yyyy', 'DATE_VALIDATION': 'dd/mm/yyyy', 'DATE_HISTORY': 'd/m/yyyy', 'DOB': 'degree', 'TELEFOON': 'spaced', 'TELEFOON_MOBILE': 'intl_paren', 'STREET': 'bus', 'AGE': 'jaar'}"
CASE000517,F,18-34,maghrebi,Limburg,Vlaanderen,urban,Leila Bouzid,dr. Lieve Verhoeven,dr. Dirk De Backer,Yassine El Amrani,Neef,34 jaar,vrouw,24 apr 2026,24-04-2026,2019-09-17,°24.09.1991,91.09.24-318.63,9-58600-51-018,BE52 0289 9174 9685,4465333477496330,Abdijdreef 7,3500,Hasselt,050/47.61.93,0499-98 93 70,leila.bouzid@gmail.com,https://www.kliniekdamiaan.be,Kliniek Damiaan,Gynaecologie,endometriose,manoeuvre van Valsalva,Jaeger transfertest,M. Subscapularis,Depakine chrono 500 mg,Toujeo solostar,beers-teken afwezig,3x/week,SSp,SSp testen positief,,False,patient,patient,mevrouw,zij,haar,"{'INSZ': 'dotted', 'RIZIV': 'dashed', 'IBAN': 'grouped', 'DATE_ENCOUNTER': 'text_abbr', 'DATE_VALIDATION': 'dd-mm-yyyy', 'DATE_HISTORY': 'yyyy-mm-dd', 'DOB': 'degree', 'TELEFOON': 'slash_dot', 'TELEFOON_MOBILE': 'dashed', 'STREET': 'plain', 'AGE': 'jaar'}"
CASE000518,M,18-34,flemish,Oost-Vlaanderen,Vlaanderen,urban,Tom Dubois,dr. Dirk Van Acker,dr. An Wouters,An Van Acker,Tante,27,man,17.04.2026,19.04.2026,15/12/2020,º12-07-1998,98071227715,47266615480,BE28259634624929,4571319844496161,Weverberg 9 bus 12,9000,Gent,054/65.39.78,+32 489 57 38 64,tom.dubois@skynet.be,https://www.znamiddelheim.be,ZNA Middelheim,Cardiologie,arteriele hypertensie,manoeuvre van Valsalva,teken van Tinel,M. Subscapularis,Ozempic 1 mg,Injectafer 1000 mg,hamstringletsel links,100 e/ml 3 ml,nle,full range of motion,,False,patient,patient,de heer,hij,zijn,"{'INSZ': 'plain', 'RIZIV': 'plain', 'IBAN': 'plain', 'DATE_ENCOUNTER': 'dd.mm.yyyy', 'DATE_VALIDATION': 'dd.mm.yyyy', 'DATE_HISTORY': 'dd/mm/yyyy', 'DOB': 'masc_ordinal', 'TELEFOON': 'slash_dot', 'TELEFOON_MOBILE': 'intl', 'STREET': 'bus', 'AGE': 'bare'}"
CASE000519,F,50-64,flemish,Oost-Vlaanderen,Vlaanderen,town,Marleen De Clercq,dr. Luc De Backer,dr. Gul Ozturk,Leen Mertens,Nicht,52,vrouw,20-04-2026,20-04-2026,02.08.2018,°17 feb 1974,74.02.17-604.66,1-12892-16-018,BE93 3834 8325 2789,4359759809628217,Kortedries 118,9100,Sint-Niklaas,03-712 39 33,0471 99 97 52,marleen.declercq@gmail.com,https://www.azonzelievevrouw.be,AZ Onze-Lieve-Vrouw,Fysische Geneeskunde en revalidatie,laterale epicondylitis rechts,ziekte van Von Willebrand,Glasgow Coma Scale 15,lig. Collaterale mediale,Diltiazemzalf 2%,Injectafer 1000 mg,molaire zwangerschap uitgesloten,FEV1/FVC 73.17,nle,no evidence of malignancy,,False,patient,patiente,mevrouw,zij,haar,"{'INSZ': 'dotted', 'RIZIV': 'dashed', 'IBAN': 'grouped', 'DATE_ENCOUNTER': 'dd-mm-yyyy', 'DATE_VALIDATION': 'dd-mm-yyyy', 'DATE_HISTORY': 'dd.mm.yyyy', 'DOB': 'degree', 'TELEFOON': 'dashed', 'TELEFOON_MOBILE': 'spaced', 'STREET': 'plain', 'AGE': 'bare'}"
CASE000520,M,50-64,maghrebi,Antwerpen,Vlaanderen,town,Ismail Rahmani,dr. Femke Goossens,dr. Koen Van den Berghe,Ismail Alaoui,Grootvader,62-jarige,man,27-04-2026,29 apr 2026,7 sep 2016,°13 okt 1963,63101390105,8-90710-41-003,BE42 7073 2149 0729,4941567117753980,Zonnepad 187,2500,Lier,012/07.93.22,0474/57.66.20,ismail.rahmani@gmail.com,https://www.ziekenhuissintlucas.be,Ziekenhuis Sint-Lucas,Dermatologie,psoriasis vulgaris,ziekte van Parkinson,Schirmer-test,N. Medianus,Diltiazemzalf 2%,D-cure 25 000 ie,beers-teken afwezig,25 000 ie,PRP,no evidence of malignancy,,False,patient,patient,de heer,hij,zijn,"{'INSZ': 'plain', 'RIZIV': 'dashed', 'IBAN': 'grouped', 'DATE_ENCOUNTER': 'dd-mm-yyyy', 'DATE_VALIDATION': 'text_abbr', 'DATE_HISTORY': 'text_abbr', 'DOB': 'degree', 'TELEFOON': 'slash_dot', 'TELEFOON_MOBILE': 'slash_dot', 'STREET': 'plain', 'AGE': 'jarige'}"
CASE000521,F,35-49,flemish,Antwerpen,Vlaanderen,town,An Van den Berghe,dr. Lieve Vermeulen,dr. Els De Clercq,Inge Maes,Moeder,42-jarige,vrouw,26-05-2026,27-05-2026,21-01-2019,º29-12-1983,83 12 29 132 49,6-60704-60-004,BE33426565723941,4306848368167230,Eikendries 15/17,2500,Lier,04/924.13.71,0470548824,an.vandenberghe@gmail.com,https://www.uzsintvincentius.be,UZ Sint-Vincentius,Fysische Geneeskunde en revalidatie,lumbaal facettair syndroom,ziekte van Bechterew,teken van Tinel,A. Radialis,Atorstatine 20 mg,Sipralexa 20 mg,lintvormige stoelgang,100 e/ml 3 ml,i.o.m.,SSp testen positief,,False,patient,patiente,mevrouw,zij,haar,"{'INSZ': 'spaced', 'RIZIV': 'dashed', 'IBAN': 'plain', 'DATE_ENCOUNTER': 'dd-mm-yyyy', 'DATE_VALIDATION': 'dd-mm-yyyy', 'DATE_HISTORY': 'dd-mm-yyyy', 'DOB': 'masc_ordinal', 'TELEFOON': 'slash_dot', 'TELEFOON_MOBILE': 'plain', 'STREET': 'slash', 'AGE': 'jarige'}"
CASE000522,M,50-64,maghrebi,Limburg,Vlaanderen,town,Youssef Bouzid,dr. Iwona Wisniewski,dr. Jonas Janssens,Mehdi El Fassi,Neef,53 jaar,man,23/04/2026,23/04/2026,22 juni 2025,°25/12/1972,72122545996,2-58595-07-007,BE52 5340 4745 3098,4661340475000453,Zonnewal 242,3600,Genk,051/93.16.60,+32 (0)473/54.98.87,youssef.bouzid@proximus.be,https://www.ziekenhuisnikolaas.be,Ziekenhuis Nikolaas,Orthopedie,gonartrose bilateraal,ziekte van Von Willebrand,Bristol-schaal type 4,V. Saphena magna,Cose protect,Lyumjev kwikpen,peervormige galblaas,FEV1/FVC 73.17,nle,Painful arc beiderzijds +,,False,patient,patient,de heer,hij,zijn,"{'INSZ': 'plain', 'RIZIV': 'dashed', 'IBAN': 'grouped', 'DATE_ENCOUNTER': 'dd/mm/yyyy', 'DATE_VALIDATION': 'dd/mm/yyyy', 'DATE_HISTORY': 'text_nl', 'DOB': 'degree', 'TELEFOON': 'slash_dot', 'TELEFOON_MOBILE': 'intl_paren', 'STREET': 'plain', 'AGE': 'jaar'}"
CASE000523,F,80-95,southern_european,Limburg,Vlaanderen,rural,Ana Santos,dr. Els Goossens,dr. Merve Aydin,Lucia Ferrari,Dochter,81 jaar,vrouw,09.05.2026,10 mei 2026,27-02-2022,°3/12/1944,44.12.03-040.05,64943082007,BE62383264466743,4514096170998735,Oudelei 95,3630,Maasmechelen,02 045 39 80,+32 497 70 97 69,ana.santos@telenet.be,https://www.azmariamiddelares.be,AZ Maria Middelares,Fysische Geneeskunde en revalidatie,bekkenbodemhypertonie,syndroom van Guillain-Barre,Snellen 1,V. Saphena magna,Glucagen hypokit,Sipralexa 20 mg,as 165 graden,0.5 mg,z.n.,Painful arc beiderzijds +,,False,patient,patiente,mevrouw,zij,haar,"{'INSZ': 'dotted', 'RIZIV': 'plain', 'IBAN': 'plain', 'DATE_ENCOUNTER': 'dd.mm.yyyy', 'DATE_VALIDATION': 'text_nl', 'DATE_HISTORY': 'dd-mm-yyyy', 'DOB': 'degree', 'TELEFOON': 'spaced', 'TELEFOON_MOBILE': 'intl', 'STREET': 'plain', 'AGE': 'jaar'}"
CASE000524,M,0-17,flemish,Antwerpen,Vlaanderen,urban,Bart Lambert,dr. Marleen Dubois,dr. Nele Mertens,Dirk Mertens,Broer,17-jarige,man,14-05-2026,15-05-2026,10.08.2024,°28/7/2008,08 07 28 513 57,57440529030,BE30846848216492,4471650441526443,Schoolwal 256A,2000,Antwerpen,+32 56 17 33 15,0473 54 04 35,bart.lambert@proximus.be,https://www.azturnhout.be,AZ Turnhout,Neurologie,"epilepsie, in remissie",ziekte van Hashimoto,Bristol-schaal type 4,V. Saphena magna,Ibuprofen 400 mg,Lyumjev kwikpen,as 165 graden,pH 7.38,OD,watchful waiting,,False,patient,patient,de heer,hij,zijn,"{'INSZ': 'spaced', 'RIZIV': 'plain', 'IBAN': 'plain', 'DATE_ENCOUNTER': 'dd-mm-yyyy', 'DATE_VALIDATION': 'dd-mm-yyyy', 'DATE_HISTORY': 'dd.mm.yyyy', 'DOB': 'degree', 'TELEFOON': 'intl', 'TELEFOON_MOBILE': 'spaced', 'STREET': 'letter', 'AGE': 'jarige'}"
CASE000525,F,35-49,maghrebi,Antwerpen,Vlaanderen,urban,Nadia Idrissi,dr. Lore Vermeulen,dr. Kris De Clercq,Sara Ouazzani,Tante,45-jarige,vrouw,17-05-2026,18/05/2026,25-04-2018,°19/08/1980,80 08 19 676 05,8-08704-82-004,BE72 4780 7707 4368,4275056880848207,Wilgenpad 2C,2018,Antwerpen,09/213.84.15,0456/01.73.85,nadia.idrissi@gmail.com,https://www.klinieksintblasius.be,Kliniek Sint-Blasius,Pneumologie,obstructief slaapapneusyndroom,ziekte van Parkinson,Romberg negatief,m. Infraspinatus,Lyumjev kwikpen,Sipralexa 20 mg,boomstructuur van de bronchi,12u,OD,Painful arc beiderzijds +,,False,patient,patiente,mevrouw,zij,haar,"{'INSZ': 'spaced', 'RIZIV': 'dashed', 'IBAN': 'grouped', 'DATE_ENCOUNTER': 'dd-mm-yyyy', 'DATE_VALIDATION': 'dd/mm/yyyy', 'DATE_HISTORY': 'dd-mm-yyyy', 'DOB': 'degree', 'TELEFOON': 'slash_dot', 'TELEFOON_MOBILE': 'slash_dot', 'STREET': 'letter', 'AGE': 'jarige'}"
CASE000526,M,18-34,flemish,Vlaams-Brabant,Vlaanderen,urban,Wim Willems,dr. Wim Vermeulen,dr. Tine De Clercq,Wouter Verhoeven,Grootvader,24-jarige,man,21-05-2026,23-05-2026,21 sep 2018,°11 april 2002,02041199337,5-68030-02-480,BE47 3253 5478 1223,4613177905340383,Stationslei 138 bus 2,3000,Leuven,054 68 49 05,0493/54.56.82,wim.willems@skynet.be,https://www.kliniekdevoorzorg.be,Kliniek De Voorzorg,Orthopedie,gonartrose bilateraal,syndroom van Sjogren,Goldmann applanatie,m. Infraspinatus,Ibuprofen 400 mg,Ozempic 1 mg,geel verkleurde sclerae,300 ie/ml 1.5 ml,RYGB,Painful arc beiderzijds +,,False,patient,patient,de heer,hij,zijn,"{'INSZ': 'plain', 'RIZIV': 'dashed', 'IBAN': 'grouped', 'DATE_ENCOUNTER': 'dd-mm-yyyy', 'DATE_VALIDATION': 'dd-mm-yyyy', 'DATE_HISTORY': 'text_abbr', 'DOB': 'degree', 'TELEFOON': 'spaced', 'TELEFOON_MOBILE': 'slash_dot', 'STREET': 'bus', 'AGE': 'jarige'}"
CASE000527,F,35-49,flemish,West-Vlaanderen,Vlaanderen,rural,Lieve Jacobs,dr. Rafael Romano,dr. Marleen Goossens,Griet Lambert,Grootmoeder,48,vrouw,13-05-2026,14/05/2026,28-09-2016,º02-02-1978,78020259428,9 42496 53 004,BE45 7388 2666 8434,4613506210840150,Smidhof 7,8600,Diksmuide,015 24 78 92,0483-13 81 70,lieve.jacobs@gmail.com,https://www.azdelta.be,AZ Delta,Orthopedie,gonartrose bilateraal,manoeuvre van Valsalva,Barthel-index 90,lig. Collaterale mediale,Ibuprofen 400 mg,Asaflow 80 mg,as 165 graden,1 a 2 /d,co,Painful arc beiderzijds +,,False,patient,patient,mevrouw,zij,haar,"{'INSZ': 'plain', 'RIZIV': 'spaced', 'IBAN': 'grouped', 'DATE_ENCOUNTER': 'dd-mm-yyyy', 'DATE_VALIDATION': 'dd/mm/yyyy', 'DATE_HISTORY': 'dd-mm-yyyy', 'DOB': 'masc_ordinal', 'TELEFOON': 'spaced', 'TELEFOON_MOBILE': 'dashed', 'STREET': 'plain', 'AGE': 'bare'}"
CASE000528,M,80-95,maghrebi,West-Vlaanderen,Vlaanderen,rural,Adil Bouzid,dr. Koen De Backer,dr. Ann Jacobs,Bilal Idrissi,Oom,95-jarige,man,25/5/2026,27/05/2026,27 februari 2018,°19.03.1931,31.03.19 773 08,3-07285-11-003,BE51679442398236,4152293229725402,Kerkweg 14,8600,Diksmuide,051/74.85.79,0490 67 78 21,adil.bouzid@telenet.be,https://www.azzeepreventorium.be,AZ Zeepreventorium,Fysische Geneeskunde en revalidatie,laterale epicondylitis rechts,syndroom van Raynaud,Barthel-index 90,M. Supraspinatus,Diltiazemzalf 2%,Paracetamol 1 g,hamstringletsel links,100 e/ml 3 ml,i.o.m.,SSp testen positief,,False,patient,patient,de heer,hij,zijn,"{'INSZ': 'mixed', 'RIZIV': 'dashed', 'IBAN': 'plain', 'DATE_ENCOUNTER': 'd/m/yyyy', 'DATE_VALIDATION': 'dd/mm/yyyy', 'DATE_HISTORY': 'text_nl', 'DOB': 'degree', 'TELEFOON': 'slash_dot', 'TELEFOON_MOBILE': 'spaced', 'STREET': 'plain', 'AGE': 'jarige'}"
CASE000529,F,18-34,turkish,Oost-Vlaanderen,Vlaanderen,town,Esra Yilmaz,dr. Stijn Vermeulen,dr. Leen Van Damme,Onur Yilmaz,Zoon,30 jaar,vrouw,7 mei 2026,2026-05-09,24 januari 2023,º3/12/1995,95.12.03-014.35,87771142480,BE07 5100 1738 9283,4335206226093160,Molenlaan 97,9700,Oudenaarde,03 331 56 96,0473/06.10.39,esra.yilmaz@proximus.be,https://www.ziekenhuissintlucas.be,Ziekenhuis Sint-Lucas,Pneumologie,obstructief longlijden GOLD II,ziekte van Parkinson,Phalen-test,A. Radialis,L-thyroxine 50 mcg,L-thyroxine 50 mcg,geel verkleurde sclerae,2cc,ESWT,SSp testen positief,,False,patient,patiente,mevrouw,zij,haar,"{'INSZ': 'dotted', 'RIZIV': 'plain', 'IBAN': 'grouped', 'DATE_ENCOUNTER': 'text_nl', 'DATE_VALIDATION': 'yyyy-mm-dd', 'DATE_HISTORY': 'text_nl', 'DOB': 'masc_ordinal', 'TELEFOON': 'spaced', 'TELEFOON_MOBILE': 'slash_dot', 'STREET': 'plain', 'AGE': 'jaar'}"
CASE000530,M,50-64,flemish,Vlaams-Brabant,Vlaanderen,town,Lode De Clercq,dr. Veerle De Clercq,dr. Maria Santos,Filip Peeters,Grootvader,52,man,24-05-2026,26-05-2026,20-10-2015,°07/06/1974,74 06 07 341 75,5 33134 75 480,BE77 8924 8529 1298,4577741490571753,Lindewal 81,1800,Vilvoorde,02/228.67.10,0483 95 54 02,lode.declercq@skynet.be,https://www.azrivierenland.be,AZ Rivierenland,Dermatologie,atopisch eczeem,ziekte van Parkinson,Jaeger transfertest,lig. Collaterale mediale,Paracetamol 1 g,Trianal suppo,lintvormige stoelgang,T 37.2,i.o.m.,blurr-test,,False,patient,patient,de heer,hij,zijn,"{'INSZ': 'spaced', 'RIZIV': 'spaced', 'IBAN': 'grouped', 'DATE_ENCOUNTER': 'dd-mm-yyyy', 'DATE_VALIDATION': 'dd-mm-yyyy', 'DATE_HISTORY': 'dd-mm-yyyy', 'DOB': 'degree', 'TELEFOON': 'slash_dot', 'TELEFOON_MOBILE': 'spaced', 'STREET': 'plain', 'AGE': 'bare'}"
CASE000531,F,18-34,flemish,Oost-Vlaanderen,Vlaanderen,town,Griet De Backer,dr. Angelo Esposito,dr. Luc Maes,Stijn Jacobs,Neef,34,vrouw,10/5/2026,12/05/2026,8 okt 2016,°12-09-1991,91.09.12 990 42,5-36699-02-480,BE14082535671508,4706130112738319,Beekdries 39,9200,Dendermonde,051 50 85 70,0470-15 83 11,griet.debacker@telenet.be,https://www.ziekenhuiszeepreventorium.be,Ziekenhuis Zeepreventorium,Fysische Geneeskunde en revalidatie,bekkenbodemhypertonie,syndroom van Guillain-Barre,Jaeger transfertest,M. Biceps caput longum,L-thyroxine 50 mcg,Ozempic 1 mg,lintvormige stoelgang,4.95*,antec.,SSp testen positief,,False,patient,patiente,mevrouw,zij,haar,"{'INSZ': 'mixed', 'RIZIV': 'dashed', 'IBAN': 'plain', 'DATE_ENCOUNTER': 'd/m/yyyy', 'DATE_VALIDATION': 'dd/mm/yyyy', 'DATE_HISTORY': 'text_abbr', 'DOB': 'degree', 'TELEFOON': 'spaced', 'TELEFOON_MOBILE': 'dashed', 'STREET': 'plain', 'AGE': 'bare'}"
CASE000532,M,50-64,flemish,Vlaams-Brabant,Vlaanderen,town,Wouter Mertens,dr. Tolga Aydin,dr. Didier Kabongo,Sofie Wouters,Dochter,50-jarige,man,9 mei 2026,11/05/2026,15-11-2017,º23/08/1975,75.08.23 485 68,4-32507-16-008,BE92 4366 2155 7388,4665217464533163,Bakkerweg 141 bus 8,1800,Vilvoorde,012/68.46.03,+32 492 44 12 80,wouter.mertens@proximus.be,https://www.azrivierenland.be,AZ Rivierenland,Fysische Geneeskunde en revalidatie,bekkenbodemhypertonie,manoeuvre van Valsalva,teken van Tinel,M. Biceps caput longum,Depakine chrono 500 mg,Atorstatine 20 mg,molaire zwangerschap uitgesloten,FEV1/FVC 73.17,OD,Painful arc beiderzijds +,,False,patient,patient,de heer,hij,zijn,"{'INSZ': 'mixed', 'RIZIV': 'dashed', 'IBAN': 'grouped', 'DATE_ENCOUNTER': 'text_abbr', 'DATE_VALIDATION': 'dd/mm/yyyy', 'DATE_HISTORY': 'dd-mm-yyyy', 'DOB': 'masc_ordinal', 'TELEFOON': 'slash_dot', 'TELEFOON_MOBILE': 'intl', 'STREET': 'bus', 'AGE': 'jarige'}"
CASE000533,F,65-79,eastern_european,Antwerpen,Vlaanderen,urban,Ioana Ionescu,dr. Yassine Benali,dr. Tolga Aydin,Agnieszka Zielinski,Nicht,72 jaar,vrouw,1 mei 2026,03.05.2026,31-05-2016,º16/07/1953,53.07.16-766.13,49399229003,BE50 6103 6414 1291,4175040937011853,Lindestraat 141/12,2000,Antwerpen,03 597 36 97,0495/54.64.98,ioana.ionescu@gmail.com,https://www.ziekenhuismariamiddelares.be,Ziekenhuis Maria Middelares,Gynaecologie,myomateuze uterus,teken van Lasegue,Barthel-index 90,lig. Collaterale mediale,Metformine viatris 500 mg,Ibuprofen 400 mg,beeld passend bij bursitis,pH 7.38,i.o.m.,blurr-test,,False,patient,patiente,mevrouw,zij,haar,"{'INSZ': 'dotted', 'RIZIV': 'plain', 'IBAN': 'grouped', 'DATE_ENCOUNTER': 'text_abbr', 'DATE_VALIDATION': 'dd.mm.yyyy', 'DATE_HISTORY': 'dd-mm-yyyy', 'DOB': 'masc_ordinal', 'TELEFOON': 'spaced', 'TELEFOON_MOBILE': 'slash_dot', 'STREET': 'slash', 'AGE': 'jaar'}"
CASE000534,M,35-49,maghrebi,Vlaams-Brabant,Vlaanderen,town,Nabil Bennani,dr. Rik Wouters,dr. Geert Van den Berghe,Nadia Bennani,Tante,47-jarige,man,10-05-2026,10-05-2026,12 januari 2021,°10-12-1978,78121035597,3 82495 73 003,BE43 7594 0389 6069,4772503856162715,Smidplein 250A,1500,Halle,012121795,0490 19 99 20,nabil.bennani@proximus.be,https://www.azsintvincentius.be,AZ Sint-Vincentius,Fysische Geneeskunde en revalidatie,bekkenbodemhypertonie,ziekte van Crohn,Goldmann applanatie,m. Deltoideus,Toujeo solostar,Injectafer 1000 mg,lintvormige stoelgang,12u,PPI,blurr-test,,False,patient,patient,de heer,hij,zijn,"{'INSZ': 'plain', 'RIZIV': 'spaced', 'IBAN': 'grouped', 'DATE_ENCOUNTER': 'dd-mm-yyyy', 'DATE_VALIDATION': 'dd-mm-yyyy', 'DATE_HISTORY': 'text_nl', 'DOB': 'degree', 'TELEFOON': 'plain', 'TELEFOON_MOBILE': 'spaced', 'STREET': 'letter', 'AGE': 'jarige'}"
CASE000535,F,50-64,flemish,Antwerpen,Vlaanderen,town,Griet De Smet,dr. Nabil El Habti,dr. Leen Van Damme,Rik De Clercq,Zoon,61 jaar,vrouw,19 april 2026,21/4/2026,03-11-2018,°2 feb 1965,65 02 02 338 11,6-94096-36-006,BE17 8755 1583 3891,4129213511133016,Abdijbaan 2,2440,Geel,054/42.73.79,0474286692,griet.desmet@telenet.be,https://www.ziekenhuissintlucas.be,Ziekenhuis Sint-Lucas,Gastro-enterologie,status na gastric bypass (RYGB),syndroom van Guillain-Barre,teken van Tinel,M. Supraspinatus,Progor retard 180 mg,Paracetamol 1 g,beeld passend bij bursitis,8u,ODS,full range of motion,,False,patient,patiente,mevrouw,zij,haar,"{'INSZ': 'spaced', 'RIZIV': 'dashed', 'IBAN': 'grouped', 'DATE_ENCOUNTER': 'text_nl', 'DATE_VALIDATION': 'd/m/yyyy', 'DATE_HISTORY': 'dd-mm-yyyy', 'DOB': 'degree', 'TELEFOON': 'slash_dot', 'TELEFOON_MOBILE': 'plain', 'STREET': 'plain', 'AGE': 'jaar'}"
CASE000536,M,35-49,central_african,Antwerpen,Vlaanderen,urban,Emmanuel Ilunga,dr. Marc De Backer,dr. Rik Dubois,Patrick Bope,Oom,43 jaar,man,15 mei 2026,17-05-2026,7/2016,°12/01/1983,83.01.12-013.19,6-52381-41-018,BE33 9644 8583 1581,4883803747381136,Hoevering 106,2000,Antwerpen,058/09.93.71,+32 (0)492/29.09.57,emmanuel.ilunga@skynet.be,https://www.uzmariamiddelares.be,UZ Maria Middelares,Pneumologie,"astma, goed gecontroleerd",syndroom van Guillain-Barre,Snellen 1,m. Deltoideus,Cose protect,Metformine viatris 500 mg,as 165 graden,8u,OD,shared decision making,,False,patient,patient,de heer,hij,zijn,"{'INSZ': 'dotted', 'RIZIV': 'dashed', 'IBAN': 'grouped', 'DATE_ENCOUNTER': 'text_abbr', 'DATE_VALIDATION': 'dd-mm-yyyy', 'DATE_HISTORY': 'm/yyyy', 'DOB': 'degree', 'TELEFOON': 'slash_dot', 'TELEFOON_MOBILE': 'intl_paren', 'STREET': 'plain', 'AGE': 'jaar'}"
CASE000537,F,35-49,southern_european,Brussel-Hoofdstad,Brussel,urban,Sofia Santos,dr. Kris Wouters,dr. Dirk Verhoeven,Rosa Moreira,Grootmoeder,42-jarige,vrouw,25-04-2026,2026-04-26,12/02/2025,º31 mei 1984,84 05 31 548 30,3-93949-65-480,BE63 6506 0699 2292,4161195530937312,Schoolvest 249,1000,Brussel,027066670,+32 495 89 51 27,sofia.santos@skynet.be,https://www.uzdamiaan.be,UZ Damiaan,Oftalmologie,cataract incipiens bilateraal,syndroom van Raynaud,Bristol-schaal type 4,M. Biceps caput longum,L-thyroxine 50 mcg,Injectafer 1000 mg,lintvormige stoelgang,-0.25 ^ -0.25 as 165 graden,SSp,full range of motion,,False,patient,patient,mevrouw,zij,haar,"{'INSZ': 'spaced', 'RIZIV': 'dashed', 'IBAN': 'grouped', 'DATE_ENCOUNTER': 'dd-mm-yyyy', 'DATE_VALIDATION': 'yyyy-mm-dd', 'DATE_HISTORY': 'dd/mm/yyyy', 'DOB': 'masc_ordinal', 'TELEFOON': 'plain', 'TELEFOON_MOBILE': 'intl', 'STREET': 'plain', 'AGE': 'jarige'}"
CASE000538,M,80-95,flemish,Antwerpen,Vlaanderen,urban,Jan De Backer,dr. Jan De Smet,dr. Magdalena Kowalski,Geert Willems,Vader,95 jaar,man,30-04-2026,02.05.2026,08-06-2022,º23-07-1930,30 07 23 573 95,3 83132 18 480,BE19159961050854,4903550819968441,Vissersvest 32,2800,Mechelen,056-91 20 72,0497/93.04.79,jan.debacker@proximus.be,https://www.azturnhout.be,AZ Turnhout,Oftalmologie,droge maculadegeneratie,ziekte van Bechterew,teken van Tinel,lig. Collaterale mediale,Diltiazemzalf 2%,D-cure 25 000 ie,lintvormige stoelgang,22u,OD,blurr-test,,False,patient,patiente,de heer,hij,zijn,"{'INSZ': 'spaced', 'RIZIV': 'spaced', 'IBAN': 'plain', 'DATE_ENCOUNTER': 'dd-mm-yyyy', 'DATE_VALIDATION': 'dd.mm.yyyy', 'DATE_HISTORY': 'dd-mm-yyyy', 'DOB': 'masc_ordinal', 'TELEFOON': 'dashed', 'TELEFOON_MOBILE': 'slash_dot', 'STREET': 'plain', 'AGE': 'jaar'}"
CASE000539,F,35-49,southern_european,West-Vlaanderen,Vlaanderen,urban,Giulia Santos,dr. Elena Fernandez,dr. Ayse Korkmaz,Giulia Garcia,Moeder,35-jarige,vrouw,08.05.2026,10/05/2026,19/07/2017,°1990-07-16,90.07.16-074.27,33496177008,BE11 6909 0602 8124,4976834875256046,Hogelei 18,8000,Brugge,053 48 40 00,+32 479 04 02 37,giulia.santos@skynet.be,https://www.uzsintlucas.be,UZ Sint-Lucas,Orthopedie,gonartrose bilateraal,syndroom van Raynaud,Phalen-test,A. Radialis,Lyumjev kwikpen,Ozempic 1 mg,lintvormige stoelgang,3x,PRP,Painful arc beiderzijds +,,False,patient,patiente,mevrouw,zij,haar,"{'INSZ': 'dotted', 'RIZIV': 'plain', 'IBAN': 'grouped', 'DATE_ENCOUNTER': 'dd.mm.yyyy', 'DATE_VALIDATION': 'dd/mm/yyyy', 'DATE_HISTORY': 'dd/mm/yyyy', 'DOB': 'degree', 'TELEFOON': 'spaced', 'TELEFOON_MOBILE': 'intl', 'STREET': 'plain', 'AGE': 'jarige'}"
CASE000540,M,50-64,flemish,Vlaams-Brabant,Vlaanderen,town,Luc Jacobs,dr. Geert Lambert,dr. Els De Backer,Wouter Van Acker,Zoon,61-jarige,man,9 mei 2026,9 mei 2026,2024-08-02,º25 december 1964,64122588980,9-78896-28-004,BE40548793236950,4444696458924413,Wilgensteenweg 222,1930,Zaventem,013/03.23.19,0488 07 20 46,luc.jacobs@skynet.be,https://www.azmariamiddelares.be,AZ Maria Middelares,Gastro-enterologie,lichte chronische niet specifieke colitis,ziekte van Parkinson,Glasgow Coma Scale 15,m. Infraspinatus,D-cure 25 000 ie,L-thyroxine 50 mcg,lintvormige stoelgang,FEV1/FVC 73.17,PPI,SSp testen positief,,False,patient,patient,de heer,hij,zijn,"{'INSZ': 'plain', 'RIZIV': 'dashed', 'IBAN': 'plain', 'DATE_ENCOUNTER': 'text_nl', 'DATE_VALIDATION': 'text_abbr', 'DATE_HISTORY': 'yyyy-mm-dd', 'DOB': 'masc_ordinal', 'TELEFOON': 'slash_dot', 'TELEFOON_MOBILE': 'spaced', 'STREET': 'plain', 'AGE': 'jarige'}"
CASE000541,F,65-79,turkish,Oost-Vlaanderen,Vlaanderen,town,Zeynep Dogan,dr. Elif Celik,dr. Ana Rossi,Burak Arslan,Grootvader,69-jarige,vrouw,24/4/2026,25-04-2026,15 september 2015,º15-06-1956,56 06 15 660 11,8-85148-74-008,BE94 8141 5550 3441,4767666091919350,Gaverstraat 245,9700,Oudenaarde,02 534 25 19,0490 58 15 54,zeynep.dogan@skynet.be,https://www.algemeenziekenhuissintjozef.be,Algemeen Ziekenhuis Sint-Jozef,Neurologie,"epilepsie, in remissie",ziekte van Bechterew,Schirmer-test,M. Subscapularis,Ozempic 1 mg,Cose protect,boomstructuur van de bronchi,3x/week,tvv,full range of motion,,False,patient,patiente,mevrouw,zij,haar,"{'INSZ': 'spaced', 'RIZIV': 'dashed', 'IBAN': 'grouped', 'DATE_ENCOUNTER': 'd/m/yyyy', 'DATE_VALIDATION': 'dd-mm-yyyy', 'DATE_HISTORY': 'text_nl', 'DOB': 'masc_ordinal', 'TELEFOON': 'spaced', 'TELEFOON_MOBILE': 'spaced', 'STREET': 'plain', 'AGE': 'jarige'}"
CASE000542,M,50-64,central_african,Limburg,Vlaanderen,rural,Serge Kalala,dr. Jan Declercq,dr. Sofie Coppens,Josiane Mbala,Tante,64-jarige,man,11/5/2026,12-05-2026,6/2020,°15/09/1961,61.09.15 035 83,4 72703 75 480,BE55931345921253,4576633542050954,Kouterlaan 70,3900,Pelt,059-57 52 56,0476-62 33 34,serge.kalala@skynet.be,https://www.azsintblasius.be,AZ Sint-Blasius,Pneumologie,"astma, goed gecontroleerd",ziekte van Dupuytren,Snellen 1,lig. Collaterale mediale,Toujeo solostar,Injectafer 1000 mg,lintvormige stoelgang,1 a 2 /d,co,watchful waiting,,False,patient,patient,de heer,hij,zijn,"{'INSZ': 'mixed', 'RIZIV': 'spaced', 'IBAN': 'plain', 'DATE_ENCOUNTER': 'd/m/yyyy', 'DATE_VALIDATION': 'dd-mm-yyyy', 'DATE_HISTORY': 'm/yyyy', 'DOB': 'degree', 'TELEFOON': 'dashed', 'TELEFOON_MOBILE': 'dashed', 'STREET': 'plain', 'AGE': 'jarige'}"
CASE000543,F,65-79,flemish,Oost-Vlaanderen,Vlaanderen,town,Lore Van Mol,dr. Ann Declercq,dr. Agnieszka Popescu,An Declercq,Tante,72-jarige,vrouw,29/04/2026,30-04-2026,20-02-2018,º30-12-1953,53.12.30 986 87,96383455008,BE18 7610 5336 9976,4725925016915690,Visserslaan 29,9100,Sint-Niklaas,014-47 16 49,0491-14 49 24,lore.vanmol@gmail.com,https://www.ziekenhuisdevoorzorg.be,Ziekenhuis De Voorzorg,Fysische Geneeskunde en revalidatie,laterale epicondylitis rechts,teken van Lasegue,Snellen 1,lig. Collaterale mediale,Trianal suppo,Ventolin aerosol,peervormige galblaas,12u,PRP,full range of motion,,True,patient,patiente,mevrouw,zij,haar,"{'INSZ': 'mixed', 'RIZIV': 'plain', 'IBAN': 'grouped', 'DATE_ENCOUNTER': 'dd/mm/yyyy', 'DATE_VALIDATION': 'dd-mm-yyyy', 'DATE_HISTORY': 'dd-mm-yyyy', 'DOB': 'masc_ordinal', 'TELEFOON': 'dashed', 'TELEFOON_MOBILE': 'dashed', 'STREET': 'plain', 'AGE': 'jarige'}"
CASE000544,M,0-17,flemish,Oost-Vlaanderen,Vlaanderen,rural,Jan Van Damme,dr. Koen Coppens,dr. Paulo Moreira,An Maes,Grootmoeder,2-jarige,man,15/04/2026,17-04-2026,30/7/2018,°23-12-2023,23.12.23-121.76,2-23714-65-006,BE23 9301 7121 6521,4942394383754280,Vijverhof 135C,9600,Ronse,+32 4 112 03 39,0497-07 47 77,jan.vandamme@proximus.be,https://www.algemeenziekenhuisgroeninge.be,Algemeen Ziekenhuis Groeninge,Neurologie,perifere polyneuropathie,ziekte van Bechterew,Goldmann applanatie,lig. Collaterale mediale,Injectafer 1000 mg,L-thyroxine 50 mcg,hamstringletsel links,FEV1/FVC 73.17,z.n.,watchful waiting,,False,patient,patient,de heer,hij,zijn,"{'INSZ': 'dotted', 'RIZIV': 'dashed', 'IBAN': 'grouped', 'DATE_ENCOUNTER': 'dd/mm/yyyy', 'DATE_VALIDATION': 'dd-mm-yyyy', 'DATE_HISTORY': 'd/m/yyyy', 'DOB': 'degree', 'TELEFOON': 'intl', 'TELEFOON_MOBILE': 'dashed', 'STREET': 'letter', 'AGE': 'jarige'}"
CASE000545,F,0-17,flemish,West-Vlaanderen,Vlaanderen,rural,Lore Maes,dr. Andrzej Novak,dr. Wouter Lambert,Femke Van Acker,Tante,7,vrouw,11 mei 2026,13 mei 2026,15/09/2018,°28-02-2019,19 02 28 708 58,5 88482 17 006,BE38 7883 7711 4152,4296965241573186,Kouterpark 124,8700,Tielt,015/87.74.78,0492 10 06 37,lore.maes@telenet.be,https://www.algemeenziekenhuissintrembert.be,Algemeen Ziekenhuis Sint-Rembert,Fysische Geneeskunde en revalidatie,subacromiale bursitis,ziekte van Parkinson,Snellen 1,m. Deltoideus,Asaflow 80 mg,Metformine viatris 500 mg,geel verkleurde sclerae,T 37.2,RYGB,full range of motion,,False,patient,patiente,mevrouw,zij,haar,"{'INSZ': 'spaced', 'RIZIV': 'spaced', 'IBAN': 'grouped', 'DATE_ENCOUNTER': 'text_nl', 'DATE_VALIDATION': 'text_nl', 'DATE_HISTORY': 'dd/mm/yyyy', 'DOB': 'degree', 'TELEFOON': 'slash_dot', 'TELEFOON_MOBILE': 'spaced', 'STREET': 'plain', 'AGE': 'bare'}"
CASE000546,M,50-64,flemish,Vlaams-Brabant,Vlaanderen,urban,Tom Willems,dr. Griet De Smet,dr. Hamza Bouzid,Kris Lambert,Grootvader,52 jaar,man,2026-05-24,26/5/2026,2024,°18/01/1974,74 01 18 737 90,4-39004-18-008,BE95 4353 7816 5550,4010149262189223,Hoevebaan 47,3000,Leuven,09-560 73 02,0496/89.56.27,tom.willems@proximus.be,https://www.znamiddelheim.be,ZNA Middelheim,Fysische Geneeskunde en revalidatie,lumbaal facettair syndroom,ziekte van Von Willebrand,Snellen 1,A. Radialis,D-cure 25 000 ie,Lambipol 100 mg,beers-teken afwezig,2cc,OS,SSp testen positief,,False,patient,patient,de heer,hij,zijn,"{'INSZ': 'spaced', 'RIZIV': 'dashed', 'IBAN': 'grouped', 'DATE_ENCOUNTER': 'yyyy-mm-dd', 'DATE_VALIDATION': 'd/m/yyyy', 'DATE_HISTORY': 'yyyy', 'DOB': 'degree', 'TELEFOON': 'dashed', 'TELEFOON_MOBILE': 'slash_dot', 'STREET': 'plain', 'AGE': 'jaar'}"
CASE000547,F,50-64,flemish,Limburg,Vlaanderen,rural,Katrien Wouters,dr. Stijn Van Damme,dr. Marc De Smet,Wouter Goossens,Vader,64 jaar,vrouw,21 mei 2026,23/05/2026,28-02-2022,º18-03-1962,62.03.18 988 86,25844263480,BE49 6588 7476 0287,4754182771148810,Bergpad 254,3700,Tongeren,+32 4 042 24 64,+32 485 75 33 84,katrien.wouters@gmail.com,https://www.klinieksintlucas.be,Kliniek Sint-Lucas,Gastro-enterologie,status na gastric bypass (RYGB),ziekte van Von Willebrand,teken van Tinel,V. Saphena magna,Asaflow 80 mg,D-cure 25 000 ie,lintvormige stoelgang,BMI 20.808,OS,SSp testen positief,,False,patient,patiente,mevrouw,zij,haar,"{'INSZ': 'mixed', 'RIZIV': 'plain', 'IBAN': 'grouped', 'DATE_ENCOUNTER': 'text_nl', 'DATE_VALIDATION': 'dd/mm/yyyy', 'DATE_HISTORY': 'dd-mm-yyyy', 'DOB': 'masc_ordinal', 'TELEFOON': 'intl', 'TELEFOON_MOBILE': 'intl', 'STREET': 'plain', 'AGE': 'jaar'}"
CASE000548,M,0-17,flemish,West-Vlaanderen,Vlaanderen,town,Wouter Wouters,dr. Katrien De Smet,dr. Rosa Moreira,Lieve Van den Berghe,Dochter,5-jarige,man,18/04/2026,18.04.2026,2019,°22/08/2020,20.08.22 045 91,1 67945 59 018,BE63 1366 6216 3192,4972397661054177,Lindedries 213,8300,Knokke-Heist,02/420.76.81,0470 05 54 68,wouter.wouters@telenet.be,https://www.ziekenhuisrivierenland.be,Ziekenhuis Rivierenland,Nefrologie,chronische nierinsufficientie stadium 3,ziekte van Graves,Snellen 1,M. Biceps caput longum,Injectafer 1000 mg,Depakine chrono 500 mg,beeld passend bij bursitis,1/w,tvv,SSp testen positief,,False,patient,patient,de heer,hij,zijn,"{'INSZ': 'mixed', 'RIZIV': 'spaced', 'IBAN': 'grouped', 'DATE_ENCOUNTER': 'dd/mm/yyyy', 'DATE_VALIDATION': 'dd.mm.yyyy', 'DATE_HISTORY': 'yyyy', 'DOB': 'degree', 'TELEFOON': 'slash_dot', 'TELEFOON_MOBILE': 'spaced', 'STREET': 'plain', 'AGE': 'jarige'}"
CASE000549,F,18-34,flemish,West-Vlaanderen,Vlaanderen,town,Marleen De Smet,dr. Iwona Novak,dr. Lore Van Damme,Tine Van Damme,Tante,18 jaar,vrouw,14/04/2026,14/04/2026,12/2018,°16.10.2007,07.10.16-778.55,34385312008,BE77951705459310,4698801225620830,Kortepad 106/10,8900,Ieper,016 67 40 89,0495980544,marleen.desmet@gmail.com,https://www.uzdevoorzorg.be,UZ De Voorzorg,Fysische Geneeskunde en revalidatie,supraspinatuspeestendinose bilateraal,ziekte van Crohn,Snellen 1,V. Saphena magna,Diltiazemzalf 2%,Atorstatine 20 mg,peervormige galblaas,spO2: 94%,nle,shared decision making,,False,patient,patiente,mevrouw,zij,haar,"{'INSZ': 'dotted', 'RIZIV': 'plain', 'IBAN': 'plain', 'DATE_ENCOUNTER': 'dd/mm/yyyy', 'DATE_VALIDATION': 'dd/mm/yyyy', 'DATE_HISTORY': 'm/yyyy', 'DOB': 'degree', 'TELEFOON': 'spaced', 'TELEFOON_MOBILE': 'plain', 'STREET': 'slash', 'AGE': 'jaar'}"
CASE000550,M,65-79,flemish,Antwerpen,Vlaanderen,rural,Marc Van den Berghe,dr. Fatima Cherkaoui,dr. Sofia Moreira,Geert De Clercq,Vader,78 jaar,man,24/05/2026,25 mei 2026,09-12-2017,°20/07/1947,47 07 20 897 24,9-44311-81-018,BE89947219335485,4871834100066588,Brouwerskaai 198A,2400,Mol,03/254.50.80,0478/02.78.56,marc.vandenberghe@proximus.be,https://www.algemeenziekenhuisheilighart.be,Algemeen Ziekenhuis Heilig Hart,Neurologie,perifere polyneuropathie,teken van Lasegue,Schirmer-test,M. Supraspinatus,Cose protect,L-thyroxine 50 mcg,beeld passend bij bursitis,1/d,ODS,full range of motion,,False,patient,patient,de heer,hij,zijn,"{'INSZ': 'spaced', 'RIZIV': 'dashed', 'IBAN': 'plain', 'DATE_ENCOUNTER': 'dd/mm/yyyy', 'DATE_VALIDATION': 'text_nl', 'DATE_HISTORY': 'dd-mm-yyyy', 'DOB': 'degree', 'TELEFOON': 'slash_dot', 'TELEFOON_MOBILE': 'slash_dot', 'STREET': 'letter', 'AGE': 'jaar'}"
CASE000551,F,65-79,central_african,Brussel-Hoofdstad,Brussel,urban,Josiane Lumumba,dr. Lode Lambert,dr. Rachid El Habti,Patrick Tshibangu,Grootvader,70-jarige,vrouw,13 mei 2026,2026-05-13,14 nov 2022,°15.11.1955,55.11.15-164.36,9 89991 88 480,BE67 2895 9011 4854,4285072553205284,Vissersdreef 97,1000,Brussel,052/75.47.38,0470/69.36.23,josiane.lumumba@proximus.be,https://www.uzmariamiddelares.be,UZ Maria Middelares,Dermatologie,atopisch eczeem,ziekte van Crohn,teken van Tinel,N. Medianus,Atorstatine 20 mg,Glucagen hypokit,boomstructuur van de bronchi,HR: 68,NSAID,SSp testen positief,,False,patient,patiente,mevrouw,zij,haar,"{'INSZ': 'dotted', 'RIZIV': 'spaced', 'IBAN': 'grouped', 'DATE_ENCOUNTER': 'text_abbr', 'DATE_VALIDATION': 'yyyy-mm-dd', 'DATE_HISTORY': 'text_abbr', 'DOB': 'degree', 'TELEFOON': 'slash_dot', 'TELEFOON_MOBILE': 'slash_dot', 'STREET': 'plain', 'AGE': 'jarige'}"
CASE000552,M,18-34,flemish,Limburg,Vlaanderen,rural,Jan Jacobs,dr. Rik Declercq,dr. Filip Maes,Wim Peeters,Vader,32-jarige,man,2026-04-27,28-04-2026,8 sep 2018,°06-10-1993,93.10.06-383.05,17103672018,BE77 6374 9263 5399,4413739491258196,Beekkaai 79/15,3900,Pelt,016092523,0485 06 46 52,jan.jacobs@skynet.be,https://www.ziekenhuisdamiaan.be,Ziekenhuis Damiaan,Gastro-enterologie,anale fissuur,ziekte van Bechterew,Phalen-test,m. Deltoideus,Lambipol 100 mg,Depakine chrono 500 mg,hamstringletsel links,12u,ivm,SSp testen positief,,False,patient,patient,de heer,hij,zijn,"{'INSZ': 'dotted', 'RIZIV': 'plain', 'IBAN': 'grouped', 'DATE_ENCOUNTER': 'yyyy-mm-dd', 'DATE_VALIDATION': 'dd-mm-yyyy', 'DATE_HISTORY': 'text_abbr', 'DOB': 'degree', 'TELEFOON': 'plain', 'TELEFOON_MOBILE': 'spaced', 'STREET': 'slash', 'AGE': 'jarige'}"
CASE000553,F,18-34,southern_european,Oost-Vlaanderen,Vlaanderen,town,Ana Garcia,dr. Filip Janssens,dr. Elif Celik,Giuseppe Costa,Broer,27-jarige,vrouw,19/4/2026,21-04-2026,5 april 2019,°25-12-1998,98 12 25 234 91,3-51504-24-003,BE89215301246318,4470726027578965,Kerkpad 80B,9700,Oudenaarde,03 509 27 04,+32 (0)498/39.31.99,ana.garcia@gmail.com,https://www.klinieknikolaas.be,Kliniek Nikolaas,Cardiologie,boezemfibrilleren,syndroom van Sjogren,Phalen-test,V. Saphena magna,Asaflow 80 mg,Progor retard 180 mg,boomstructuur van de bronchi,100 e/ml 3 ml,APO,no evidence of malignancy,,False,patient,patiente,mevrouw,zij,haar,"{'INSZ': 'spaced', 'RIZIV': 'dashed', 'IBAN': 'plain', 'DATE_ENCOUNTER': 'd/m/yyyy', 'DATE_VALIDATION': 'dd-mm-yyyy', 'DATE_HISTORY': 'text_nl', 'DOB': 'degree', 'TELEFOON': 'spaced', 'TELEFOON_MOBILE': 'intl_paren', 'STREET': 'letter', 'AGE': 'jarige'}"
CASE000554,M,50-64,eastern_european,Antwerpen,Vlaanderen,town,Ionut Kowalski,dr. Luc Van Acker,dr. Burak Dogan,Iwona Dimitrov,Nicht,58 jaar,man,25-04-2026,27-04-2026,05/06/2015,°28 maart 1968,68032857732,63163727030,BE44209764035496,4179224199797039,Brouwersdries 90,2500,Lier,02 279 04 25,0495/34.48.41,ionut.kowalski@telenet.be,https://www.azsintlucas.be,AZ Sint-Lucas,Gastro-enterologie,diverticulose sigmoid,ziekte van Von Willebrand,Glasgow Coma Scale 15,M. Biceps caput longum,Ventolin aerosol,Lambipol 100 mg,hamstringletsel links,0.5 mg,RYGB,no evidence of malignancy,,False,patient,patient,de heer,hij,zijn,"{'INSZ': 'plain', 'RIZIV': 'plain', 'IBAN': 'plain', 'DATE_ENCOUNTER': 'dd-mm-yyyy', 'DATE_VALIDATION': 'dd-mm-yyyy', 'DATE_HISTORY': 'dd/mm/yyyy', 'DOB': 'degree', 'TELEFOON': 'spaced', 'TELEFOON_MOBILE': 'slash_dot', 'STREET': 'plain', 'AGE': 'jaar'}"
CASE000555,F,65-79,maghrebi,Oost-Vlaanderen,Vlaanderen,town,Yasmine El Amrani,dr. Ioana Popescu,dr. Nele De Clercq,Khadija Rahmani,Nicht,79 jaar,vrouw,17-05-2026,17 mei 2026,27/05/2023,°6 feb 1947,47.02.06-766.55,8-62451-73-030,BE46 0614 0791 5565,4137314217562472,Kasteelpark 156,9200,Dendermonde,052/37.12.68,+32 470 36 10 42,yasmine.elamrani@proximus.be,https://www.jessaziekenhuis.be,Jessa Ziekenhuis,Gastro-enterologie,ferriprieve anaemie,syndroom van Cushing,Schirmer-test,M. Supraspinatus,Lambipol 100 mg,Glucagen hypokit,lintvormige stoelgang,0.5 mg,NSAID,full range of motion,,False,patient,patiente,mevrouw,zij,haar,"{'INSZ': 'dotted', 'RIZIV': 'dashed', 'IBAN': 'grouped', 'DATE_ENCOUNTER': 'dd-mm-yyyy', 'DATE_VALIDATION': 'text_nl', 'DATE_HISTORY': 'dd/mm/yyyy', 'DOB': 'degree', 'TELEFOON': 'slash_dot', 'TELEFOON_MOBILE': 'intl', 'STREET': 'plain', 'AGE': 'jaar'}"
CASE000556,M,65-79,maghrebi,West-Vlaanderen,Vlaanderen,town,Anas El Amrani,dr. Pieter Verhoeven,dr. Marleen Peeters,Ismail Idrissi,Zoon,70-jarige,man,02/05/2026,03-05-2026,25-03-2024,°04.08.1955,55.08.04 715 85,60937675018,BE91 4717 6994 2354,4273868833923891,Abdijweg 162 bus 4,8900,Ieper,011 72 26 79,0486 85 03 12,anas.elamrani@gmail.com,https://www.jessaziekenhuis.be,Jessa Ziekenhuis,Pneumologie,obstructief longlijden GOLD II,ziekte van Parkinson,Jaeger transfertest,N. Medianus,Ibuprofen 400 mg,Metformine viatris 500 mg,as 165 graden,FEV1/FVC 73.17,co,watchful waiting,,False,patient,patient,de heer,hij,zijn,"{'INSZ': 'mixed', 'RIZIV': 'plain', 'IBAN': 'grouped', 'DATE_ENCOUNTER': 'dd/mm/yyyy', 'DATE_VALIDATION': 'dd-mm-yyyy', 'DATE_HISTORY': 'dd-mm-yyyy', 'DOB': 'degree', 'TELEFOON': 'spaced', 'TELEFOON_MOBILE': 'spaced', 'STREET': 'bus', 'AGE': 'jarige'}"
CASE000557,F,50-64,flemish,Vlaams-Brabant,Vlaanderen,town,Leen Lambert,dr. Jonas Claes,dr. Jonas Coppens,Lore Goossens,Zus,64 jaar,vrouw,2026-05-28,30-05-2026,21 mei 2021,°30.04.1962,62043008059,2-55866-20-030,BE53 9466 6486 8613,4742052258987300,Zonneberg 19,1700,Dilbeek,053 95 45 43,+32 (0)473/60.66.34,leen.lambert@gmail.com,https://www.imeldaziekenhuis.be,Imeldaziekenhuis,Neurologie,perifere polyneuropathie,ziekte van Dupuytren,Goldmann applanatie,M. Subscapularis,Glucagen hypokit,Depakine chrono 500 mg,as 165 graden,spO2: 94%,antec.,no evidence of malignancy,,False,patient,patiente,mevrouw,zij,haar,"{'INSZ': 'plain', 'RIZIV': 'dashed', 'IBAN': 'grouped', 'DATE_ENCOUNTER': 'yyyy-mm-dd', 'DATE_VALIDATION': 'dd-mm-yyyy', 'DATE_HISTORY': 'text_abbr', 'DOB': 'degree', 'TELEFOON': 'spaced', 'TELEFOON_MOBILE': 'intl_paren', 'STREET': 'plain', 'AGE': 'jaar'}"
CASE000558,M,0-17,flemish,West-Vlaanderen,Vlaanderen,town,Luc Van Damme,dr. An Declercq,dr. Jan Vermeulen,Femke Vermeulen,Zus,14-jarige,man,13/5/2026,14/05/2026,26/06/2016,°02/09/2011,11.09.02 347 13,2-46956-06-030,BE42754512814259,4155282301643036,Marktlaan 164,8400,Oostende,043887559,0490-63 40 72,luc.vandamme@skynet.be,https://www.ziekenhuisnikolaas.be,Ziekenhuis Nikolaas,Oftalmologie,open kamerhoek glaucoom,manoeuvre van Valsalva,Romberg negatief,lig. Collaterale mediale,Metformine viatris 500 mg,Nexiam 20 mg,hamstringletsel links,18u,PTO,shared decision making,,False,patient,patient,de heer,hij,zijn,"{'INSZ': 'mixed', 'RIZIV': 'dashed', 'IBAN': 'plain', 'DATE_ENCOUNTER': 'd/m/yyyy', 'DATE_VALIDATION': 'dd/mm/yyyy', 'DATE_HISTORY': 'dd/mm/yyyy', 'DOB': 'degree', 'TELEFOON': 'plain', 'TELEFOON_MOBILE': 'dashed', 'STREET': 'plain', 'AGE': 'jarige'}"
CASE000559,F,18-34,flemish,Oost-Vlaanderen,Vlaanderen,town,Tine Van Damme,dr. Fatima El Habti,dr. Iwona Wisniewski,Nele Wouters,Nicht,27 jaar,vrouw,19-05-2026,21/05/2026,19/10/2016,°14/10/1998,98.10.14 420 27,57257417004,BE18 0344 5329 6497,4584345651234341,Hoevelei 150,9200,Dendermonde,04/859.70.24,0472/00.43.82,tine.vandamme@proximus.be,https://www.ziekenhuissintvincentius.be,Ziekenhuis Sint-Vincentius,Nefrologie,chronische nierinsufficientie stadium 3,ziekte van Von Willebrand,Romberg negatief,M. Biceps caput longum,Ventolin aerosol,Asaflow 80 mg,as 165 graden,FEV1/FVC 73.17,APO,Painful arc beiderzijds +,,False,patient,patiente,mevrouw,zij,haar,"{'INSZ': 'mixed', 'RIZIV': 'plain', 'IBAN': 'grouped', 'DATE_ENCOUNTER': 'dd-mm-yyyy', 'DATE_VALIDATION': 'dd/mm/yyyy', 'DATE_HISTORY': 'd/m/yyyy', 'DOB': 'degree', 'TELEFOON': 'slash_dot', 'TELEFOON_MOBILE': 'slash_dot', 'STREET': 'plain', 'AGE': 'jaar'}"
CASE000560,M,35-49,flemish,Vlaams-Brabant,Vlaanderen,urban,Wouter De Backer,dr. Gul Korkmaz,dr. Sofie Jacobs,Katrien Declercq,Zus,40-jarige,man,24-05-2026,24-05-2026,08/06/2021,°09-01-1986,86 01 09 081 07,43484803008,BE96 8429 4134 4655,4720798047078936,Gaverring 112,3000,Leuven,010/62.63.27,+32 (0)478/91.84.97,wouter.debacker@gmail.com,https://www.uzsintvincentius.be,UZ Sint-Vincentius,Gastro-enterologie,diverticulose sigmoid,manoeuvre van Valsalva,Glasgow Coma Scale 15,lig. Collaterale mediale,Injectafer 1000 mg,Paracetamol 1 g,molaire zwangerschap uitgesloten,8u,APO,no evidence of malignancy,,False,patient,patient,de heer,hij,zijn,"{'INSZ': 'spaced', 'RIZIV': 'plain', 'IBAN': 'grouped', 'DATE_ENCOUNTER': 'dd-mm-yyyy', 'DATE_VALIDATION': 'dd-mm-yyyy', 'DATE_HISTORY': 'dd/mm/yyyy', 'DOB': 'degree', 'TELEFOON': 'slash_dot', 'TELEFOON_MOBILE': 'intl_paren', 'STREET': 'plain', 'AGE': 'jarige'}"
CASE000561,F,50-64,flemish,Antwerpen,Vlaanderen,urban,Hilde Wouters,dr. Rik Lambert,dr. Rik Willems,An Jacobs,Zus,63-jarige,vrouw,06/05/2026,6 mei 2026,04-04-2022,º28/08/1962,62082817057,60507115008,BE79 9382 1985 6861,4000278649958703,Gaverdreef 185,2000,Antwerpen,+32 (0)16/47.56.19,0497/12.59.48,hilde.wouters@telenet.be,https://www.algemeenziekenhuisonzelievevrouw.be,Algemeen Ziekenhuis Onze-Lieve-Vrouw,Reumatologie,osteoporose,ziekte van Graves,Humphrey - perimetrie,M. Subscapularis,Ozempic 1 mg,L-thyroxine 50 mcg,beers-teken afwezig,FEV1/FVC 73.17,PRP,shared decision making,,False,patient,patiente,mevrouw,zij,haar,"{'INSZ': 'plain', 'RIZIV': 'plain', 'IBAN': 'grouped', 'DATE_ENCOUNTER': 'dd/mm/yyyy', 'DATE_VALIDATION': 'text_abbr', 'DATE_HISTORY': 'dd-mm-yyyy', 'DOB': 'masc_ordinal', 'TELEFOON': 'intl_paren', 'TELEFOON_MOBILE': 'slash_dot', 'STREET': 'plain', 'AGE': 'jarige'}"
CASE000562,M,50-64,flemish,Limburg,Vlaanderen,town,Kris Van den Berghe,dr. Tomasz Kaminski,dr. Lode De Smet,Ann Willems,Tante,51 jaar,man,26-04-2026,28/04/2026,02/12/2018,º09/06/1975,75.06.09-079.07,88313946018,BE09 7351 4171 5130,4092771573685077,Wilgenkaai 252 bus 7,3800,Sint-Truiden,050-19 96 45,0491/97.97.83,kris.vandenberghe@telenet.be,https://www.uzsintvincentius.be,UZ Sint-Vincentius,Endocrinologie,type 2 diabetes mellitus,ziekte van Graves,Bristol-schaal type 4,m. Infraspinatus,Diltiazemzalf 2%,Lyumjev kwikpen,molaire zwangerschap uitgesloten,1/w,ESWT,shared decision making,,False,patient,patiente,de heer,hij,zijn,"{'INSZ': 'dotted', 'RIZIV': 'plain', 'IBAN': 'grouped', 'DATE_ENCOUNTER': 'dd-mm-yyyy', 'DATE_VALIDATION': 'dd/mm/yyyy', 'DATE_HISTORY': 'dd/mm/yyyy', 'DOB': 'masc_ordinal', 'TELEFOON': 'dashed', 'TELEFOON_MOBILE': 'slash_dot', 'STREET': 'bus', 'AGE': 'jaar'}"
CASE000563,F,18-34,flemish,West-Vlaanderen,Vlaanderen,town,Inge Wouters,dr. Tine Vermeulen,dr. Miroslav Novak,Nele Peeters,Nicht,31 jaar,vrouw,07-05-2026,7/5/2026,7 oktober 2017,º27-05-1995,95.05.27-788.44,18511954003,BE37 2061 0363 4310,4233094621470610,Brouwerswal 176,8900,Ieper,+32 16 29 77 41,0483 00 55 66,inge.wouters@gmail.com,https://www.ziekenhuissintlucas.be,Ziekenhuis Sint-Lucas,Gastro-enterologie,refluxoesofagitis graad B,ziekte van Graves,Goldmann applanatie,lig. Collaterale mediale,L-thyroxine 50 mcg,Asaflow 80 mg,molaire zwangerschap uitgesloten,12u,OD,blurr-test,,False,patient,patiente,mevrouw,zij,haar,"{'INSZ': 'dotted', 'RIZIV': 'plain', 'IBAN': 'grouped', 'DATE_ENCOUNTER': 'dd-mm-yyyy', 'DATE_VALIDATION': 'd/m/yyyy', 'DATE_HISTORY': 'text_nl', 'DOB': 'masc_ordinal', 'TELEFOON': 'intl', 'TELEFOON_MOBILE': 'spaced', 'STREET': 'plain', 'AGE': 'jaar'}"
CASE000564,M,0-17,maghrebi,West-Vlaanderen,Vlaanderen,urban,Karim El Amrani,dr. Katarzyna Dimitrov,dr. Giulia Rossi,Anas Bennani,Vader,15 jaar,man,14-05-2026,15/05/2026,26-04-2016,°27.04.2011,11042759151,16145055008,BE15 1293 5760 0881,4779888243759684,Kouterpark 227,8500,Kortrijk,059 74 96 12,+32 489 28 02 65,karim.elamrani@gmail.com,https://www.azonzelievevrouw.be,AZ Onze-Lieve-Vrouw,Gastro-enterologie,ferriprieve anaemie,teken van Lasegue,Bristol-schaal type 4,A. Radialis,Toujeo solostar,Pantomed 40 mg,hamstringletsel links,300 ie/ml 1.5 ml,NSAID,watchful waiting,,False,patient,patient,de heer,hij,zijn,"{'INSZ': 'plain', 'RIZIV': 'plain', 'IBAN': 'grouped', 'DATE_ENCOUNTER': 'dd-mm-yyyy', 'DATE_VALIDATION': 'dd/mm/yyyy', 'DATE_HISTORY': 'dd-mm-yyyy', 'DOB': 'degree', 'TELEFOON': 'spaced', 'TELEFOON_MOBILE': 'intl', 'STREET': 'plain', 'AGE': 'jaar'}"
CASE000565,F,65-79,flemish,Vlaams-Brabant,Vlaanderen,town,Veerle Dubois,dr. An Jacobs,dr. Joseph Lumumba,Katrien Maes,Zus,65-jarige,vrouw,04-05-2026,05-05-2026,2017-03-20,°31 oktober 1960,60103116442,6-60683-81-006,BE04 3261 9180 8771,4369004790464498,Brouwerslei 61,1800,Vilvoorde,+32 2 596 37 81,0473/83.78.08,veerle.dubois@proximus.be,https://www.azsintblasius.be,AZ Sint-Blasius,Algemene Heelkunde,ziekte van Von Willebrand,ziekte van Von Willebrand,teken van Tinel,V. Saphena magna,D-cure 25 000 ie,Ozempic 1 mg,geel verkleurde sclerae,-0.25 ^ -0.25 as 165 graden,PTO,no evidence of malignancy,,False,patient,patiente,mevrouw,zij,haar,"{'INSZ': 'plain', 'RIZIV': 'dashed', 'IBAN': 'grouped', 'DATE_ENCOUNTER': 'dd-mm-yyyy', 'DATE_VALIDATION': 'dd-mm-yyyy', 'DATE_HISTORY': 'yyyy-mm-dd', 'DOB': 'degree', 'TELEFOON': 'intl', 'TELEFOON_MOBILE': 'slash_dot', 'STREET': 'plain', 'AGE': 'jarige'}"
CASE000566,M,18-34,eastern_european,Vlaams-Brabant,Vlaanderen,town,Tomasz Kaminski,dr. Rik Vermeulen,dr. Miroslav Kaminski,Elena Nowak,Dochter,20 jaar,man,18 apr 2026,19-04-2026,25-12-2015,º07-06-2005,05.06.07-489.59,8 96120 63 480,BE66 1661 5010 5520,4861759896224947,Bloemplein 2,1800,Vilvoorde,02 497 79 57,0470 04 29 07,tomasz.kaminski@gmail.com,https://www.azsintvincentius.be,AZ Sint-Vincentius,Reumatologie,osteoporose,ziekte van Bechterew,Schirmer-test,m. Infraspinatus,Trianal suppo,Metformine viatris 500 mg,molaire zwangerschap uitgesloten,300 ie/ml 1.5 ml,APO,blurr-test,,False,patient,patient,de heer,hij,zijn,"{'INSZ': 'dotted', 'RIZIV': 'spaced', 'IBAN': 'grouped', 'DATE_ENCOUNTER': 'text_abbr', 'DATE_VALIDATION': 'dd-mm-yyyy', 'DATE_HISTORY': 'dd-mm-yyyy', 'DOB': 'masc_ordinal', 'TELEFOON': 'spaced', 'TELEFOON_MOBILE': 'spaced', 'STREET': 'plain', 'AGE': 'jaar'}"
CASE000567,F,18-34,flemish,West-Vlaanderen,Vlaanderen,town,Leen Van Acker,dr. Blaise Kalala,dr. Fatima El Fassi,Ann Vermeulen,Dochter,19-jarige,vrouw,17-05-2026,17 mei 2026,28-11-2018,°2007-03-25,07.03.25-380.37,37673909007,BE59 3079 2392 1165,4731752523243420,Wilgenplein 47,8400,Oostende,+32 53 13 98 55,0477/20.26.60,leen.vanacker@telenet.be,https://www.ziekenhuisdamiaan.be,Ziekenhuis Damiaan,Orthopedie,carpaal tunnelsyndroom,syndroom van Cushing,Goldmann applanatie,N. Medianus,Injectafer 1000 mg,Cose protect,as 165 graden,HR: 68,ivm,blurr-test,,False,patient,patiente,mevrouw,zij,haar,"{'INSZ': 'dotted', 'RIZIV': 'plain', 'IBAN': 'grouped', 'DATE_ENCOUNTER': 'dd-mm-yyyy', 'DATE_VALIDATION': 'text_nl', 'DATE_HISTORY': 'dd-mm-yyyy', 'DOB': 'degree', 'TELEFOON': 'intl', 'TELEFOON_MOBILE': 'slash_dot', 'STREET': 'plain', 'AGE': 'jarige'}"
CASE000568,M,50-64,flemish,Brussel-Hoofdstad,Brussel,urban,Koen Dubois,dr. Burak Aydin,dr. Els Van Damme,Ann Verhoeven,Grootmoeder,64,man,17 mei 2026,18 mei 2026,2017-08-03,°04-06-1962,62 06 04 185 69,7-04546-62-007,BE51 8068 8387 0115,4034147756886371,Hoevestraat 220,1000,Brussel,03/262.31.67,0470 08 10 47,koen.dubois@telenet.be,https://www.kliniekdamiaan.be,Kliniek Damiaan,Neurologie,perifere polyneuropathie,syndroom van Sjogren,Romberg negatief,V. Saphena magna,Injectafer 1000 mg,Asaflow 80 mg,beers-teken afwezig,1/d,OS,blurr-test,,False,patient,patient,de heer,hij,zijn,"{'INSZ': 'spaced', 'RIZIV': 'dashed', 'IBAN': 'grouped', 'DATE_ENCOUNTER': 'text_nl', 'DATE_VALIDATION': 'text_abbr', 'DATE_HISTORY': 'yyyy-mm-dd', 'DOB': 'degree', 'TELEFOON': 'slash_dot', 'TELEFOON_MOBILE': 'spaced', 'STREET': 'plain', 'AGE': 'bare'}"
CASE000569,F,50-64,flemish,Antwerpen,Vlaanderen,town,Lieve Goossens,dr. Svetlana Zielinski,dr. Nadia Alaoui,Marleen De Smet,Tante,59-jarige,vrouw,21/05/2026,21-05-2026,25 oktober 2018,°05-05-1967,67 05 05 962 39,27724380006,BE41592757132715,4292162986042783,Beekpad 209 bus 17,2440,Geel,059606993,0478-43 09 04,lieve.goossens@proximus.be,https://www.klinieksintjozef.be,Kliniek Sint-Jozef,Neurologie,"epilepsie, in remissie",syndroom van Cushing,Romberg negatief,m. Infraspinatus,Atorstatine 20 mg,L-thyroxine 50 mcg,as 165 graden,FEV1/FVC 73.17,APO,watchful waiting,,False,patient,patient,mevrouw,zij,haar,"{'INSZ': 'spaced', 'RIZIV': 'plain', 'IBAN': 'plain', 'DATE_ENCOUNTER': 'dd/mm/yyyy', 'DATE_VALIDATION': 'dd-mm-yyyy', 'DATE_HISTORY': 'text_nl', 'DOB': 'degree', 'TELEFOON': 'plain', 'TELEFOON_MOBILE': 'dashed', 'STREET': 'bus', 'AGE': 'jarige'}"
CASE000570,M,35-49,maghrebi,West-Vlaanderen,Vlaanderen,urban,Karim El Amrani,dr. Hafida El Habti,dr. Wouter Willems,Hafida Bennani,Grootmoeder,40,man,15 apr 2026,17/4/2026,07/10/2015,º09-07-1985,85.07.09-393.07,8-99567-11-003,BE33 0752 7052 5396,4638319180438430,Hogestraat 236 bus 16,8500,Kortrijk,04 884 44 37,+32 (0)473/25.22.55,karim.elamrani@telenet.be,https://www.algemeenziekenhuiszeepreventorium.be,Algemeen Ziekenhuis Zeepreventorium,Gastro-enterologie,anale fissuur,ziekte van Dupuytren,Barthel-index 90,lig. Collaterale mediale,Cose protect,Injectafer 1000 mg,molaire zwangerschap uitgesloten,2cc,co,watchful waiting,,False,patient,patient,de heer,hij,zijn,"{'INSZ': 'dotted', 'RIZIV': 'dashed', 'IBAN': 'grouped', 'DATE_ENCOUNTER': 'text_abbr', 'DATE_VALIDATION': 'd/m/yyyy', 'DATE_HISTORY': 'dd/mm/yyyy', 'DOB': 'masc_ordinal', 'TELEFOON': 'spaced', 'TELEFOON_MOBILE': 'intl_paren', 'STREET': 'bus', 'AGE': 'bare'}"
CASE000571,F,18-34,flemish,Vlaams-Brabant,Vlaanderen,town,Lore Willems,dr. Dirk Jacobs,dr. Inge Van Acker,Nele Peeters,Dochter,21-jarige,vrouw,25-05-2026,25-05-2026,26/02/2018,°17-05-2005,05 05 17 074 70,6 13090 47 004,BE14 8652 1158 4473,4531001792513622,Dorplei 91,1800,Vilvoorde,010/63.04.16,0487/21.50.11,lore.willems@skynet.be,https://www.azklina.be,AZ Klina,Oftalmologie,geen diabetische retinopathie,syndroom van Sjogren,Glasgow Coma Scale 15,M. Biceps caput longum,D-cure 25 000 ie,Lambipol 100 mg,lintvormige stoelgang,2/d,NSAID,Painful arc beiderzijds +,,False,patient,patiente,mevrouw,zij,haar,"{'INSZ': 'spaced', 'RIZIV': 'spaced', 'IBAN': 'grouped', 'DATE_ENCOUNTER': 'dd-mm-yyyy', 'DATE_VALIDATION': 'dd-mm-yyyy', 'DATE_HISTORY': 'dd/mm/yyyy', 'DOB': 'degree', 'TELEFOON': 'slash_dot', 'TELEFOON_MOBILE': 'slash_dot', 'STREET': 'plain', 'AGE': 'jarige'}"
CASE000572,M,65-79,southern_european,Oost-Vlaanderen,Vlaanderen,town,Paulo Bristol,dr. Katrien Goossens,dr. Blaise Kalala,Antonio Rossi,Oom,73-jarige,man,05-05-2026,05/05/2026,27/12/2017,º30/04/1953,53.04.30 445 87,8-71564-78-007,BE50 7545 8234 9341,4209673092407415,Marktbaan 124,9700,Oudenaarde,+32 (0)89/46.17.30,0484-85 09 93,paulo.bristol@skynet.be,https://www.algemeenziekenhuissintlucas.be,Algemeen Ziekenhuis Sint-Lucas,Pneumologie,obstructief longlijden GOLD II,ziekte van Graves,Barthel-index 90,A. Radialis,Depakine chrono 500 mg,Ozempic 1 mg,boomstructuur van de bronchi,18u,PRP,blurr-test,,True,patient,patient,de heer,hij,zijn,"{'INSZ': 'mixed', 'RIZIV': 'dashed', 'IBAN': 'grouped', 'DATE_ENCOUNTER': 'dd-mm-yyyy', 'DATE_VALIDATION': 'dd/mm/yyyy', 'DATE_HISTORY': 'dd/mm/yyyy', 'DOB': 'masc_ordinal', 'TELEFOON': 'intl_paren', 'TELEFOON_MOBILE': 'dashed', 'STREET': 'plain', 'AGE': 'jarige'}"
CASE000573,F,35-49,eastern_european,West-Vlaanderen,Vlaanderen,town,Elena Marinescu,dr. An Peeters,dr. Griet Van den Berghe,Iwona Dimitrov,Tante,43 jaar,vrouw,23/05/2026,25 mei 2026,14-05-2022,°05/12/1982,82120537223,10570327003,BE66632327199939,4750751926775042,Wilgenwal 185,8900,Ieper,02 232 01 65,0489/70.77.00,elena.marinescu@gmail.com,https://www.uzvesalius.be,UZ Vesalius,Gastro-enterologie,ulcus anastomoticum,ziekte van Crohn,Phalen-test,M. Subscapularis,Paracetamol 1 g,Lyumjev kwikpen,beers-teken afwezig,FEV1/FVC 73.17,OD,blurr-test,,False,patient,patiente,mevrouw,zij,haar,"{'INSZ': 'plain', 'RIZIV': 'plain', 'IBAN': 'plain', 'DATE_ENCOUNTER': 'dd/mm/yyyy', 'DATE_VALIDATION': 'text_nl', 'DATE_HISTORY': 'dd-mm-yyyy', 'DOB': 'degree', 'TELEFOON': 'spaced', 'TELEFOON_MOBILE': 'slash_dot', 'STREET': 'plain', 'AGE': 'jaar'}"
CASE000574,M,65-79,flemish,Oost-Vlaanderen,Vlaanderen,rural,Lode Willems,dr. Stijn De Backer,dr. Piotr Popescu,Veerle Goossens,Nicht,70-jarige,man,27-04-2026,28/04/2026,04.05.2017,°25/07/1955,55.07.25-805.37,2 49585 93 480,BE22 7521 1318 7782,4109098245081464,Hoevelei 173,9400,Ninove,010-69 54 73,+32 486 32 17 57,lode.willems@proximus.be,https://www.ziekenhuissintblasius.be,Ziekenhuis Sint-Blasius,Pneumologie,obstructief longlijden GOLD II,syndroom van Guillain-Barre,Snellen 1,M. Subscapularis,Lambipol 100 mg,Depakine chrono 500 mg,beeld passend bij bursitis,25 000 ie,OD,Painful arc beiderzijds +,,False,patient,patient,de heer,hij,zijn,"{'INSZ': 'dotted', 'RIZIV': 'spaced', 'IBAN': 'grouped', 'DATE_ENCOUNTER': 'dd-mm-yyyy', 'DATE_VALIDATION': 'dd/mm/yyyy', 'DATE_HISTORY': 'dd.mm.yyyy', 'DOB': 'degree', 'TELEFOON': 'dashed', 'TELEFOON_MOBILE': 'intl', 'STREET': 'plain', 'AGE': 'jarige'}"
CASE000575,F,65-79,flemish,Antwerpen,Vlaanderen,rural,Veerle Claes,dr. Bilal El Habti,dr. Deniz Kaya,An Coppens,Grootmoeder,65-jarige,vrouw,09/05/2026,9 mei 2026,16 april 2020,°10 dec 1960,60121039864,3-59338-47-480,BE24 0412 9207 0123,4785625084501433,Marktpad 85/16,2400,Mol,+32 3 965 61 20,+32 485 36 49 35,veerle.claes@skynet.be,https://www.azsintvincentius.be,AZ Sint-Vincentius,Neurologie,migraine met aura,ziekte van Graves,Romberg negatief,M. Biceps caput longum,Cose protect,Cose protect,peervormige galblaas,300 ie/ml 1.5 ml,ivm,Painful arc beiderzijds +,,False,patient,patient,mevrouw,zij,haar,"{'INSZ': 'plain', 'RIZIV': 'dashed', 'IBAN': 'grouped', 'DATE_ENCOUNTER': 'dd/mm/yyyy', 'DATE_VALIDATION': 'text_nl', 'DATE_HISTORY': 'text_nl', 'DOB': 'degree', 'TELEFOON': 'intl', 'TELEFOON_MOBILE': 'intl', 'STREET': 'slash', 'AGE': 'jarige'}"
CASE000576,M,50-64,flemish,Vlaams-Brabant,Vlaanderen,rural,Tom Mertens,dr. Lieve Peeters,dr. Veerle Coppens,Rik Janssens,Vader,60-jarige,man,17 mei 2026,19/05/2026,23 maa 2016,°19/04/1966,66 04 19 903 38,14478041018,BE02 0137 2139 7157,4709574454069147,Bakkerpark 113,3200,Aarschot,+32 (0)57/76.92.19,0473 94 02 42,tom.mertens@skynet.be,https://www.jessaziekenhuis.be,Jessa Ziekenhuis,Neurologie,"epilepsie, in remissie",teken van Lasegue,Romberg negatief,A. Radialis,Injectafer 1000 mg,Lambipol 100 mg,beers-teken afwezig,FEV1/FVC 73.17,OD,blurr-test,,False,patient,patient,de heer,hij,zijn,"{'INSZ': 'spaced', 'RIZIV': 'plain', 'IBAN': 'grouped', 'DATE_ENCOUNTER': 'text_nl', 'DATE_VALIDATION': 'dd/mm/yyyy', 'DATE_HISTORY': 'text_abbr', 'DOB': 'degree', 'TELEFOON': 'intl_paren', 'TELEFOON_MOBILE': 'spaced', 'STREET': 'plain', 'AGE': 'jarige'}"
CASE000577,F,65-79,flemish,West-Vlaanderen,Vlaanderen,urban,Lore Dubois,dr. Ann Coppens,dr. Leen Willems,Bart Wouters,Broer,75 jaar,vrouw,27 april 2026,27-04-2026,21/8/2023,°8 dec 1950,50.12.08-042.76,4-42323-94-030,BE75 8392 6023 0632,4236374373801312,Kasteeldreef 136,8500,Kortrijk,+32 56 68 16 05,0493/11.74.13,lore.dubois@proximus.be,https://www.algemeenziekenhuissintvincentius.be,Algemeen Ziekenhuis Sint-Vincentius,Oftalmologie,cataract incipiens bilateraal,syndroom van Sjogren,Schirmer-test,m. Infraspinatus,Lambipol 100 mg,Progor retard 180 mg,lintvormige stoelgang,T 37.2,ESWT,shared decision making,,False,patient,patiente,mevrouw,zij,haar,"{'INSZ': 'dotted', 'RIZIV': 'dashed', 'IBAN': 'grouped', 'DATE_ENCOUNTER': 'text_nl', 'DATE_VALIDATION': 'dd-mm-yyyy', 'DATE_HISTORY': 'd/m/yyyy', 'DOB': 'degree', 'TELEFOON': 'intl', 'TELEFOON_MOBILE': 'slash_dot', 'STREET': 'plain', 'AGE': 'jaar'}"
CASE000578,M,50-64,flemish,Limburg,Vlaanderen,town,Pieter Willems,dr. Stijn De Clercq,dr. Filip De Smet,Filip Vermeulen,Zoon,56,man,30.04.2026,30/04/2026,22/01/2025,°17-04-1970,70.04.17-547.53,4 42691 17 006,BE16 4441 1905 2991,4244628826173466,Lindepark 10,3600,Genk,+32 (0)2/656.08.80,+32 499 33 08 65,pieter.willems@telenet.be,https://www.kliniekdevoorzorg.be,Kliniek De Voorzorg,Pneumologie,"astma, goed gecontroleerd",ziekte van Dupuytren,Glasgow Coma Scale 15,lig. Collaterale mediale,Lambipol 100 mg,Depakine chrono 500 mg,boomstructuur van de bronchi,1/w,ODS,no evidence of malignancy,,False,patient,patient,de heer,hij,zijn,"{'INSZ': 'dotted', 'RIZIV': 'spaced', 'IBAN': 'grouped', 'DATE_ENCOUNTER': 'dd.mm.yyyy', 'DATE_VALIDATION': 'dd/mm/yyyy', 'DATE_HISTORY': 'dd/mm/yyyy', 'DOB': 'degree', 'TELEFOON': 'intl_paren', 'TELEFOON_MOBILE': 'intl', 'STREET': 'plain', 'AGE': 'bare'}"
CASE000579,F,18-34,flemish,Antwerpen,Vlaanderen,town,Sofie Peeters,dr. Tom Peeters,dr. Burak Korkmaz,Geert De Smet,Vader,20 jaar,vrouw,2/5/2026,03-05-2026,11.04.2019,°26 maart 2006,06 03 26 708 46,5-26898-06-004,BE35 9629 4654 9215,4178760287490723,Lindepark 68,2300,Turnhout,015 58 83 02,0485 62 08 52,sofie.peeters@gmail.com,https://www.azturnhout.be,AZ Turnhout,Orthopedie,gonartrose bilateraal,syndroom van Cushing,Bristol-schaal type 4,m. Deltoideus,Ventolin aerosol,Ventolin aerosol,geel verkleurde sclerae,1/d,OS,watchful waiting,,False,patient,patient,mevrouw,zij,haar,"{'INSZ': 'spaced', 'RIZIV': 'dashed', 'IBAN': 'grouped', 'DATE_ENCOUNTER': 'd/m/yyyy', 'DATE_VALIDATION': 'dd-mm-yyyy', 'DATE_HISTORY': 'dd.mm.yyyy', 'DOB': 'degree', 'TELEFOON': 'spaced', 'TELEFOON_MOBILE': 'spaced', 'STREET': 'plain', 'AGE': 'jaar'}"
CASE000580,M,50-64,flemish,Antwerpen,Vlaanderen,town,Rik Goossens,dr. Wouter Declercq,dr. Wim Willems,Griet Wouters,Nicht,56 jaar,man,22/04/2026,23/4/2026,16-12-2022,º4/5/1970,70.05.04-793.10,5-42230-97-006,BE79 8545 5458 7220,4128044712083622,Veldlaan 225,2440,Geel,015 30 67 80,0491 35 49 62,rik.goossens@proximus.be,https://www.uzrivierenland.be,UZ Rivierenland,Reumatologie,osteoporose,teken van Lasegue,Romberg negatief,m. Deltoideus,Ventolin aerosol,Ozempic 1 mg,as 165 graden,8u,APO,shared decision making,,False,patient,patient,de heer,hij,zijn,"{'INSZ': 'dotted', 'RIZIV': 'dashed', 'IBAN': 'grouped', 'DATE_ENCOUNTER': 'dd/mm/yyyy', 'DATE_VALIDATION': 'd/m/yyyy', 'DATE_HISTORY': 'dd-mm-yyyy', 'DOB': 'masc_ordinal', 'TELEFOON': 'spaced', 'TELEFOON_MOBILE': 'spaced', 'STREET': 'plain', 'AGE': 'jaar'}"
CASE000581,F,50-64,flemish,West-Vlaanderen,Vlaanderen,town,Leen Mertens,dr. Deniz Yilmaz,dr. Nabil Alaoui,Katrien Goossens,Nicht,58-jarige,vrouw,23/04/2026,25/04/2026,14 februari 2016,º07-05-1968,68.05.07 792 73,5-97567-50-008,BE80764823951890,4188374489239603,Weverpad 113C,8900,Ieper,+32 (0)4/535.77.77,0484721788,leen.mertens@proximus.be,https://www.kliniekonzelievevrouw.be,Kliniek Onze-Lieve-Vrouw,Reumatologie,osteoporose,ziekte van Parkinson,Schirmer-test,m. Deltoideus,Ozempic 1 mg,Asaflow 80 mg,peervormige galblaas,spO2: 94%,antec.,full range of motion,,False,patient,patiente,mevrouw,zij,haar,"{'INSZ': 'mixed', 'RIZIV': 'dashed', 'IBAN': 'plain', 'DATE_ENCOUNTER': 'dd/mm/yyyy', 'DATE_VALIDATION': 'dd/mm/yyyy', 'DATE_HISTORY': 'text_nl', 'DOB': 'masc_ordinal', 'TELEFOON': 'intl_paren', 'TELEFOON_MOBILE': 'plain', 'STREET': 'letter', 'AGE': 'jarige'}"
CASE000582,M,18-34,central_african,Limburg,Vlaanderen,town,Christian Kabongo,dr. Ismail Rahmani,dr. Jonas Peeters,Grace Mukendi,Grootmoeder,33,man,27-04-2026,28 apr 2026,6 okt 2024,º1993-03-09,93 03 09 563 74,1-10073-22-030,BE47349261690283,4657555748632818,Kortestraat 212A,3800,Sint-Truiden,+32 3 132 94 02,0499 46 75 37,christian.kabongo@telenet.be,https://www.kliniekgroeninge.be,Kliniek Groeninge,Fysische Geneeskunde en revalidatie,lumbaal facettair syndroom,ziekte van Hashimoto,Bristol-schaal type 4,lig. Collaterale mediale,Paracetamol 1 g,Asaflow 80 mg,molaire zwangerschap uitgesloten,2cc,PRP,shared decision making,,False,patient,patient,de heer,hij,zijn,"{'INSZ': 'spaced', 'RIZIV': 'dashed', 'IBAN': 'plain', 'DATE_ENCOUNTER': 'dd-mm-yyyy', 'DATE_VALIDATION': 'text_abbr', 'DATE_HISTORY': 'text_abbr', 'DOB': 'masc_ordinal', 'TELEFOON': 'intl', 'TELEFOON_MOBILE': 'spaced', 'STREET': 'letter', 'AGE': 'bare'}"
CASE000583,F,80-95,flemish,Limburg,Vlaanderen,town,Griet Boom,dr. Koen Van den Berghe,dr. Esther Tshibangu,Pieter Van den Berghe,Vader,95 jaar,vrouw,27 mei 2026,29 mei 2026,05-01-2024,°1930-08-05,30 08 05 616 17,5 85514 75 004,BE84092385886291,4696608187588042,Zonnekaai 118,3600,Genk,02/683.42.60,+32 477 67 69 20,griet.boom@telenet.be,https://www.ziekenhuisheilighart.be,Ziekenhuis Heilig Hart,Endocrinologie,hypothyreoidie,syndroom van Raynaud,Bristol-schaal type 4,M. Biceps caput longum,Lambipol 100 mg,Depakine chrono 500 mg,boomstructuur van de bronchi,BD: 146/68,co,full range of motion,,True,patient,patiente,mevrouw,zij,haar,"{'INSZ': 'spaced', 'RIZIV': 'spaced', 'IBAN': 'plain', 'DATE_ENCOUNTER': 'text_nl', 'DATE_VALIDATION': 'text_abbr', 'DATE_HISTORY': 'dd-mm-yyyy', 'DOB': 'degree', 'TELEFOON': 'slash_dot', 'TELEFOON_MOBILE': 'intl', 'STREET': 'plain', 'AGE': 'jaar'}"
CASE000584,M,18-34,flemish,Vlaams-Brabant,Vlaanderen,urban,Pieter Willems,dr. Jan Van Acker,dr. Samira Cherkaoui,Bart Maes,Vader,30-jarige,man,11/05/2026,13/05/2026,08-03-2022,°21-08-1995,95 08 21 611 34,1 32039 75 003,BE20 2039 0555 8744,4593224967371965,Abdijberg 199,3000,Leuven,058 37 15 10,0477/51.62.58,pieter.willems@gmail.com,https://www.kliniekgroeninge.be,Kliniek Groeninge,Fysische Geneeskunde en revalidatie,laterale epicondylitis rechts,ziekte van Graves,teken van Tinel,lig. Collaterale mediale,Cose protect,Glucagen hypokit,peervormige galblaas,1/d,OD,SSp testen positief,,False,patient,patient,de heer,hij,zijn,"{'INSZ': 'spaced', 'RIZIV': 'spaced', 'IBAN': 'grouped', 'DATE_ENCOUNTER': 'dd/mm/yyyy', 'DATE_VALIDATION': 'dd/mm/yyyy', 'DATE_HISTORY': 'dd-mm-yyyy', 'DOB': 'degree', 'TELEFOON': 'spaced', 'TELEFOON_MOBILE': 'slash_dot', 'STREET': 'plain', 'AGE': 'jarige'}"
CASE000585,F,0-17,flemish,Limburg,Vlaanderen,urban,Hilde Verhoeven,dr. Nele Coppens,dr. Tom Van den Berghe,Tine Verhoeven,Dochter,5-jarige,vrouw,03/05/2026,05/05/2026,06-01-2016,°14/07/2020,20 07 14 238 34,6 92283 06 004,BE65 1344 1966 8947,4075193914603787,Eikenvest 20 bus 18,3500,Hasselt,03/544.52.78,0471/77.42.32,hilde.verhoeven@skynet.be,https://www.azalma.be,AZ Alma,NKO,chronische rhinosinusitis,teken van Lasegue,Snellen 1,M. Supraspinatus,Ozempic 1 mg,Depakine chrono 500 mg,beers-teken afwezig,-0.25 ^ -0.25 as 165 graden,ESWT,watchful waiting,,False,patient,patiente,mevrouw,zij,haar,"{'INSZ': 'spaced', 'RIZIV': 'spaced', 'IBAN': 'grouped', 'DATE_ENCOUNTER': 'dd/mm/yyyy', 'DATE_VALIDATION': 'dd/mm/yyyy', 'DATE_HISTORY': 'dd-mm-yyyy', 'DOB': 'degree', 'TELEFOON': 'slash_dot', 'TELEFOON_MOBILE': 'slash_dot', 'STREET': 'bus', 'AGE': 'jarige'}"
CASE000586,M,50-64,flemish,West-Vlaanderen,Vlaanderen,town,Pieter Van Peer,dr. Kris Coppens,dr. Nabil Alaoui,Geert De Clercq,Zoon,60-jarige,man,2026-04-14,15-04-2026,24/01/2017,º1965-10-02,65.10.02-251.57,1-96459-63-480,BE27 5316 2120 2636,4946654977053647,Oudering 207 bus 14,8900,Ieper,054 38 13 03,+32 499 52 16 38,pieter.vanpeer@proximus.be,https://www.kliniekrivierenland.be,Kliniek Rivierenland,Cardiologie,arteriele hypertensie,ziekte van Dupuytren,Goldmann applanatie,m. Deltoideus,Cose protect,Ibuprofen 400 mg,molaire zwangerschap uitgesloten,BD: 146/68,ESWT,blurr-test,,True,patient,patient,de heer,hij,zijn,"{'INSZ': 'dotted', 'RIZIV': 'dashed', 'IBAN': 'grouped', 'DATE_ENCOUNTER': 'yyyy-mm-dd', 'DATE_VALIDATION': 'dd-mm-yyyy', 'DATE_HISTORY': 'dd/mm/yyyy', 'DOB': 'masc_ordinal', 'TELEFOON': 'spaced', 'TELEFOON_MOBILE': 'intl', 'STREET': 'bus', 'AGE': 'jarige'}"
CASE000587,F,50-64,flemish,Vlaams-Brabant,Vlaanderen,town,Katrien Verhoeven,dr. Ann De Backer,dr. Bart Peeters,Veerle Peeters,Tante,52 jaar,vrouw,18-04-2026,19 apr 2026,9 apr 2021,°07-09-1973,73.09.07-614.93,1 41344 82 003,BE82 0898 8244 2330,4333356942018447,Schoolkaai 97C,1500,Halle,058-42 76 86,0472/83.22.61,katrien.verhoeven@proximus.be,https://www.algemeenziekenhuisheilighart.be,Algemeen Ziekenhuis Heilig Hart,Pneumologie,"astma, goed gecontroleerd",syndroom van Guillain-Barre,Phalen-test,A. Radialis,D-cure 25 000 ie,Depakine chrono 500 mg,peervormige galblaas,4.95*,i.o.m.,Painful arc beiderzijds +,,False,patient,patiente,mevrouw,zij,haar,"{'INSZ': 'dotted', 'RIZIV': 'spaced', 'IBAN': 'grouped', 'DATE_ENCOUNTER': 'dd-mm-yyyy', 'DATE_VALIDATION': 'text_abbr', 'DATE_HISTORY': 'text_abbr', 'DOB': 'degree', 'TELEFOON': 'dashed', 'TELEFOON_MOBILE': 'slash_dot', 'STREET': 'letter', 'AGE': 'jaar'}"
CASE000588,M,35-49,flemish,Limburg,Vlaanderen,rural,Luc Van Damme,dr. Miguel Santos,dr. Didier Lumumba,Jonas Vermeulen,Zoon,35 jaar,man,20 mei 2026,2026-05-22,11/11/2016,°06-09-1990,90.09.06-555.54,3-94069-42-030,BE35740688418423,4078138475134075,Veldhof 134,3630,Maasmechelen,051/35.35.42,+32 496 55 16 68,luc.vandamme@proximus.be,https://www.azalma.be,AZ Alma,Gastro-enterologie,status na gastric bypass (RYGB),manoeuvre van Valsalva,Humphrey - perimetrie,V. Saphena magna,Ozempic 1 mg,Asaflow 80 mg,molaire zwangerschap uitgesloten,T 37.2,z.n.,blurr-test,,False,patient,patient,de heer,hij,zijn,"{'INSZ': 'dotted', 'RIZIV': 'dashed', 'IBAN': 'plain', 'DATE_ENCOUNTER': 'text_abbr', 'DATE_VALIDATION': 'yyyy-mm-dd', 'DATE_HISTORY': 'd/m/yyyy', 'DOB': 'degree', 'TELEFOON': 'slash_dot', 'TELEFOON_MOBILE': 'intl', 'STREET': 'plain', 'AGE': 'jaar'}"
CASE000589,F,0-17,maghrebi,Limburg,Vlaanderen,urban,Leila Benali,dr. An Declercq,dr. Youssef Bennani,Hamza Bennani,Neef,11 jaar,vrouw,15/05/2026,17 mei 2026,22/11/2020,°21-12-2014,14.12.21-810.34,10111061007,BE17344107769065,4900343292620553,Bloemberg 159/11,3500,Hasselt,011-92 31 95,0471 60 71 63,leila.benali@proximus.be,https://www.azklina.be,AZ Klina,Cardiologie,arteriele hypertensie,syndroom van Cushing,teken van Tinel,A. Radialis,Lyumjev kwikpen,Ventolin aerosol,hamstringletsel links,-0.25 ^ -0.25 as 165 graden,nle,SSp testen positief,,False,patient,patiente,mevrouw,zij,haar,"{'INSZ': 'dotted', 'RIZIV': 'plain', 'IBAN': 'plain', 'DATE_ENCOUNTER': 'dd/mm/yyyy', 'DATE_VALIDATION': 'text_nl', 'DATE_HISTORY': 'dd/mm/yyyy', 'DOB': 'degree', 'TELEFOON': 'dashed', 'TELEFOON_MOBILE': 'spaced', 'STREET': 'slash', 'AGE': 'jaar'}"
CASE000590,M,35-49,flemish,Antwerpen,Vlaanderen,rural,Tom Van Acker,dr. Sofie Maes,dr. Katrien De Backer,Pieter De Backer,Zoon,49-jarige,man,25-04-2026,25 april 2026,17/12/2016,°1976-06-20,76.06.20-867.74,6 93353 03 018,BE09 1996 3994 5045,4887587509802076,Eikendries 102/6,2860,Sint-Katelijne-Waver,+32 54 07 45 62,0495/95.48.81,tom.vanacker@proximus.be,https://www.azvesalius.be,AZ Vesalius,Reumatologie,reumatoide artritis,ziekte van Hashimoto,Jaeger transfertest,M. Biceps caput longum,Metformine viatris 500 mg,Sipralexa 20 mg,beeld passend bij bursitis,25 000 ie,OD,blurr-test,,False,patient,patient,de heer,hij,zijn,"{'INSZ': 'dotted', 'RIZIV': 'spaced', 'IBAN': 'grouped', 'DATE_ENCOUNTER': 'dd-mm-yyyy', 'DATE_VALIDATION': 'text_nl', 'DATE_HISTORY': 'd/m/yyyy', 'DOB': 'degree', 'TELEFOON': 'intl', 'TELEFOON_MOBILE': 'slash_dot', 'STREET': 'slash', 'AGE': 'jarige'}"
CASE000591,F,50-64,flemish,Vlaams-Brabant,Vlaanderen,rural,Lore Claes,dr. Wim De Smet,dr. Samira El Amrani,Dirk Coppens,Broer,63-jarige,vrouw,23-05-2026,25 mei 2026,11/07/2018,°14-09-1962,62091407002,2 89660 79 003,BE04 2180 0090 1117,4083130016183219,Brouwerspark 93,3200,Aarschot,054/66.47.10,0491/28.44.23,lore.claes@proximus.be,https://www.azsintvincentius.be,AZ Sint-Vincentius,Nefrologie,chronische nierinsufficientie stadium 3,ziekte van Parkinson,Barthel-index 90,M. Biceps caput longum,Atorstatine 20 mg,Injectafer 1000 mg,hamstringletsel links,1/w,antec.,full range of motion,,False,patient,patiente,mevrouw,zij,haar,"{'INSZ': 'plain', 'RIZIV': 'spaced', 'IBAN': 'grouped', 'DATE_ENCOUNTER': 'dd-mm-yyyy', 'DATE_VALIDATION': 'text_nl', 'DATE_HISTORY': 'dd/mm/yyyy', 'DOB': 'degree', 'TELEFOON': 'slash_dot', 'TELEFOON_MOBILE': 'slash_dot', 'STREET': 'plain', 'AGE': 'jarige'}"
CASE000592,M,35-49,flemish,Limburg,Vlaanderen,town,Wim Goossens,dr. Lieve Claes,dr. Nele Wouters,Dirk Janssens,Oom,35 jaar,man,25-05-2026,26/05/2026,28/2/2025,º25-05-1991,91.05.25-465.52,6-54029-42-006,BE02 2794 8382 8711,4790336759479102,Kortedreef 21,3600,Genk,021705647,0495/54.94.42,wim.goossens@skynet.be,https://www.uzmariamiddelares.be,UZ Maria Middelares,Neurologie,perifere polyneuropathie,syndroom van Cushing,Romberg negatief,V. Saphena magna,Nexiam 20 mg,Diltiazemzalf 2%,as 165 graden,HR: 68,NSAID,blurr-test,,False,patient,patient,de heer,hij,zijn,"{'INSZ': 'dotted', 'RIZIV': 'dashed', 'IBAN': 'grouped', 'DATE_ENCOUNTER': 'dd-mm-yyyy', 'DATE_VALIDATION': 'dd/mm/yyyy', 'DATE_HISTORY': 'd/m/yyyy', 'DOB': 'masc_ordinal', 'TELEFOON': 'plain', 'TELEFOON_MOBILE': 'slash_dot', 'STREET': 'plain', 'AGE': 'jaar'}"
CASE000593,F,50-64,flemish,Antwerpen,Vlaanderen,town,Marleen Peeters,dr. Jan De Clercq,dr. Patrick Ilunga,Filip Dubois,Oom,54 jaar,vrouw,30/04/2026,1 mei 2026,07/07/2023,°22 februari 1972,72.02.22-298.83,9-28272-18-004,BE83467930149580,4861125804430655,Beekring 72/1,2500,Lier,012/72.63.30,0471-95 33 70,marleen.peeters@gmail.com,https://www.algemeenziekenhuisheilighart.be,Algemeen Ziekenhuis Heilig Hart,Oftalmologie,droge maculadegeneratie,syndroom van Guillain-Barre,Jaeger transfertest,m. Infraspinatus,Glucagen hypokit,Lyumjev kwikpen,lintvormige stoelgang,3x/week,antec.,no evidence of malignancy,,False,patient,patiente,mevrouw,zij,haar,"{'INSZ': 'dotted', 'RIZIV': 'dashed', 'IBAN': 'plain', 'DATE_ENCOUNTER': 'dd/mm/yyyy', 'DATE_VALIDATION': 'text_abbr', 'DATE_HISTORY': 'dd/mm/yyyy', 'DOB': 'degree', 'TELEFOON': 'slash_dot', 'TELEFOON_MOBILE': 'dashed', 'STREET': 'slash', 'AGE': 'jaar'}"
CASE000594,M,50-64,flemish,West-Vlaanderen,Vlaanderen,town,Koen Goossens,dr. Giuseppe Santos,dr. Lore Claes,Dirk Maes,Oom,64-jarige,man,30-04-2026,30/04/2026,09-05-2021,º11-07-1961,61 07 11 281 40,5 39546 65 008,BE20 3182 6072 6770,4237014095071518,Meersbaan 180,8800,Roeselare,+32 9 689 97 73,0491471149,koen.goossens@gmail.com,https://www.algemeenziekenhuisvesalius.be,Algemeen Ziekenhuis Vesalius,Gastro-enterologie,anale fissuur,syndroom van Cushing,Bristol-schaal type 4,M. Supraspinatus,Lyumjev kwikpen,L-thyroxine 50 mcg,beeld passend bij bursitis,FEV1/FVC 73.17,OD,full range of motion,,False,patient,patient,de heer,hij,zijn,"{'INSZ': 'spaced', 'RIZIV': 'spaced', 'IBAN': 'grouped', 'DATE_ENCOUNTER': 'dd-mm-yyyy', 'DATE_VALIDATION': 'dd/mm/yyyy', 'DATE_HISTORY': 'dd-mm-yyyy', 'DOB': 'masc_ordinal', 'TELEFOON': 'intl', 'TELEFOON_MOBILE': 'plain', 'STREET': 'plain', 'AGE': 'jarige'}"
CASE000595,F,18-34,flemish,West-Vlaanderen,Vlaanderen,urban,Inge Declercq,dr. Paulo Esposito,dr. Koen Willems,Katrien Dubois,Grootmoeder,31-jarige,vrouw,03-05-2026,03-05-2026,2018-05-15,º20-04-1995,95.04.20-994.41,7-03652-83-003,BE74 7004 3979 0136,4096474293268342,Beekpad 103,8000,Brugge,+32 19 47 24 41,+32 487 49 18 12,inge.declercq@gmail.com,https://www.uzsintlucas.be,UZ Sint-Lucas,Reumatologie,osteoporose,ziekte van Von Willebrand,Barthel-index 90,M. Subscapularis,Cose protect,Ozempic 1 mg,geel verkleurde sclerae,3x,NSAID,no evidence of malignancy,,False,patient,patiente,mevrouw,zij,haar,"{'INSZ': 'dotted', 'RIZIV': 'dashed', 'IBAN': 'grouped', 'DATE_ENCOUNTER': 'dd-mm-yyyy', 'DATE_VALIDATION': 'dd-mm-yyyy', 'DATE_HISTORY': 'yyyy-mm-dd', 'DOB': 'masc_ordinal', 'TELEFOON': 'intl', 'TELEFOON_MOBILE': 'intl', 'STREET': 'plain', 'AGE': 'jarige'}"
CASE000596,M,0-17,flemish,Antwerpen,Vlaanderen,town,Geert Van Damme,dr. Giuseppe Ferrari,dr. Wim De Backer,Nele Goossens,Tante,9-jarige,man,2026-05-28,29 mei 2026,30/11/2016,°03/09/2016,16.09.03-761.62,3 64565 58 008,BE06 4658 6484 3650,4745807664878410,Abdijplein 67,2300,Turnhout,09 135 28 45,+32 (0)487/03.91.80,geert.vandamme@skynet.be,https://www.azturnhout.be,AZ Turnhout,Oftalmologie,droge maculadegeneratie,teken van Lasegue,Bristol-schaal type 4,M. Supraspinatus,Glucagen hypokit,Toujeo solostar,lintvormige stoelgang,3x,PRP,full range of motion,,False,patient,patient,de heer,hij,zijn,"{'INSZ': 'dotted', 'RIZIV': 'spaced', 'IBAN': 'grouped', 'DATE_ENCOUNTER': 'yyyy-mm-dd', 'DATE_VALIDATION': 'text_abbr', 'DATE_HISTORY': 'dd/mm/yyyy', 'DOB': 'degree', 'TELEFOON': 'spaced', 'TELEFOON_MOBILE': 'intl_paren', 'STREET': 'plain', 'AGE': 'jarige'}"
CASE000597,F,35-49,flemish,Antwerpen,Vlaanderen,town,Lieve Lambert,dr. Geert Peeters,dr. Nadia El Habti,Inge De Smet,Tante,40 jaar,vrouw,22.05.2026,23 mei 2026,25-09-2024,°4 sep 1985,85090467286,21451846003,BE03110183619245,4539091744794083,Zonnedries 114,2440,Geel,04 480 12 77,0487-62 89 13,lieve.lambert@telenet.be,https://www.azalma.be,AZ Alma,Reumatologie,osteoporose,ziekte van Hashimoto,Goldmann applanatie,M. Biceps caput longum,Diltiazemzalf 2%,Trianal suppo,peervormige galblaas,8u,PRP,shared decision making,,False,patient,patiente,mevrouw,zij,haar,"{'INSZ': 'plain', 'RIZIV': 'plain', 'IBAN': 'plain', 'DATE_ENCOUNTER': 'dd.mm.yyyy', 'DATE_VALIDATION': 'text_nl', 'DATE_HISTORY': 'dd-mm-yyyy', 'DOB': 'degree', 'TELEFOON': 'spaced', 'TELEFOON_MOBILE': 'dashed', 'STREET': 'plain', 'AGE': 'jaar'}"
CASE000598,M,65-79,flemish,Limburg,Vlaanderen,rural,Jonas Tinel,dr. Veerle Mertens,dr. Josiane Ilunga,Leen De Backer,Zus,74-jarige,man,8 mei 2026,09-05-2026,21/10/2023,º29 november 1951,51.11.29-009.75,4-82788-78-003,BE12 9563 5661 9986,4976621541519802,Kortering 7,3700,Tongeren,015 20 30 71,0490089754,jonas.tinel@gmail.com,https://www.azsintlucas.be,AZ Sint-Lucas,Neurologie,perifere polyneuropathie,ziekte van Von Willebrand,Bristol-schaal type 4,M. Subscapularis,Pantomed 40 mg,Lyumjev kwikpen,peervormige galblaas,T 37.2,OD,shared decision making,,True,patient,patient,de heer,hij,zijn,"{'INSZ': 'dotted', 'RIZIV': 'dashed', 'IBAN': 'grouped', 'DATE_ENCOUNTER': 'text_abbr', 'DATE_VALIDATION': 'dd-mm-yyyy', 'DATE_HISTORY': 'dd/mm/yyyy', 'DOB': 'masc_ordinal', 'TELEFOON': 'spaced', 'TELEFOON_MOBILE': 'plain', 'STREET': 'plain', 'AGE': 'jarige'}"
CASE000599,F,18-34,flemish,Vlaams-Brabant,Vlaanderen,urban,Hilde Van den Berghe,dr. Marleen Van Acker,dr. Marc Van Acker,Tom Goossens,Neef,31 jaar,vrouw,05-05-2026,7 mei 2026,21.02.2020,°03/09/1994,94 09 03 528 61,7-81007-37-007,BE31 4392 1428 4581,4202798914548117,Beekring 50,3000,Leuven,089-61 49 90,0495/78.38.08,hilde.vandenberghe@telenet.be,https://www.uzzeepreventorium.be,UZ Zeepreventorium,Neurologie,perifere polyneuropathie,syndroom van Guillain-Barre,Bristol-schaal type 4,M. Subscapularis,Ventolin aerosol,Metformine viatris 500 mg,molaire zwangerschap uitgesloten,300 ie/ml 1.5 ml,OD,no evidence of malignancy,,False,patient,patiente,mevrouw,zij,haar,"{'INSZ': 'spaced', 'RIZIV': 'dashed', 'IBAN': 'grouped', 'DATE_ENCOUNTER': 'dd-mm-yyyy', 'DATE_VALIDATION': 'text_abbr', 'DATE_HISTORY': 'dd.mm.yyyy', 'DOB': 'degree', 'TELEFOON': 'dashed', 'TELEFOON_MOBILE': 'slash_dot', 'STREET': 'plain', 'AGE': 'jaar'}"
CASE000600,M,35-49,flemish,Oost-Vlaanderen,Vlaanderen,rural,Bart De Backer,dr. Sofia Costa,dr. Nadine Mbala,An Lambert,Grootmoeder,39 jaar,man,27-05-2026,27.05.2026,19-06-2019,°16-05-1987,87.05.16-781.19,7 89539 41 018,BE45 3541 0443 4719,4002519067244607,Stationsweg 170 bus 10,9500,Geraardsbergen,+32 10 01 58 12,0485 19 34 90,bart.debacker@proximus.be,https://www.ziekenhuisrivierenland.be,Ziekenhuis Rivierenland,Cardiologie,boezemfibrilleren,ziekte van Dupuytren,Romberg negatief,lig. Collaterale mediale,Toujeo solostar,Nexiam 20 mg,beers-teken afwezig,100 e/ml 3 ml,nle,SSp testen positief,,False,patient,patient,de heer,hij,zijn,"{'INSZ': 'dotted', 'RIZIV': 'spaced', 'IBAN': 'grouped', 'DATE_ENCOUNTER': 'dd-mm-yyyy', 'DATE_VALIDATION': 'dd.mm.yyyy', 'DATE_HISTORY': 'dd-mm-yyyy', 'DOB': 'degree', 'TELEFOON': 'intl', 'TELEFOON_MOBILE': 'spaced', 'STREET': 'bus', 'AGE': 'jaar'}"
CASE000601,F,35-49,eastern_european,Oost-Vlaanderen,Vlaanderen,town,Ioana Wisniewski,dr. Nabil Benali,dr. Marco Garcia,Iwona Ionescu,Nicht,49-jarige,vrouw,26 apr 2026,2026-04-26,29 juli 2016,º23 juni 1976,76.06.23-158.14,2 64509 10 007,BE62343663569365,4878264871300029,Meerswal 234,9300,Aalst,09/555.25.86,+32 485 69 46 03,ioana.wisniewski@proximus.be,https://www.uzsintlucas.be,UZ Sint-Lucas,Gastro-enterologie,refluxoesofagitis graad B,ziekte van Graves,Schirmer-test,A. Radialis,Ibuprofen 400 mg,Metformine viatris 500 mg,molaire zwangerschap uitgesloten,18u,PTO,SSp testen positief,,False,patient,patiente,mevrouw,zij,haar,"{'INSZ': 'dotted', 'RIZIV': 'spaced', 'IBAN': 'plain', 'DATE_ENCOUNTER': 'text_abbr', 'DATE_VALIDATION': 'yyyy-mm-dd', 'DATE_HISTORY': 'text_nl', 'DOB': 'masc_ordinal', 'TELEFOON': 'slash_dot', 'TELEFOON_MOBILE': 'intl', 'STREET': 'plain', 'AGE': 'jarige'}"
CASE000602,M,50-64,flemish,Oost-Vlaanderen,Vlaanderen,town,Jonas Peeters,dr. Jonas Lambert,dr. Sofie Claes,Veerle Declercq,Tante,52-jarige,man,24/5/2026,26/05/2026,09/2024,°20/07/1973,73.07.20-661.30,5-62290-19-018,BE28677122876256,4489098592714360,Marktvest 144/13,9100,Sint-Niklaas,+32 56 71 18 01,0485 56 89 58,jonas.peeters@proximus.be,https://www.azsintrembert.be,AZ Sint-Rembert,Gastro-enterologie,diverticulose sigmoid,syndroom van Guillain-Barre,Schirmer-test,M. Supraspinatus,Ibuprofen 400 mg,Nexiam 20 mg,lintvormige stoelgang,2cc,co,no evidence of malignancy,,False,patient,patient,de heer,hij,zijn,"{'INSZ': 'dotted', 'RIZIV': 'dashed', 'IBAN': 'plain', 'DATE_ENCOUNTER': 'd/m/yyyy', 'DATE_VALIDATION': 'dd/mm/yyyy', 'DATE_HISTORY': 'mm/yyyy', 'DOB': 'degree', 'TELEFOON': 'intl', 'TELEFOON_MOBILE': 'spaced', 'STREET': 'slash', 'AGE': 'jarige'}"
CASE000603,F,65-79,flemish,Vlaams-Brabant,Vlaanderen,town,Lore Van den Berghe,dr. Els De Backer,dr. Koen Declercq,Luc De Clercq,Neef,71-jarige,vrouw,26 mei 2026,28 mei 2026,05.01.2017,º27 jul 1954,54072768081,1-67933-71-006,BE24 4638 2566 5482,4373183594123452,Dorpwal 164,1930,Zaventem,+32 (0)59/76.95.59,0473/81.21.53,lore.vandenberghe@skynet.be,https://www.azdelta.be,AZ Delta,Dermatologie,psoriasis vulgaris,syndroom van Sjogren,Jaeger transfertest,N. Medianus,Ventolin aerosol,Atorstatine 20 mg,peervormige galblaas,BD: 146/68,i.o.m.,SSp testen positief,,False,patient,patiente,mevrouw,zij,haar,"{'INSZ': 'plain', 'RIZIV': 'dashed', 'IBAN': 'grouped', 'DATE_ENCOUNTER': 'text_abbr', 'DATE_VALIDATION': 'text_abbr', 'DATE_HISTORY': 'dd.mm.yyyy', 'DOB': 'masc_ordinal', 'TELEFOON': 'intl_paren', 'TELEFOON_MOBILE': 'slash_dot', 'STREET': 'plain', 'AGE': 'jarige'}"
CASE000604,M,18-34,turkish,West-Vlaanderen,Vlaanderen,town,Burak Ozturk,dr. Lieve Verhoeven,dr. Emmanuel Kalala,Merve Demir,Zus,21-jarige,man,12/5/2026,14/05/2026,10/9/2015,º2005-03-03,05 03 03 077 85,1-46631-33-030,BE03 8547 1085 5103,4514351723685044,Gaverberg 119,8800,Roeselare,016356416,0491 70 84 63,burak.ozturk@proximus.be,https://www.uzdevoorzorg.be,UZ De Voorzorg,Cardiologie,boezemfibrilleren,teken van Lasegue,teken van Tinel,M. Subscapularis,Sipralexa 20 mg,Atorstatine 20 mg,peervormige galblaas,pH 7.38,PTO,SSp testen positief,,False,patient,patient,de heer,hij,zijn,"{'INSZ': 'spaced', 'RIZIV': 'dashed', 'IBAN': 'grouped', 'DATE_ENCOUNTER': 'd/m/yyyy', 'DATE_VALIDATION': 'dd/mm/yyyy', 'DATE_HISTORY': 'd/m/yyyy', 'DOB': 'masc_ordinal', 'TELEFOON': 'plain', 'TELEFOON_MOBILE': 'spaced', 'STREET': 'plain', 'AGE': 'jarige'}"
CASE000605,F,50-64,flemish,Limburg,Vlaanderen,rural,Inge Goossens,dr. Katrien Jacobs,dr. Piotr Ionescu,Lieve Van Damme,Grootmoeder,64 jaar,vrouw,18-04-2026,18/04/2026,19/07/2023,°26-05-1962,62.05.26-384.76,5-39175-48-007,BE68 3660 1253 5030,4266094044750176,Visserswal 206,3700,Tongeren,+32 58 69 80 05,0488-91 26 25,inge.goossens@proximus.be,https://www.algemeenziekenhuismariamiddelares.be,Algemeen Ziekenhuis Maria Middelares,Neurologie,perifere polyneuropathie,ziekte van Von Willebrand,teken van Tinel,A. Radialis,Paracetamol 1 g,Sipralexa 20 mg,molaire zwangerschap uitgesloten,HR: 68,co,no evidence of malignancy,,False,patient,patiente,mevrouw,zij,haar,"{'INSZ': 'dotted', 'RIZIV': 'dashed', 'IBAN': 'grouped', 'DATE_ENCOUNTER': 'dd-mm-yyyy', 'DATE_VALIDATION': 'dd/mm/yyyy', 'DATE_HISTORY': 'dd/mm/yyyy', 'DOB': 'degree', 'TELEFOON': 'intl', 'TELEFOON_MOBILE': 'dashed', 'STREET': 'plain', 'AGE': 'jaar'}"
CASE000606,M,50-64,flemish,Limburg,Vlaanderen,rural,Geert Van Damme,dr. Antonio Romano,dr. Marc Wouters,Nele Goossens,Moeder,61,man,22 april 2026,22 april 2026,2016,°21/11/1964,64.11.21-481.19,9-78840-84-004,BE31 9351 8183 3439,4422492243023208,Eikenberg 124 bus 10,3700,Tongeren,059/61.22.32,0495 97 15 34,geert.vandamme@telenet.be,https://www.azturnhout.be,AZ Turnhout,Gastro-enterologie,status na gastric bypass (RYGB),ziekte van Von Willebrand,Humphrey - perimetrie,M. Supraspinatus,Lyumjev kwikpen,Pantomed 40 mg,beers-teken afwezig,-0.25 ^ -0.25 as 165 graden,NSAID,no evidence of malignancy,,False,patient,patient,de heer,hij,zijn,"{'INSZ': 'dotted', 'RIZIV': 'dashed', 'IBAN': 'grouped', 'DATE_ENCOUNTER': 'text_nl', 'DATE_VALIDATION': 'text_nl', 'DATE_HISTORY': 'yyyy', 'DOB': 'degree', 'TELEFOON': 'slash_dot', 'TELEFOON_MOBILE': 'spaced', 'STREET': 'bus', 'AGE': 'bare'}"
CASE000607,F,18-34,flemish,Oost-Vlaanderen,Vlaanderen,rural,Lore Goossens,dr. Wouter Van den Berghe,dr. Tine Willems,Rik Wouters,Neef,25-jarige,vrouw,27/04/2026,28-04-2026,27/7/2022,°10 juli 2000,00.07.10-772.73,7-25036-39-480,BE90 6376 2385 2594,4924598977738242,Visserskaai 193A,9600,Ronse,+32 (0)2/273.15.67,+32 475 53 08 62,lore.goossens@skynet.be,https://www.azalma.be,AZ Alma,Reumatologie,osteoporose,teken van Lasegue,Jaeger transfertest,m. Infraspinatus,Metformine viatris 500 mg,Depakine chrono 500 mg,peervormige galblaas,-0.25 ^ -0.25 as 165 graden,NSAID,blurr-test,,False,patient,patiente,mevrouw,zij,haar,"{'INSZ': 'dotted', 'RIZIV': 'dashed', 'IBAN': 'grouped', 'DATE_ENCOUNTER': 'dd/mm/yyyy', 'DATE_VALIDATION': 'dd-mm-yyyy', 'DATE_HISTORY': 'd/m/yyyy', 'DOB': 'degree', 'TELEFOON': 'intl_paren', 'TELEFOON_MOBILE': 'intl', 'STREET': 'letter', 'AGE': 'jarige'}"
CASE000608,M,18-34,southern_european,Oost-Vlaanderen,Vlaanderen,town,Giuseppe Santos,dr. Kris Dubois,dr. Geert Mertens,Ana Rossi,Moeder,34 jaar,man,11-05-2026,12-05-2026,23/12/2024,º26/2/1992,92022694725,2-68194-11-006,BE66275542965879,4789591905309453,Vissersberg 227/7,9200,Dendermonde,09/293.37.41,+32 (0)476/43.70.93,giuseppe.santos@gmail.com,https://www.azdelta.be,AZ Delta,Gastro-enterologie,diverticulose sigmoid,ziekte van Graves,Barthel-index 90,N. Medianus,Atorstatine 20 mg,Ventolin aerosol,peervormige galblaas,spO2: 94%,nle,blurr-test,,False,patient,patient,de heer,hij,zijn,"{'INSZ': 'plain', 'RIZIV': 'dashed', 'IBAN': 'plain', 'DATE_ENCOUNTER': 'dd-mm-yyyy', 'DATE_VALIDATION': 'dd-mm-yyyy', 'DATE_HISTORY': 'dd/mm/yyyy', 'DOB': 'masc_ordinal', 'TELEFOON': 'slash_dot', 'TELEFOON_MOBILE': 'intl_paren', 'STREET': 'slash', 'AGE': 'jaar'}"
CASE000609,F,65-79,flemish,West-Vlaanderen,Vlaanderen,town,An Maes,dr. Hilde Van den Berghe,dr. Yasmine Alaoui,Griet Wouters,Zus,75 jaar,vrouw,13/5/2026,15 mei 2026,14/9/2021,°14 juni 1951,51 06 14 372 30,1-43347-19-030,BE56 1484 8292 9996,4940596470336423,Groenedries 1,8900,Ieper,02 055 62 41,+32 (0)495/52.57.53,an.maes@proximus.be,https://www.kliniekrivierenland.be,Kliniek Rivierenland,Dermatologie,atopisch eczeem,ziekte van Dupuytren,teken van Tinel,M. Supraspinatus,Lyumjev kwikpen,Asaflow 80 mg,as 165 graden,HR: 68,ODS,shared decision making,,False,patient,patiente,mevrouw,zij,haar,"{'INSZ': 'spaced', 'RIZIV': 'dashed', 'IBAN': 'grouped', 'DATE_ENCOUNTER': 'd/m/yyyy', 'DATE_VALIDATION': 'text_nl', 'DATE_HISTORY': 'd/m/yyyy', 'DOB': 'degree', 'TELEFOON': 'spaced', 'TELEFOON_MOBILE': 'intl_paren', 'STREET': 'plain', 'AGE': 'jaar'}"
CASE000610,M,35-49,maghrebi,Antwerpen,Vlaanderen,rural,Rachid Alaoui,dr. Angelo Esposito,dr. Sofie Jacobs,Hamza Alaoui,Vader,41 jaar,man,24-04-2026,24.04.2026,21-06-2018,°07/01/1985,85.01.07 915 85,8-72964-36-018,BE36799898017200,4124480569421180,Oudeplein 84 bus 3,2860,Sint-Katelijne-Waver,054 44 28 63,0495/94.03.58,rachid.alaoui@gmail.com,https://www.algemeenziekenhuiszeepreventorium.be,Algemeen Ziekenhuis Zeepreventorium,Endocrinologie,hypothyreoidie,syndroom van Raynaud,Barthel-index 90,M. Biceps caput longum,Asaflow 80 mg,Metformine viatris 500 mg,hamstringletsel links,4.95*,SSp,shared decision making,,False,patient,patient,de heer,hij,zijn,"{'INSZ': 'mixed', 'RIZIV': 'dashed', 'IBAN': 'plain', 'DATE_ENCOUNTER': 'dd-mm-yyyy', 'DATE_VALIDATION': 'dd.mm.yyyy', 'DATE_HISTORY': 'dd-mm-yyyy', 'DOB': 'degree', 'TELEFOON': 'spaced', 'TELEFOON_MOBILE': 'slash_dot', 'STREET': 'bus', 'AGE': 'jaar'}"
CASE000611,F,80-95,flemish,Antwerpen,Vlaanderen,town,Katrien De Smet,dr. Marco Silva,dr. Jan Vermeulen,Katrien Mertens,Dochter,81-jarige,vrouw,25-05-2026,26/05/2026,26-05-2025,º25-06-1944,44.06.25-212.04,17868586003,BE09 3856 9113 3090,4770215386115111,Vissersstraat 112,2500,Lier,013-41 48 35,0483/51.02.72,katrien.desmet@telenet.be,https://www.ziekenhuisvesalius.be,Ziekenhuis Vesalius,Gastro-enterologie,status na gastric bypass (RYGB),syndroom van Cushing,Phalen-test,M. Subscapularis,Injectafer 1000 mg,Glucagen hypokit,hamstringletsel links,12u,i.o.m.,no evidence of malignancy,,False,patient,patiente,mevrouw,zij,haar,"{'INSZ': 'dotted', 'RIZIV': 'plain', 'IBAN': 'grouped', 'DATE_ENCOUNTER': 'dd-mm-yyyy', 'DATE_VALIDATION': 'dd/mm/yyyy', 'DATE_HISTORY': 'dd-mm-yyyy', 'DOB': 'masc_ordinal', 'TELEFOON': 'dashed', 'TELEFOON_MOBILE': 'slash_dot', 'STREET': 'plain', 'AGE': 'jarige'}"
CASE000612,M,18-34,flemish,Limburg,Vlaanderen,rural,Jan Van Damme,dr. Inge Claes,dr. Lode Claes,Bart Mertens,Vader,30,man,30/04/2026,30/04/2026,04/03/2022,°2 nov 1995,95110232934,9-53209-10-006,BE80601381324316,4192288741594924,Bakkerlaan 220/15,3700,Tongeren,089 31 91 40,0492 78 87 64,jan.vandamme@proximus.be,https://www.algemeenziekenhuisvesalius.be,Algemeen Ziekenhuis Vesalius,Gastro-enterologie,anale fissuur,syndroom van Raynaud,Bristol-schaal type 4,M. Supraspinatus,Nexiam 20 mg,Ozempic 1 mg,beeld passend bij bursitis,1 a 2 /d,antec.,full range of motion,,False,patient,patient,de heer,hij,zijn,"{'INSZ': 'plain', 'RIZIV': 'dashed', 'IBAN': 'plain', 'DATE_ENCOUNTER': 'dd/mm/yyyy', 'DATE_VALIDATION': 'dd/mm/yyyy', 'DATE_HISTORY': 'dd/mm/yyyy', 'DOB': 'degree', 'TELEFOON': 'spaced', 'TELEFOON_MOBILE': 'spaced', 'STREET': 'slash', 'AGE': 'bare'}"
CASE000613,F,18-34,flemish,West-Vlaanderen,Vlaanderen,rural,Nele Wouters,dr. Marc Dubois,dr. Wim De Clercq,Sofie Peeters,Dochter,25-jarige,vrouw,27/04/2026,28-04-2026,2020-03-11,º05/06/2000,00.06.05-470.33,6-32255-88-004,BE72 5412 1558 2406,4172951266086964,Kerkring 69,8600,Diksmuide,013 57 92 08,+32 (0)477/55.49.10,nele.wouters@telenet.be,https://www.uzvesalius.be,UZ Vesalius,Reumatologie,reumatoide artritis,ziekte van Crohn,Snellen 1,V. Saphena magna,Metformine viatris 500 mg,Asaflow 80 mg,boomstructuur van de bronchi,-0.25 ^ -0.25 as 165 graden,RYGB,watchful waiting,,False,patient,patiente,mevrouw,zij,haar,"{'INSZ': 'dotted', 'RIZIV': 'dashed', 'IBAN': 'grouped', 'DATE_ENCOUNTER': 'dd/mm/yyyy', 'DATE_VALIDATION': 'dd-mm-yyyy', 'DATE_HISTORY': 'yyyy-mm-dd', 'DOB': 'masc_ordinal', 'TELEFOON': 'spaced', 'TELEFOON_MOBILE': 'intl_paren', 'STREET': 'plain', 'AGE': 'jarige'}"
CASE000614,M,65-79,eastern_european,West-Vlaanderen,Vlaanderen,town,Krzysztof Novak,dr. Leen Claes,dr. Els Van den Berghe,Iwona Novak,Tante,75 jaar,man,07/05/2026,8 mei 2026,7/2025,º15 okt 1950,50101505533,6-75037-83-007,BE06 4554 5143 6489,4990761918149833,Veldwal 25,8400,Oostende,02/994.12.43,+32 485 06 47 01,krzysztof.novak@gmail.com,https://www.azvesalius.be,AZ Vesalius,Gastro-enterologie,anale fissuur,syndroom van Guillain-Barre,Glasgow Coma Scale 15,m. Deltoideus,Trianal suppo,Asaflow 80 mg,boomstructuur van de bronchi,1 a 2 /d,SSp,full range of motion,,False,patient,patient,de heer,hij,zijn,"{'INSZ': 'plain', 'RIZIV': 'dashed', 'IBAN': 'grouped', 'DATE_ENCOUNTER': 'dd/mm/yyyy', 'DATE_VALIDATION': 'text_abbr', 'DATE_HISTORY': 'm/yyyy', 'DOB': 'masc_ordinal', 'TELEFOON': 'slash_dot', 'TELEFOON_MOBILE': 'intl', 'STREET': 'plain', 'AGE': 'jaar'}"
CASE000615,F,50-64,flemish,West-Vlaanderen,Vlaanderen,town,Tine Lambert,dr. Stijn Claes,dr. Chantal Kabongo,Filip Declercq,Oom,61 jaar,vrouw,17 mei 2026,19 mei 2026,20-03-2022,°13/04/1965,65.04.13-254.70,9-63232-75-030,BE89 9965 8607 9955,4037810103208238,Berglaan 110,8900,Ieper,012534743,0474 63 00 66,tine.lambert@proximus.be,https://www.jessaziekenhuis.be,Jessa Ziekenhuis,Fysische Geneeskunde en revalidatie,supraspinatuspeestendinose bilateraal,ziekte van Crohn,Phalen-test,M. Biceps caput longum,Trianal suppo,Paracetamol 1 g,beeld passend bij bursitis,4.95*,tvv,SSp testen positief,,False,patient,patiente,mevrouw,zij,haar,"{'INSZ': 'dotted', 'RIZIV': 'dashed', 'IBAN': 'grouped', 'DATE_ENCOUNTER': 'text_nl', 'DATE_VALIDATION': 'text_nl', 'DATE_HISTORY': 'dd-mm-yyyy', 'DOB': 'degree', 'TELEFOON': 'plain', 'TELEFOON_MOBILE': 'spaced', 'STREET': 'plain', 'AGE': 'jaar'}"
CASE000616,M,50-64,turkish,West-Vlaanderen,Vlaanderen,town,Cem Yilmaz,dr. Marleen De Smet,dr. Stijn Goossens,Deniz Demir,Dochter,62,man,17/04/2026,17-04-2026,5 mei 2024,°15/4/1964,64 04 15 861 61,56547337006,BE53113522545846,4397453918023841,Dorpvest 138/19,8400,Oostende,055559218,0485-69 64 51,cem.yilmaz@gmail.com,https://www.kliniekdamiaan.be,Kliniek Damiaan,Reumatologie,osteoporose,ziekte van Bechterew,Humphrey - perimetrie,m. Deltoideus,Nexiam 20 mg,Metformine viatris 500 mg,boomstructuur van de bronchi,pH 7.38,PTO,watchful waiting,,False,patient,patient,de heer,hij,zijn,"{'INSZ': 'spaced', 'RIZIV': 'plain', 'IBAN': 'plain', 'DATE_ENCOUNTER': 'dd/mm/yyyy', 'DATE_VALIDATION': 'dd-mm-yyyy', 'DATE_HISTORY': 'text_nl', 'DOB': 'degree', 'TELEFOON': 'plain', 'TELEFOON_MOBILE': 'dashed', 'STREET': 'slash', 'AGE': 'bare'}"
CASE000617,F,50-64,flemish,Vlaams-Brabant,Vlaanderen,town,Els De Clercq,dr. Hilde De Clercq,dr. Dirk Verhoeven,Marleen Willems,Nicht,53-jarige,vrouw,2026-05-27,27 mei 2026,29/01/2024,º16-07-1972,72 07 16 658 35,61086838018,BE17 9283 8754 5709,4565829385404455,Berglei 205 bus 10,1500,Halle,010/89.60.10,0486/40.64.79,els.declercq@telenet.be,https://www.algemeenziekenhuissintjozef.be,Algemeen Ziekenhuis Sint-Jozef,Dermatologie,psoriasis vulgaris,syndroom van Cushing,Goldmann applanatie,V. Saphena magna,Sipralexa 20 mg,Lambipol 100 mg,beers-teken afwezig,12u,ODS,full range of motion,,False,patient,patiente,mevrouw,zij,haar,"{'INSZ': 'spaced', 'RIZIV': 'plain', 'IBAN': 'grouped', 'DATE_ENCOUNTER': 'yyyy-mm-dd', 'DATE_VALIDATION': 'text_nl', 'DATE_HISTORY': 'dd/mm/yyyy', 'DOB': 'masc_ordinal', 'TELEFOON': 'slash_dot', 'TELEFOON_MOBILE': 'slash_dot', 'STREET': 'bus', 'AGE': 'jarige'}"
CASE000618,M,80-95,flemish,Limburg,Vlaanderen,town,Rik Janssens,dr. Veerle Goossens,dr. Luc Lambert,Jan Van Damme,Broer,80,man,29/04/2026,1 mei 2026,10/2016,°06-02-1946,46.02.06-299.16,83973393480,BE83 4660 7432 8217,4425074382039505,Dorpsteenweg 184,3600,Genk,03 945 41 83,0488 71 66 13,rik.janssens@telenet.be,https://www.algemeenziekenhuissintlucas.be,Algemeen Ziekenhuis Sint-Lucas,Gastro-enterologie,lichte chronische niet specifieke colitis,syndroom van Guillain-Barre,Glasgow Coma Scale 15,A. Radialis,Pantomed 40 mg,Pantomed 40 mg,molaire zwangerschap uitgesloten,HR: 68,RYGB,Painful arc beiderzijds +,,False,patient,patient,de heer,hij,zijn,"{'INSZ': 'dotted', 'RIZIV': 'plain', 'IBAN': 'grouped', 'DATE_ENCOUNTER': 'dd/mm/yyyy', 'DATE_VALIDATION': 'text_abbr', 'DATE_HISTORY': 'mm/yyyy', 'DOB': 'degree', 'TELEFOON': 'spaced', 'TELEFOON_MOBILE': 'spaced', 'STREET': 'plain', 'AGE': 'bare'}"
CASE000619,F,18-34,flemish,West-Vlaanderen,Vlaanderen,town,Els Van den Berghe,dr. Salvatore Garcia,dr. Stijn Van Damme,Luc Vermeulen,Zoon,28 jaar,vrouw,19/05/2026,21-05-2026,16-04-2022,°13/07/1997,97.07.13-282.56,6-32995-27-006,BE68 7729 2549 0755,4925683596278389,Wilgenbaan 214,8300,Knokke-Heist,+32 12 46 01 74,+32 (0)492/48.39.03,els.vandenberghe@gmail.com,https://www.azvesalius.be,AZ Vesalius,Oftalmologie,cataract incipiens bilateraal,syndroom van Guillain-Barre,Romberg negatief,A. Radialis,Ozempic 1 mg,Metformine viatris 500 mg,beeld passend bij bursitis,1 a 2 /d,PTO,SSp testen positief,,False,patient,patiente,mevrouw,zij,haar,"{'INSZ': 'dotted', 'RIZIV': 'dashed', 'IBAN': 'grouped', 'DATE_ENCOUNTER': 'dd/mm/yyyy', 'DATE_VALIDATION': 'dd-mm-yyyy', 'DATE_HISTORY': 'dd-mm-yyyy', 'DOB': 'degree', 'TELEFOON': 'intl', 'TELEFOON_MOBILE': 'intl_paren', 'STREET': 'plain', 'AGE': 'jaar'}"
CASE000620,M,50-64,flemish,Antwerpen,Vlaanderen,town,Pieter Peeters,dr. Cem Ozturk,dr. Gul Kaya,Nele Van Damme,Nicht,51-jarige,man,04/05/2026,4/5/2026,12/9/2020,°13/4/1975,75041369137,9-65013-40-008,BE08 2534 6266 7482,4876927043885281,Vijverring 127 bus 1,2500,Lier,+32 (0)50/70.54.47,0484 64 90 89,pieter.peeters@gmail.com,https://www.ziekenhuisonzelievevrouw.be,Ziekenhuis Onze-Lieve-Vrouw,Neurologie,migraine met aura,ziekte van Crohn,teken van Tinel,V. Saphena magna,L-thyroxine 50 mcg,Metformine viatris 500 mg,hamstringletsel links,18u,RYGB,blurr-test,,False,patient,patient,de heer,hij,zijn,"{'INSZ': 'plain', 'RIZIV': 'dashed', 'IBAN': 'grouped', 'DATE_ENCOUNTER': 'dd/mm/yyyy', 'DATE_VALIDATION': 'd/m/yyyy', 'DATE_HISTORY': 'd/m/yyyy', 'DOB': 'degree', 'TELEFOON': 'intl_paren', 'TELEFOON_MOBILE': 'spaced', 'STREET': 'bus', 'AGE': 'jarige'}"
CASE000621,F,50-64,flemish,Oost-Vlaanderen,Vlaanderen,rural,Veerle Willems,dr. Emmanuel Bope,dr. Maria Silva,Nele Declercq,Grootmoeder,60-jarige,vrouw,18-04-2026,20-04-2026,23/03/2025,º10-02-1966,66.02.10-910.93,9 81542 01 008,BE64 7255 8359 4100,4319166616246986,Veldpark 85,9400,Ninove,09-162 17 36,+32 472 30 94 67,veerle.willems@gmail.com,https://www.kliniekheilighart.be,Kliniek Heilig Hart,Dermatologie,atopisch eczeem,syndroom van Guillain-Barre,Phalen-test,M. Subscapularis,D-cure 25 000 ie,Ventolin aerosol,peervormige galblaas,8u,OD,full range of motion,,False,patient,patiente,mevrouw,zij,haar,"{'INSZ': 'dotted', 'RIZIV': 'spaced', 'IBAN': 'grouped', 'DATE_ENCOUNTER': 'dd-mm-yyyy', 'DATE_VALIDATION': 'dd-mm-yyyy', 'DATE_HISTORY': 'dd/mm/yyyy', 'DOB': 'masc_ordinal', 'TELEFOON': 'dashed', 'TELEFOON_MOBILE': 'intl', 'STREET': 'plain', 'AGE': 'jarige'}"
CASE000622,M,50-64,flemish,West-Vlaanderen,Vlaanderen,town,Koen De Clercq,dr. Katrien Declercq,dr. Femke Van Acker,Filip Willems,Oom,52-jarige,man,8 mei 2026,2026-05-08,2/2019,°01-10-1973,73.10.01-777.20,1 73591 39 007,BE87 4886 6984 5705,4693131645383362,Eikenpad 175,8400,Oostende,015/18.19.51,+32 (0)499/77.00.57,koen.declercq@proximus.be,https://www.aznikolaas.be,AZ Nikolaas,Fysische Geneeskunde en revalidatie,laterale epicondylitis rechts,ziekte van Parkinson,teken van Tinel,N. Medianus,Asaflow 80 mg,L-thyroxine 50 mcg,molaire zwangerschap uitgesloten,18u,PTO,watchful waiting,,False,patient,patient,de heer,hij,zijn,"{'INSZ': 'dotted', 'RIZIV': 'spaced', 'IBAN': 'grouped', 'DATE_ENCOUNTER': 'text_nl', 'DATE_VALIDATION': 'yyyy-mm-dd', 'DATE_HISTORY': 'm/yyyy', 'DOB': 'degree', 'TELEFOON': 'slash_dot', 'TELEFOON_MOBILE': 'intl_paren', 'STREET': 'plain', 'AGE': 'jarige'}"
CASE000623,F,65-79,central_african,Vlaams-Brabant,Vlaanderen,town,Esther Mukendi,dr. Sara Bennani,dr. Femke Van Damme,Blaise Mbala,Vader,67 jaar,vrouw,2026-05-01,3 mei 2026,29/5/2018,°30 april 1959,59.04.30-192.78,1 43109 63 004,BE05295918826650,4673920604294295,Beekvest 157A,1500,Halle,+32 55 86 36 44,+32 491 64 14 03,esther.mukendi@skynet.be,https://www.ziekenhuisdevoorzorg.be,Ziekenhuis De Voorzorg,Neurologie,perifere polyneuropathie,ziekte van Dupuytren,Humphrey - perimetrie,m. Infraspinatus,Trianal suppo,Toujeo solostar,hamstringletsel links,25 000 ie,ODS,blurr-test,,False,patient,patiente,mevrouw,zij,haar,"{'INSZ': 'dotted', 'RIZIV': 'spaced', 'IBAN': 'plain', 'DATE_ENCOUNTER': 'yyyy-mm-dd', 'DATE_VALIDATION': 'text_nl', 'DATE_HISTORY': 'd/m/yyyy', 'DOB': 'degree', 'TELEFOON': 'intl', 'TELEFOON_MOBILE': 'intl', 'STREET': 'letter', 'AGE': 'jaar'}"
CASE000624,M,65-79,flemish,West-Vlaanderen,Vlaanderen,town,Bart Schirmer,dr. Dirk Jacobs,dr. Kris Verhoeven,Rik Claes,Grootvader,70,man,2026-04-20,20 apr 2026,30-07-2024,º11/08/1955,55.08.11-683.04,9-18212-87-018,BE90384922178876,4605743211154956,Vijverpark 219A,8900,Ieper,010 05 46 80,+32 (0)496/98.25.15,bart.schirmer@skynet.be,https://www.aznikolaas.be,AZ Nikolaas,NKO,chronische rhinosinusitis,manoeuvre van Valsalva,Humphrey - perimetrie,lig. Collaterale mediale,Trianal suppo,Glucagen hypokit,as 165 graden,-0.25 ^ -0.25 as 165 graden,PRP,no evidence of malignancy,,True,patient,patient,de heer,hij,zijn,"{'INSZ': 'dotted', 'RIZIV': 'dashed', 'IBAN': 'plain', 'DATE_ENCOUNTER': 'yyyy-mm-dd', 'DATE_VALIDATION': 'text_abbr', 'DATE_HISTORY': 'dd-mm-yyyy', 'DOB': 'masc_ordinal', 'TELEFOON': 'spaced', 'TELEFOON_MOBILE': 'intl_paren', 'STREET': 'letter', 'AGE': 'bare'}"
CASE000625,F,35-49,flemish,West-Vlaanderen,Vlaanderen,urban,Veerle Coppens,dr. Hilde De Backer,dr. Fatima Bennani,Koen Verhoeven,Vader,39-jarige,vrouw,22/05/2026,22/05/2026,10/1/2022,°13/07/1986,86071364049,5 03703 18 008,BE98 6666 2278 4949,4497046485551696,Vijverwal 101 bus 18,8500,Kortrijk,03-053 25 62,+32 (0)495/71.69.94,veerle.coppens@skynet.be,https://www.uzdamiaan.be,UZ Damiaan,Gastro-enterologie,anale fissuur,ziekte van Parkinson,Schirmer-test,M. Biceps caput longum,Ozempic 1 mg,Ibuprofen 400 mg,lintvormige stoelgang,BMI 20.808,OD,Painful arc beiderzijds +,,False,patient,patiente,mevrouw,zij,haar,"{'INSZ': 'plain', 'RIZIV': 'spaced', 'IBAN': 'grouped', 'DATE_ENCOUNTER': 'dd/mm/yyyy', 'DATE_VALIDATION': 'dd/mm/yyyy', 'DATE_HISTORY': 'd/m/yyyy', 'DOB': 'degree', 'TELEFOON': 'dashed', 'TELEFOON_MOBILE': 'intl_paren', 'STREET': 'bus', 'AGE': 'jarige'}"
CASE000626,M,50-64,flemish,Antwerpen,Vlaanderen,urban,Jan Declercq,dr. Cem Arslan,dr. Filip Mertens,Veerle Verhoeven,Grootmoeder,53 jaar,man,25 april 2026,27-04-2026,15/04/2025,°24-08-1972,72.08.24-267.96,25141806003,BE61 5660 4620 1033,4813409514050188,Stationsvest 167,2000,Antwerpen,022058869,+32 479 66 45 26,jan.declercq@telenet.be,https://www.uzgroeninge.be,UZ Groeninge,Neurologie,perifere polyneuropathie,syndroom van Sjogren,Phalen-test,m. Infraspinatus,Injectafer 1000 mg,Atorstatine 20 mg,beeld passend bij bursitis,2/d,ODS,no evidence of malignancy,,False,patient,patient,de heer,hij,zijn,"{'INSZ': 'dotted', 'RIZIV': 'plain', 'IBAN': 'grouped', 'DATE_ENCOUNTER': 'text_nl', 'DATE_VALIDATION': 'dd-mm-yyyy', 'DATE_HISTORY': 'dd/mm/yyyy', 'DOB': 'degree', 'TELEFOON': 'plain', 'TELEFOON_MOBILE': 'intl', 'STREET': 'plain', 'AGE': 'jaar'}"
CASE000627,F,35-49,flemish,Antwerpen,Vlaanderen,town,Marleen Jacobs,dr. Veerle Willems,dr. Geert Mertens,Koen Maes,Zoon,45 jaar,vrouw,11-05-2026,11/05/2026,26 jan 2024,°31 maa 1981,81.03.31-934.52,9-81167-85-003,BE75 2087 8760 6166,4001123301679651,Groenedreef 171,2500,Lier,02 965 26 12,0456 52 91 72,marleen.jacobs@proximus.be,https://www.algemeenziekenhuisdevoorzorg.be,Algemeen Ziekenhuis De Voorzorg,Pneumologie,obstructief longlijden GOLD II,ziekte van Hashimoto,Phalen-test,lig. Collaterale mediale,L-thyroxine 50 mcg,Toujeo solostar,boomstructuur van de bronchi,0.5 mg,APO,full range of motion,,False,patient,patiente,mevrouw,zij,haar,"{'INSZ': 'dotted', 'RIZIV': 'dashed', 'IBAN': 'grouped', 'DATE_ENCOUNTER': 'dd-mm-yyyy', 'DATE_VALIDATION': 'dd/mm/yyyy', 'DATE_HISTORY': 'text_abbr', 'DOB': 'degree', 'TELEFOON': 'spaced', 'TELEFOON_MOBILE': 'spaced', 'STREET': 'plain', 'AGE': 'jaar'}"
CASE000628,M,18-34,flemish,Antwerpen,Vlaanderen,rural,Bart Peeters,dr. Ayse Ozturk,dr. Dimitar Marinescu,Stijn Willems,Grootvader,25-jarige,man,17 april 2026,17-04-2026,09/11/2020,º14-11-2000,00.11.14-457.05,6 15727 29 006,BE70026138244974,4522173284248727,Gaverplein 240,2400,Mol,089/81.55.51,0491 45 91 47,bart.peeters@telenet.be,https://www.klinieksintjozef.be,Kliniek Sint-Jozef,Orthopedie,carpaal tunnelsyndroom,ziekte van Hashimoto,Jaeger transfertest,M. Biceps caput longum,Lyumjev kwikpen,Trianal suppo,geel verkleurde sclerae,FEV1/FVC 73.17,tvv,blurr-test,,False,patient,patient,de heer,hij,zijn,"{'INSZ': 'dotted', 'RIZIV': 'spaced', 'IBAN': 'plain', 'DATE_ENCOUNTER': 'text_nl', 'DATE_VALIDATION': 'dd-mm-yyyy', 'DATE_HISTORY': 'dd/mm/yyyy', 'DOB': 'masc_ordinal', 'TELEFOON': 'slash_dot', 'TELEFOON_MOBILE': 'spaced', 'STREET': 'plain', 'AGE': 'jarige'}"
CASE000629,F,65-79,maghrebi,Antwerpen,Vlaanderen,town,Fatima Bouzid,dr. Joseph Kabongo,dr. Lieve Lambert,Mohamed Ouazzani,Broer,75 jaar,vrouw,24/5/2026,24/5/2026,9/2025,°2/2/1951,51.02.02-216.33,1-69113-55-008,BE06 3325 3480 6545,4872569641135075,Vijverplein 43,2300,Turnhout,+32 14 77 02 60,0491-59 51 79,fatima.bouzid@gmail.com,https://www.znamiddelheim.be,ZNA Middelheim,Pneumologie,obstructief longlijden GOLD II,ziekte van Dupuytren,Schirmer-test,A. Radialis,Pantomed 40 mg,Toujeo solostar,lintvormige stoelgang,T 37.2,antec.,blurr-test,,False,patient,patiente,mevrouw,zij,haar,"{'INSZ': 'dotted', 'RIZIV': 'dashed', 'IBAN': 'grouped', 'DATE_ENCOUNTER': 'd/m/yyyy', 'DATE_VALIDATION': 'd/m/yyyy', 'DATE_HISTORY': 'm/yyyy', 'DOB': 'degree', 'TELEFOON': 'intl', 'TELEFOON_MOBILE': 'dashed', 'STREET': 'plain', 'AGE': 'jaar'}"
CASE000630,M,50-64,eastern_european,Antwerpen,Vlaanderen,urban,Andrzej Ionescu,dr. Filip Declercq,dr. Dirk Maes,Piotr Ionescu,Oom,50-jarige,man,20/05/2026,22 mei 2026,11 september 2021,°27/10/1975,75.10.27-665.73,8-52600-30-006,BE05838421547582,4872390371558604,Hogelei 119 bus 4,2018,Antwerpen,046970711,+32 (0)489/91.74.42,andrzej.ionescu@skynet.be,https://www.uzsintrembert.be,UZ Sint-Rembert,Fysische Geneeskunde en revalidatie,supraspinatuspeestendinose bilateraal,ziekte van Bechterew,Schirmer-test,M. Subscapularis,Lambipol 100 mg,Sipralexa 20 mg,peervormige galblaas,pH 7.38,OD,SSp testen positief,,False,patient,patient,de heer,hij,zijn,"{'INSZ': 'dotted', 'RIZIV': 'dashed', 'IBAN': 'plain', 'DATE_ENCOUNTER': 'dd/mm/yyyy', 'DATE_VALIDATION': 'text_abbr', 'DATE_HISTORY': 'text_nl', 'DOB': 'degree', 'TELEFOON': 'plain', 'TELEFOON_MOBILE': 'intl_paren', 'STREET': 'bus', 'AGE': 'jarige'}"
CASE000631,F,50-64,maghrebi,Antwerpen,Vlaanderen,urban,Yasmine Bristol,dr. Inge Peeters,dr. Filip Declercq,Amina Benali,Nicht,54-jarige,vrouw,25/04/2026,26-04-2026,9/2018,°18-08-1971,71.08.18-160.71,8-68918-08-480,BE71 2870 1247 7231,4496784527331880,Wilgenplein 142,2800,Mechelen,09/118.81.61,0497629156,yasmine.bristol@telenet.be,https://www.azsintlucas.be,AZ Sint-Lucas,Orthopedie,gonartrose bilateraal,ziekte van Graves,Phalen-test,lig. Collaterale mediale,Ozempic 1 mg,Nexiam 20 mg,geel verkleurde sclerae,12u,OS,SSp testen positief,,True,patient,patiente,mevrouw,zij,haar,"{'INSZ': 'dotted', 'RIZIV': 'dashed', 'IBAN': 'grouped', 'DATE_ENCOUNTER': 'dd/mm/yyyy', 'DATE_VALIDATION': 'dd-mm-yyyy', 'DATE_HISTORY': 'm/yyyy', 'DOB': 'degree', 'TELEFOON': 'slash_dot', 'TELEFOON_MOBILE': 'plain', 'STREET': 'plain', 'AGE': 'jarige'}"
CASE000632,M,65-79,flemish,Oost-Vlaanderen,Vlaanderen,town,Pieter Peeters,dr. Ismail Idrissi,dr. Ilham Alaoui,Jan Peeters,Broer,70-jarige,man,27/4/2026,27/04/2026,10-08-2024,°3/11/1955,55110315517,5-93623-17-006,BE88 3863 8186 5758,4428220220410641,Velddreef 94 bus 9,9700,Oudenaarde,052/17.74.85,0474-83 51 39,pieter.peeters@gmail.com,https://www.ziekenhuissintvincentius.be,Ziekenhuis Sint-Vincentius,Gastro-enterologie,status na gastric bypass (RYGB),ziekte van Von Willebrand,Romberg negatief,M. Subscapularis,Sipralexa 20 mg,Ozempic 1 mg,peervormige galblaas,T 37.2,PRP,shared decision making,,False,patient,patient,de heer,hij,zijn,"{'INSZ': 'plain', 'RIZIV': 'dashed', 'IBAN': 'grouped', 'DATE_ENCOUNTER': 'd/m/yyyy', 'DATE_VALIDATION': 'dd/mm/yyyy', 'DATE_HISTORY': 'dd-mm-yyyy', 'DOB': 'degree', 'TELEFOON': 'slash_dot', 'TELEFOON_MOBILE': 'dashed', 'STREET': 'bus', 'AGE': 'jarige'}"
CASE000633,F,18-34,flemish,Vlaams-Brabant,Vlaanderen,town,Tine Goossens,dr. Els Janssens,dr. Dirk Coppens,Kris Willems,Neef,26-jarige,vrouw,05/05/2026,7 mei 2026,13/10/2025,º02/11/1999,99.11.02-916.16,6-95933-42-030,BE35 6911 0490 7762,4751967929605866,Kortevest 130,1700,Dilbeek,03 089 67 60,0499-52 18 31,tine.goossens@proximus.be,https://www.ziekenhuissintlucas.be,Ziekenhuis Sint-Lucas,Gastro-enterologie,ferriprieve anaemie,syndroom van Sjogren,Humphrey - perimetrie,m. Deltoideus,Paracetamol 1 g,Lambipol 100 mg,hamstringletsel links,8u,NSAID,Painful arc beiderzijds +,,False,patient,patiente,mevrouw,zij,haar,"{'INSZ': 'dotted', 'RIZIV': 'dashed', 'IBAN': 'grouped', 'DATE_ENCOUNTER': 'dd/mm/yyyy', 'DATE_VALIDATION': 'text_abbr', 'DATE_HISTORY': 'dd/mm/yyyy', 'DOB': 'masc_ordinal', 'TELEFOON': 'spaced', 'TELEFOON_MOBILE': 'dashed', 'STREET': 'plain', 'AGE': 'jarige'}"
CASE000634,M,0-17,flemish,Vlaams-Brabant,Vlaanderen,town,Pieter Willems,dr. Marleen Van Acker,dr. Ioana Novak,Ann De Backer,Dochter,9-jarige,man,26/05/2026,26 mei 2026,26/05/2020,°14/06/2016,16.06.14-543.26,5-72087-19-007,BE57 5536 4515 9475,4968460412616557,Nieuwdreef 54 bus 9,1500,Halle,015 23 77 50,0499670350,pieter.willems@proximus.be,https://www.kliniekvesalius.be,Kliniek Vesalius,Endocrinologie,type 2 diabetes mellitus,ziekte van Parkinson,Romberg negatief,M. Supraspinatus,Lambipol 100 mg,Paracetamol 1 g,lintvormige stoelgang,2/d,PPI,Painful arc beiderzijds +,,False,patient,patient,de heer,hij,zijn,"{'INSZ': 'dotted', 'RIZIV': 'dashed', 'IBAN': 'grouped', 'DATE_ENCOUNTER': 'dd/mm/yyyy', 'DATE_VALIDATION': 'text_abbr', 'DATE_HISTORY': 'dd/mm/yyyy', 'DOB': 'degree', 'TELEFOON': 'spaced', 'TELEFOON_MOBILE': 'plain', 'STREET': 'bus', 'AGE': 'jarige'}"
CASE000635,F,35-49,flemish,Vlaams-Brabant,Vlaanderen,town,Hilde Van den Berghe,dr. Koen Declercq,dr. Samira El Habti,Marc Wouters,Neef,41-jarige,vrouw,2026-04-27,28-04-2026,20/01/2016,°22 nov 1984,84.11.22-470.32,1-34479-60-018,BE20 2233 8387 0724,4111785125927297,Kasteelhof 87/13,1500,Halle,04-851 19 90,0483 96 50 93,hilde.vandenberghe@telenet.be,https://www.jessaziekenhuis.be,Jessa Ziekenhuis,Fysische Geneeskunde en revalidatie,lumbaal facettair syndroom,ziekte van Bechterew,Barthel-index 90,m. Deltoideus,Lyumjev kwikpen,Lyumjev kwikpen,peervormige galblaas,-0.25 ^ -0.25 as 165 graden,PPI,SSp testen positief,,False,patient,patiente,mevrouw,zij,haar,"{'INSZ': 'dotted', 'RIZIV': 'dashed', 'IBAN': 'grouped', 'DATE_ENCOUNTER': 'yyyy-mm-dd', 'DATE_VALIDATION': 'dd-mm-yyyy', 'DATE_HISTORY': 'dd/mm/yyyy', 'DOB': 'degree', 'TELEFOON': 'dashed', 'TELEFOON_MOBILE': 'spaced', 'STREET': 'slash', 'AGE': 'jarige'}"
CASE000636,M,35-49,flemish,West-Vlaanderen,Vlaanderen,town,Luc Lambert,dr. Karim Alaoui,dr. Leen Vermeulen,Kris Goossens,Oom,43-jarige,man,25-05-2026,27/05/2026,6/8/2023,°07/10/1982,82100787132,7-66380-17-004,BE79 9163 3849 9958,4371421374727932,Veldberg 213,8300,Knokke-Heist,032750936,0470356000,luc.lambert@skynet.be,https://www.uzmariamiddelares.be,UZ Maria Middelares,Pneumologie,obstructief longlijden GOLD II,ziekte van Hashimoto,Jaeger transfertest,A. Radialis,Ventolin aerosol,Trianal suppo,hamstringletsel links,4.95*,OS,SSp testen positief,,False,patient,patient,de heer,hij,zijn,"{'INSZ': 'plain', 'RIZIV': 'dashed', 'IBAN': 'grouped', 'DATE_ENCOUNTER': 'dd-mm-yyyy', 'DATE_VALIDATION': 'dd/mm/yyyy', 'DATE_HISTORY': 'd/m/yyyy', 'DOB': 'degree', 'TELEFOON': 'plain', 'TELEFOON_MOBILE': 'plain', 'STREET': 'plain', 'AGE': 'jarige'}"
CASE000637,F,65-79,southern_european,Vlaams-Brabant,Vlaanderen,urban,Carmela Moreira,dr. Antonio Silva,dr. Ann Verhoeven,Rafael Moreira,Grootvader,76 jaar,vrouw,22-05-2026,24 mei 2026,21 augustus 2015,°08/08/1949,49080851440,1-26691-88-003,BE63586691668872,4699329745116518,Nieuwpad 10,3000,Leuven,050 26 73 27,0474 13 40 44,carmela.moreira@gmail.com,https://www.azvesalius.be,AZ Vesalius,Orthopedie,carpaal tunnelsyndroom,ziekte van Von Willebrand,Glasgow Coma Scale 15,A. Radialis,Toujeo solostar,Nexiam 20 mg,molaire zwangerschap uitgesloten,3x/week,PTO,blurr-test,,False,patient,patiente,mevrouw,zij,haar,"{'INSZ': 'plain', 'RIZIV': 'dashed', 'IBAN': 'plain', 'DATE_ENCOUNTER': 'dd-mm-yyyy', 'DATE_VALIDATION': 'text_abbr', 'DATE_HISTORY': 'text_nl', 'DOB': 'degree', 'TELEFOON': 'spaced', 'TELEFOON_MOBILE': 'spaced', 'STREET': 'plain', 'AGE': 'jaar'}"
CASE000638,M,50-64,flemish,West-Vlaanderen,Vlaanderen,town,Wouter Declercq,dr. Hilde Van Damme,dr. Rik Maes,An De Clercq,Zus,61-jarige,man,16-05-2026,18 mei 2026,25/05/2019,°20 december 1964,64.12.20-551.83,37586807030,BE09946460234228,4449951437043420,Nieuwhof 112 bus 5,8800,Roeselare,053/59.99.19,0456/52.74.56,wouter.declercq@proximus.be,https://www.imeldaziekenhuis.be,Imeldaziekenhuis,Fysische Geneeskunde en revalidatie,supraspinatuspeestendinose bilateraal,manoeuvre van Valsalva,Humphrey - perimetrie,A. Radialis,Lyumjev kwikpen,Depakine chrono 500 mg,boomstructuur van de bronchi,3x/week,nle,full range of motion,,False,patient,patient,de heer,hij,zijn,"{'INSZ': 'dotted', 'RIZIV': 'plain', 'IBAN': 'plain', 'DATE_ENCOUNTER': 'dd-mm-yyyy', 'DATE_VALIDATION': 'text_abbr', 'DATE_HISTORY': 'dd/mm/yyyy', 'DOB': 'degree', 'TELEFOON': 'slash_dot', 'TELEFOON_MOBILE': 'slash_dot', 'STREET': 'bus', 'AGE': 'jarige'}"
CASE000639,F,35-49,flemish,Antwerpen,Vlaanderen,town,Griet De Smet,dr. Lode Claes,dr. Piotr Popescu,Dirk De Clercq,Broer,49,vrouw,2026-05-22,22-05-2026,6/2018,°09-03-1977,77.03.09-554.38,3-47894-45-018,BE44 5541 1409 7091,4338254176892204,Beekbaan 87 bus 12,2300,Turnhout,04 317 19 16,0499 25 97 44,griet.desmet@gmail.com,https://www.azdelta.be,AZ Delta,Algemene Heelkunde,ziekte van Von Willebrand,teken van Lasegue,Jaeger transfertest,m. Deltoideus,Ozempic 1 mg,Diltiazemzalf 2%,beeld passend bij bursitis,8u,co,SSp testen positief,,False,patient,patiente,mevrouw,zij,haar,"{'INSZ': 'dotted', 'RIZIV': 'dashed', 'IBAN': 'grouped', 'DATE_ENCOUNTER': 'yyyy-mm-dd', 'DATE_VALIDATION': 'dd-mm-yyyy', 'DATE_HISTORY': 'm/yyyy', 'DOB': 'degree', 'TELEFOON': 'spaced', 'TELEFOON_MOBILE': 'spaced', 'STREET': 'bus', 'AGE': 'bare'}"
CASE000640,M,18-34,flemish,Antwerpen,Vlaanderen,urban,Rik Vermeulen,dr. Esra Korkmaz,dr. Jonas Dubois,Veerle Jacobs,Tante,31,man,15/05/2026,17/5/2026,16-12-2020,°19/6/1994,94.06.19-425.51,5-88579-17-008,BE97 4245 5194 6238,4697296720418627,Hogehof 52 bus 10,2000,Antwerpen,091274706,0484 30 09 22,rik.vermeulen@skynet.be,https://www.azklina.be,AZ Klina,Fysische Geneeskunde en revalidatie,laterale epicondylitis rechts,ziekte van Crohn,Barthel-index 90,m. Infraspinatus,Ibuprofen 400 mg,Sipralexa 20 mg,lintvormige stoelgang,0.5 mg,tvv,SSp testen positief,,False,patient,patient,de heer,hij,zijn,"{'INSZ': 'dotted', 'RIZIV': 'dashed', 'IBAN': 'grouped', 'DATE_ENCOUNTER': 'dd/mm/yyyy', 'DATE_VALIDATION': 'd/m/yyyy', 'DATE_HISTORY': 'dd-mm-yyyy', 'DOB': 'degree', 'TELEFOON': 'plain', 'TELEFOON_MOBILE': 'spaced', 'STREET': 'bus', 'AGE': 'bare'}"
CASE000641,F,80-95,maghrebi,Vlaams-Brabant,Vlaanderen,rural,Fatima Benali,dr. Filip Lambert,dr. Pieter Dubois,Samira Rahmani,Moeder,92-jarige,vrouw,01/05/2026,01/05/2026,23/06/2022,°12/10/1933,33.10.12-618.76,5-88696-94-006,BE66 4159 4781 2250,4996783435859912,Meersvest 145,3200,Aarschot,046360385,0475 64 96 66,fatima.benali@gmail.com,https://www.algemeenziekenhuisrivierenland.be,Algemeen Ziekenhuis Rivierenland,Gastro-enterologie,diverticulose sigmoid,ziekte van Dupuytren,Romberg negatief,A. Radialis,L-thyroxine 50 mcg,Ventolin aerosol,molaire zwangerschap uitgesloten,300 ie/ml 1.5 ml,antec.,watchful waiting,,False,patient,patiente,mevrouw,zij,haar,"{'INSZ': 'dotted', 'RIZIV': 'dashed', 'IBAN': 'grouped', 'DATE_ENCOUNTER': 'dd/mm/yyyy', 'DATE_VALIDATION': 'dd/mm/yyyy', 'DATE_HISTORY': 'dd/mm/yyyy', 'DOB': 'degree', 'TELEFOON': 'plain', 'TELEFOON_MOBILE': 'spaced', 'STREET': 'plain', 'AGE': 'jarige'}"
CASE000642,M,50-64,flemish,Limburg,Vlaanderen,urban,Tom Vermeulen,dr. Ann Verhoeven,dr. Pieter Jacobs,Inge Claes,Tante,52-jarige,man,20 april 2026,21.04.2026,11 november 2021,°14-07-1973,73071437907,9-45979-62-003,BE11 7319 6976 3781,4096762428574042,Abdijring 66,3500,Hasselt,04 179 39 43,0491 90 15 33,tom.vermeulen@telenet.be,https://www.algemeenziekenhuissintblasius.be,Algemeen Ziekenhuis Sint-Blasius,Algemene Heelkunde,ziekte van Von Willebrand,ziekte van Dupuytren,teken van Tinel,M. Subscapularis,Paracetamol 1 g,Injectafer 1000 mg,lintvormige stoelgang,1/d,APO,SSp testen positief,,False,patient,patient,de heer,hij,zijn,"{'INSZ': 'plain', 'RIZIV': 'dashed', 'IBAN': 'grouped', 'DATE_ENCOUNTER': 'text_nl', 'DATE_VALIDATION': 'dd.mm.yyyy', 'DATE_HISTORY': 'text_nl', 'DOB': 'degree', 'TELEFOON': 'spaced', 'TELEFOON_MOBILE': 'spaced', 'STREET': 'plain', 'AGE': 'jarige'}"
CASE000643,F,50-64,eastern_european,Vlaams-Brabant,Vlaanderen,town,Iwona Zielinski,dr. Veerle Maes,dr. Nabil El Amrani,Svetlana Nowak,Nicht,56-jarige,vrouw,27/05/2026,28/05/2026,15/12/2023,°13-02-1970,70 02 13 974 23,9-43837-70-030,BE55 3955 7741 8822,4905552378390494,Molenpad 61B,1700,Dilbeek,016 90 02 95,0499/94.11.38,iwona.zielinski@gmail.com,https://www.uzsintblasius.be,UZ Sint-Blasius,Pneumologie,"astma, goed gecontroleerd",ziekte van Graves,Romberg negatief,m. Deltoideus,Ozempic 1 mg,Sipralexa 20 mg,beers-teken afwezig,BD: 146/68,OD,blurr-test,,False,patient,patiente,mevrouw,zij,haar,"{'INSZ': 'spaced', 'RIZIV': 'dashed', 'IBAN': 'grouped', 'DATE_ENCOUNTER': 'dd/mm/yyyy', 'DATE_VALIDATION': 'dd/mm/yyyy', 'DATE_HISTORY': 'dd/mm/yyyy', 'DOB': 'degree', 'TELEFOON': 'spaced', 'TELEFOON_MOBILE': 'slash_dot', 'STREET': 'letter', 'AGE': 'jarige'}"
CASE000644,M,35-49,central_african,Oost-Vlaanderen,Vlaanderen,rural,Didier Lumumba,dr. Kris De Smet,dr. Wim De Smet,Esther Lumumba,Moeder,38-jarige,man,03.05.2026,05/05/2026,22-02-2017,°02/02/1988,88.02.02 043 13,31112749018,BE10818787510451,4318678110802388,Eikenlei 61 bus 19,9400,Ninove,011 71 82 18,+32 (0)499/49.85.02,didier.lumumba@skynet.be,https://www.ziekenhuisnikolaas.be,Ziekenhuis Nikolaas,Gastro-enterologie,ferriprieve anaemie,ziekte van Bechterew,Barthel-index 90,lig. Collaterale mediale,Asaflow 80 mg,Paracetamol 1 g,peervormige galblaas,BMI 20.808,i.o.m.,full range of motion,,False,patient,patient,de heer,hij,zijn,"{'INSZ': 'mixed', 'RIZIV': 'plain', 'IBAN': 'plain', 'DATE_ENCOUNTER': 'dd.mm.yyyy', 'DATE_VALIDATION': 'dd/mm/yyyy', 'DATE_HISTORY': 'dd-mm-yyyy', 'DOB': 'degree', 'TELEFOON': 'spaced', 'TELEFOON_MOBILE': 'intl_paren', 'STREET': 'bus', 'AGE': 'jarige'}"
CASE000645,F,35-49,flemish,Limburg,Vlaanderen,urban,Katrien Van Acker,dr. Hamza El Habti,dr. Rosa Costa,Geert Willems,Grootvader,47-jarige,vrouw,27/05/2026,29/5/2026,2024-02-05,°02-01-1979,79010299232,7-53269-33-006,BE70 2450 6044 2267,4827653480249662,Oudepark 177,3500,Hasselt,058693953,+32 (0)493/11.03.49,katrien.vanacker@skynet.be,https://www.imeldaziekenhuis.be,Imeldaziekenhuis,Pneumologie,obstructief slaapapneusyndroom,syndroom van Sjogren,Glasgow Coma Scale 15,N. Medianus,Diltiazemzalf 2%,Progor retard 180 mg,molaire zwangerschap uitgesloten,pH 7.38,NSAID,Painful arc beiderzijds +,,False,patient,patiente,mevrouw,zij,haar,"{'INSZ': 'plain', 'RIZIV': 'dashed', 'IBAN': 'grouped', 'DATE_ENCOUNTER': 'dd/mm/yyyy', 'DATE_VALIDATION': 'd/m/yyyy', 'DATE_HISTORY': 'yyyy-mm-dd', 'DOB': 'degree', 'TELEFOON': 'plain', 'TELEFOON_MOBILE': 'intl_paren', 'STREET': 'plain', 'AGE': 'jarige'}"
CASE000646,M,65-79,eastern_european,West-Vlaanderen,Vlaanderen,urban,Vasile Ionescu,dr. Lore Van Acker,dr. Marleen Janssens,Krzysztof Kowalski,Neef,66 jaar,man,15 apr 2026,15-04-2026,01.11.2023,°21 jun 1959,59 06 21 463 91,57842682018,BE94 6726 5777 6500,4551263700796336,Nieuwweg 177,8000,Brugge,04 103 72 81,0474 96 76 58,vasile.ionescu@telenet.be,https://www.imeldaziekenhuis.be,Imeldaziekenhuis,Fysische Geneeskunde en revalidatie,laterale epicondylitis rechts,ziekte van Dupuytren,Jaeger transfertest,M. Subscapularis,Progor retard 180 mg,Glucagen hypokit,lintvormige stoelgang,2cc,ivm,full range of motion,,False,patient,patient,de heer,hij,zijn,"{'INSZ': 'spaced', 'RIZIV': 'plain', 'IBAN': 'grouped', 'DATE_ENCOUNTER': 'text_abbr', 'DATE_VALIDATION': 'dd-mm-yyyy', 'DATE_HISTORY': 'dd.mm.yyyy', 'DOB': 'degree', 'TELEFOON': 'spaced', 'TELEFOON_MOBILE': 'spaced', 'STREET': 'plain', 'AGE': 'jaar'}"
CASE000647,F,50-64,flemish,Oost-Vlaanderen,Vlaanderen,urban,Hilde Jacobs,dr. Paulo Santos,dr. Ann Declercq,Geert Lambert,Zoon,52 jaar,vrouw,2026-05-18,18-05-2026,30/04/2019,°18-03-1974,74 03 18 334 22,9-86025-77-003,BE25986053474720,4705186506799649,Vijverlei 39/11,9000,Gent,015/56.48.58,0479635553,hilde.jacobs@proximus.be,https://www.algemeenziekenhuiszeepreventorium.be,Algemeen Ziekenhuis Zeepreventorium,Endocrinologie,hypothyreoidie,ziekte van Crohn,Humphrey - perimetrie,N. Medianus,Cose protect,Ibuprofen 400 mg,beeld passend bij bursitis,HR: 68,PPI,shared decision making,,False,patient,patiente,mevrouw,zij,haar,"{'INSZ': 'spaced', 'RIZIV': 'dashed', 'IBAN': 'plain', 'DATE_ENCOUNTER': 'yyyy-mm-dd', 'DATE_VALIDATION': 'dd-mm-yyyy', 'DATE_HISTORY': 'dd/mm/yyyy', 'DOB': 'degree', 'TELEFOON': 'slash_dot', 'TELEFOON_MOBILE': 'plain', 'STREET': 'slash', 'AGE': 'jaar'}"
CASE000648,M,35-49,flemish,Antwerpen,Vlaanderen,rural,Koen Van Acker,dr. Els De Backer,dr. Nele Vermeulen,Geert Goossens,Neef,43-jarige,man,17/05/2026,19/05/2026,31 augustus 2021,°01/01/1983,83.01.01-105.63,53781154006,BE74 5100 8331 0635,4151295458938532,Abdijstraat 84,2400,Mol,051 46 27 63,0497/12.37.65,koen.vanacker@skynet.be,https://www.azdelta.be,AZ Delta,Orthopedie,gonartrose bilateraal,ziekte van Graves,Glasgow Coma Scale 15,m. Deltoideus,Cose protect,Trianal suppo,geel verkleurde sclerae,3x,i.o.m.,blurr-test,,False,patient,patient,de heer,hij,zijn,"{'INSZ': 'dotted', 'RIZIV': 'plain', 'IBAN': 'grouped', 'DATE_ENCOUNTER': 'dd/mm/yyyy', 'DATE_VALIDATION': 'dd/mm/yyyy', 'DATE_HISTORY': 'text_nl', 'DOB': 'degree', 'TELEFOON': 'spaced', 'TELEFOON_MOBILE': 'slash_dot', 'STREET': 'plain', 'AGE': 'jarige'}"
CASE000649,F,80-95,flemish,West-Vlaanderen,Vlaanderen,town,Veerle Snellen,dr. Luc De Backer,dr. Femke Goossens,Luc De Smet,Vader,90 jaar,vrouw,13.05.2026,13-05-2026,24/1/2021,°12/09/1935,35091273690,2-00976-08-003,BE16735790212772,4418286549078726,Kerklei 165,8900,Ieper,057583445,+32 478 21 11 02,veerle.snellen@proximus.be,https://www.algemeenziekenhuisdevoorzorg.be,Algemeen Ziekenhuis De Voorzorg,Reumatologie,reumatoide artritis,ziekte van Graves,Snellen 1,N. Medianus,Nexiam 20 mg,Glucagen hypokit,molaire zwangerschap uitgesloten,3x/week,PRP,no evidence of malignancy,,True,patient,patiente,mevrouw,zij,haar,"{'INSZ': 'plain', 'RIZIV': 'dashed', 'IBAN': 'plain', 'DATE_ENCOUNTER': 'dd.mm.yyyy', 'DATE_VALIDATION': 'dd-mm-yyyy', 'DATE_HISTORY': 'd/m/yyyy', 'DOB': 'degree', 'TELEFOON': 'plain', 'TELEFOON_MOBILE': 'intl', 'STREET': 'plain', 'AGE': 'jaar'}"
CASE000650,M,35-49,turkish,West-Vlaanderen,Vlaanderen,rural,Cem Yilmaz,dr. Katarzyna Novak,dr. Kris Lambert,Esra Aydin,Zus,42-jarige,man,04/05/2026,06-05-2026,13.04.2022,°06/06/1984,84 06 06 993 51,2-67898-16-480,BE50809442516539,4969157349438563,Nieuwhof 68B,8700,Tielt,02 827 61 00,0477 45 09 84,cem.yilmaz@skynet.be,https://www.ziekenhuisgroeninge.be,Ziekenhuis Groeninge,Fysische Geneeskunde en revalidatie,lumbaal facettair syndroom,syndroom van Sjogren,Romberg negatief,N. Medianus,Cose protect,Ventolin aerosol,hamstringletsel links,4.95*,SSp,blurr-test,,False,patient,patient,de heer,hij,zijn,"{'INSZ': 'spaced', 'RIZIV': 'dashed', 'IBAN': 'plain', 'DATE_ENCOUNTER': 'dd/mm/yyyy', 'DATE_VALIDATION': 'dd-mm-yyyy', 'DATE_HISTORY': 'dd.mm.yyyy', 'DOB': 'degree', 'TELEFOON': 'spaced', 'TELEFOON_MOBILE': 'spaced', 'STREET': 'letter', 'AGE': 'jarige'}"
CASE000651,F,65-79,maghrebi,Brussel-Hoofdstad,Brussel,urban,Amina Benali,dr. Youssef Cherkaoui,dr. Veerle Willems,Rachid Cherkaoui,Vader,79 jaar,vrouw,11.05.2026,11/05/2026,02-10-2018,°6/10/1946,46.10.06-900.53,8-95289-21-004,BE16537491755839,4816495710425990,Gaverhof 123,1000,Brussel,02 822 04 48,0456 91 30 40,amina.benali@telenet.be,https://www.azvesalius.be,AZ Vesalius,Fysische Geneeskunde en revalidatie,bekkenbodemhypertonie,ziekte van Von Willebrand,Bristol-schaal type 4,M. Subscapularis,Ventolin aerosol,Nexiam 20 mg,peervormige galblaas,1 a 2 /d,ODS,shared decision making,,False,patient,patiente,mevrouw,zij,haar,"{'INSZ': 'dotted', 'RIZIV': 'dashed', 'IBAN': 'plain', 'DATE_ENCOUNTER': 'dd.mm.yyyy', 'DATE_VALIDATION': 'dd/mm/yyyy', 'DATE_HISTORY': 'dd-mm-yyyy', 'DOB': 'degree', 'TELEFOON': 'spaced', 'TELEFOON_MOBILE': 'spaced', 'STREET': 'plain', 'AGE': 'jaar'}"
CASE000652,M,0-17,flemish,Antwerpen,Vlaanderen,rural,Dirk Van Damme,dr. Rachid El Amrani,dr. Wouter Van Damme,Luc Van Damme,Zoon,3-jarige,man,14-05-2026,14-05-2026,26-06-2015,°29/06/2022,22 06 29 419 20,62516104006,BE05179358086010,4536292135011342,Nieuwsteenweg 172 bus 13,2860,Sint-Katelijne-Waver,09-006 20 82,0456/16.34.01,dirk.vandamme@proximus.be,https://www.azsintrembert.be,AZ Sint-Rembert,Oftalmologie,geen diabetische retinopathie,manoeuvre van Valsalva,Phalen-test,V. Saphena magna,Cose protect,Ozempic 1 mg,beeld passend bij bursitis,4.95*,PPI,shared decision making,,False,patient,patient,de heer,hij,zijn,"{'INSZ': 'spaced', 'RIZIV': 'plain', 'IBAN': 'plain', 'DATE_ENCOUNTER': 'dd-mm-yyyy', 'DATE_VALIDATION': 'dd-mm-yyyy', 'DATE_HISTORY': 'dd-mm-yyyy', 'DOB': 'degree', 'TELEFOON': 'dashed', 'TELEFOON_MOBILE': 'slash_dot', 'STREET': 'bus', 'AGE': 'jarige'}"
CASE000653,F,65-79,flemish,Oost-Vlaanderen,Vlaanderen,rural,Marleen Coppens,dr. Lieve Lambert,dr. Marc De Smet,Lieve Jacobs,Dochter,73,vrouw,05-05-2026,06/05/2026,17-03-2023,°20-08-1952,52.08.20-964.69,37564932030,BE51 1087 7246 2575,4421391369975483,Zonnelei 133B,9600,Ronse,+32 (0)58/88.64.65,0490 78 29 03,marleen.coppens@skynet.be,https://www.algemeenziekenhuissintlucas.be,Algemeen Ziekenhuis Sint-Lucas,Cardiologie,boezemfibrilleren,manoeuvre van Valsalva,Goldmann applanatie,lig. Collaterale mediale,Injectafer 1000 mg,Injectafer 1000 mg,peervormige galblaas,pH 7.38,tvv,watchful waiting,,False,patient,patiente,mevrouw,zij,haar,"{'INSZ': 'dotted', 'RIZIV': 'plain', 'IBAN': 'grouped', 'DATE_ENCOUNTER': 'dd-mm-yyyy', 'DATE_VALIDATION': 'dd/mm/yyyy', 'DATE_HISTORY': 'dd-mm-yyyy', 'DOB': 'degree', 'TELEFOON': 'intl_paren', 'TELEFOON_MOBILE': 'spaced', 'STREET': 'letter', 'AGE': 'bare'}"
CASE000654,M,35-49,flemish,Antwerpen,Vlaanderen,urban,Bart Peeters,dr. Rachid Benali,dr. Lieve Willems,Wim Janssens,Oom,48 jaar,man,09.05.2026,9 mei 2026,02/2019,°29 jan 1978,78012948992,1 51691 17 003,BE15 4718 2749 0233,4510885899818115,Eikenplein 121,2018,Antwerpen,+32 2 858 37 55,0490 22 53 28,bart.peeters@proximus.be,https://www.uzrivierenland.be,UZ Rivierenland,Reumatologie,reumatoide artritis,ziekte van Parkinson,Glasgow Coma Scale 15,m. Infraspinatus,Injectafer 1000 mg,Diltiazemzalf 2%,boomstructuur van de bronchi,BD: 146/68,PPI,shared decision making,,False,patient,patient,de heer,hij,zijn,"{'INSZ': 'plain', 'RIZIV': 'spaced', 'IBAN': 'grouped', 'DATE_ENCOUNTER': 'dd.mm.yyyy', 'DATE_VALIDATION': 'text_abbr', 'DATE_HISTORY': 'mm/yyyy', 'DOB': 'degree', 'TELEFOON': 'intl', 'TELEFOON_MOBILE': 'spaced', 'STREET': 'plain', 'AGE': 'jaar'}"
CASE000655,F,50-64,flemish,Limburg,Vlaanderen,rural,Veerle De Smet,dr. Femke Jacobs,dr. Zeynep Yilmaz,Kris Willems,Grootvader,53,vrouw,19/5/2026,20/05/2026,20-02-2017,º13-08-1972,72.08.13-870.17,1-33486-83-003,BE45 7113 0202 6810,4691024198272441,Hogedries 116 bus 18,3700,Tongeren,051-47 83 90,0473/17.10.21,veerle.desmet@proximus.be,https://www.imeldaziekenhuis.be,Imeldaziekenhuis,Pneumologie,"astma, goed gecontroleerd",ziekte van Parkinson,Snellen 1,lig. Collaterale mediale,Sipralexa 20 mg,Cose protect,geel verkleurde sclerae,spO2: 94%,PPI,shared decision making,,False,patient,patiente,mevrouw,zij,haar,"{'INSZ': 'dotted', 'RIZIV': 'dashed', 'IBAN': 'grouped', 'DATE_ENCOUNTER': 'd/m/yyyy', 'DATE_VALIDATION': 'dd/mm/yyyy', 'DATE_HISTORY': 'dd-mm-yyyy', 'DOB': 'masc_ordinal', 'TELEFOON': 'dashed', 'TELEFOON_MOBILE': 'slash_dot', 'STREET': 'bus', 'AGE': 'bare'}"
CASE000656,M,18-34,eastern_european,West-Vlaanderen,Vlaanderen,town,Krzysztof Dimitrov,dr. Inge Janssens,dr. Piotr Dimitrov,Magdalena Zielinski,Moeder,20-jarige,man,04-05-2026,04-05-2026,24-06-2024,°17.08.2005,05.08.17 399 57,2-44300-43-018,BE06 5190 1935 4312,4291823637251120,Visserssteenweg 13,8800,Roeselare,057 38 47 18,0484 64 09 49,krzysztof.dimitrov@telenet.be,https://www.uzsintrembert.be,UZ Sint-Rembert,Reumatologie,reumatoide artritis,syndroom van Cushing,Goldmann applanatie,m. Infraspinatus,Atorstatine 20 mg,Lyumjev kwikpen,as 165 graden,1 a 2 /d,PTO,full range of motion,,False,patient,patiente,de heer,hij,zijn,"{'INSZ': 'mixed', 'RIZIV': 'dashed', 'IBAN': 'grouped', 'DATE_ENCOUNTER': 'dd-mm-yyyy', 'DATE_VALIDATION': 'dd-mm-yyyy', 'DATE_HISTORY': 'dd-mm-yyyy', 'DOB': 'degree', 'TELEFOON': 'spaced', 'TELEFOON_MOBILE': 'spaced', 'STREET': 'plain', 'AGE': 'jarige'}"
CASE000657,F,0-17,maghrebi,Antwerpen,Vlaanderen,town,Ilham Ouazzani,dr. Hilde Van den Berghe,dr. Lore Van den Berghe,Anas Bennani,Vader,14 jaar,vrouw,9 mei 2026,2026-05-10,02/11/2021,°20/8/2011,11.08.20 364 31,8-84202-50-008,BE64 9155 0902 7717,4642549780643716,Beekdries 82 bus 12,2440,Geel,09-479 04 55,+32 498 18 37 92,ilham.ouazzani@gmail.com,https://www.azsintrembert.be,AZ Sint-Rembert,Gastro-enterologie,refluxoesofagitis graad B,ziekte van Von Willebrand,Bristol-schaal type 4,M. Supraspinatus,Nexiam 20 mg,Ventolin aerosol,lintvormige stoelgang,18u,SSp,Painful arc beiderzijds +,,False,patient,patiente,mevrouw,zij,haar,"{'INSZ': 'mixed', 'RIZIV': 'dashed', 'IBAN': 'grouped', 'DATE_ENCOUNTER': 'text_nl', 'DATE_VALIDATION': 'yyyy-mm-dd', 'DATE_HISTORY': 'dd/mm/yyyy', 'DOB': 'degree', 'TELEFOON': 'dashed', 'TELEFOON_MOBILE': 'intl', 'STREET': 'bus', 'AGE': 'jaar'}"
CASE000658,M,18-34,central_african,Oost-Vlaanderen,Vlaanderen,rural,Gaston Kabongo,dr. Marleen Willems,dr. Filip Peeters,Chantal Kalala,Dochter,30 jaar,man,25-04-2026,26.04.2026,16-05-2016,º05-02-1996,96020552594,3 52666 26 018,BE48 7882 4376 0506,4568497850786728,Visserswal 258,9500,Geraardsbergen,057425429,0471 93 98 38,gaston.kabongo@proximus.be,https://www.algemeenziekenhuisnikolaas.be,Algemeen Ziekenhuis Nikolaas,Gastro-enterologie,ferriprieve anaemie,syndroom van Sjogren,Snellen 1,V. Saphena magna,Glucagen hypokit,Ozempic 1 mg,beers-teken afwezig,1/d,z.n.,shared decision making,,False,patient,patient,de heer,hij,zijn,"{'INSZ': 'plain', 'RIZIV': 'spaced', 'IBAN': 'grouped', 'DATE_ENCOUNTER': 'dd-mm-yyyy', 'DATE_VALIDATION': 'dd.mm.yyyy', 'DATE_HISTORY': 'dd-mm-yyyy', 'DOB': 'masc_ordinal', 'TELEFOON': 'plain', 'TELEFOON_MOBILE': 'spaced', 'STREET': 'plain', 'AGE': 'jaar'}"
CASE000659,F,50-64,turkish,Vlaams-Brabant,Vlaanderen,rural,Gul Korkmaz,dr. Paulo Garcia,dr. Pieter Dubois,Emre Yilmaz,Oom,60-jarige,vrouw,19/05/2026,21/5/2026,24-11-2016,°12.08.1965,65.08.12-628.45,7-71748-81-030,BE41348710685189,4069328940117133,Oudepark 180,3200,Aarschot,+32 (0)4/641.97.29,0495 36 09 84,gul.korkmaz@telenet.be,https://www.ziekenhuisrivierenland.be,Ziekenhuis Rivierenland,Gastro-enterologie,anale fissuur,ziekte van Dupuytren,Goldmann applanatie,lig. Collaterale mediale,Asaflow 80 mg,Trianal suppo,lintvormige stoelgang,3x/week,co,SSp testen positief,,False,patient,patiente,mevrouw,zij,haar,"{'INSZ': 'dotted', 'RIZIV': 'dashed', 'IBAN': 'plain', 'DATE_ENCOUNTER': 'dd/mm/yyyy', 'DATE_VALIDATION': 'd/m/yyyy', 'DATE_HISTORY': 'dd-mm-yyyy', 'DOB': 'degree', 'TELEFOON': 'intl_paren', 'TELEFOON_MOBILE': 'spaced', 'STREET': 'plain', 'AGE': 'jarige'}"
CASE000660,M,50-64,flemish,Antwerpen,Vlaanderen,rural,Lode Declercq,dr. Lieve De Clercq,dr. Lode De Smet,Katrien Janssens,Moeder,50-jarige,man,2026-05-03,05/05/2026,16/12/2018,°10-10-1975,75101005331,10169855480,BE87 0689 5589 8823,4390510118169349,Beekweg 190,2860,Sint-Katelijne-Waver,03 700 70 01,+32 474 96 17 16,lode.declercq@telenet.be,https://www.kliniekmariamiddelares.be,Kliniek Maria Middelares,Gastro-enterologie,lichte chronische niet specifieke colitis,ziekte van Von Willebrand,Phalen-test,lig. Collaterale mediale,Depakine chrono 500 mg,Trianal suppo,beers-teken afwezig,100 e/ml 3 ml,SSp,Painful arc beiderzijds +,,False,patient,patient,de heer,hij,zijn,"{'INSZ': 'plain', 'RIZIV': 'plain', 'IBAN': 'grouped', 'DATE_ENCOUNTER': 'yyyy-mm-dd', 'DATE_VALIDATION': 'dd/mm/yyyy', 'DATE_HISTORY': 'dd/mm/yyyy', 'DOB': 'degree', 'TELEFOON': 'spaced', 'TELEFOON_MOBILE': 'intl', 'STREET': 'plain', 'AGE': 'jarige'}"
CASE000661,F,18-34,flemish,Antwerpen,Vlaanderen,rural,Ann Mertens,dr. Marleen Mertens,dr. Elena Esposito,Griet Maes,Zus,27-jarige,vrouw,27 mei 2026,27/05/2026,28-09-2016,º30.10.1998,98.10.30 610 36,5-09442-02-018,BE43 0400 5847 0438,4754877132020612,Schoolpad 81A,2860,Sint-Katelijne-Waver,09-595 02 42,0493 98 17 53,ann.mertens@skynet.be,https://www.ziekenhuisnikolaas.be,Ziekenhuis Nikolaas,Orthopedie,gonartrose bilateraal,manoeuvre van Valsalva,Bristol-schaal type 4,M. Subscapularis,Asaflow 80 mg,L-thyroxine 50 mcg,geel verkleurde sclerae,300 ie/ml 1.5 ml,ivm,full range of motion,,False,patient,patiente,mevrouw,zij,haar,"{'INSZ': 'mixed', 'RIZIV': 'dashed', 'IBAN': 'grouped', 'DATE_ENCOUNTER': 'text_abbr', 'DATE_VALIDATION': 'dd/mm/yyyy', 'DATE_HISTORY': 'dd-mm-yyyy', 'DOB': 'masc_ordinal', 'TELEFOON': 'dashed', 'TELEFOON_MOBILE': 'spaced', 'STREET': 'letter', 'AGE': 'jarige'}"
CASE000662,M,65-79,flemish,Oost-Vlaanderen,Vlaanderen,town,Bart Van Damme,dr. Sofie Van Acker,dr. Tine Goossens,Geert Vermeulen,Grootvader,78-jarige,man,30-04-2026,1 mei 2026,28/10/2023,º11 jan 1948,48.01.11-161.39,93051110030,BE87 7170 2534 4020,4789328732276658,Vijversteenweg 22,9200,Dendermonde,+32 58 44 65 77,0473/31.88.81,bart.vandamme@proximus.be,https://www.azvesalius.be,AZ Vesalius,Endocrinologie,type 2 diabetes mellitus,ziekte van Dupuytren,Glasgow Coma Scale 15,m. Deltoideus,Lyumjev kwikpen,Injectafer 1000 mg,hamstringletsel links,-0.25 ^ -0.25 as 165 graden,OD,full range of motion,,False,patient,patient,de heer,hij,zijn,"{'INSZ': 'dotted', 'RIZIV': 'plain', 'IBAN': 'grouped', 'DATE_ENCOUNTER': 'dd-mm-yyyy', 'DATE_VALIDATION': 'text_nl', 'DATE_HISTORY': 'd/m/yyyy', 'DOB': 'masc_ordinal', 'TELEFOON': 'intl', 'TELEFOON_MOBILE': 'slash_dot', 'STREET': 'plain', 'AGE': 'jarige'}"
CASE000663,F,35-49,maghrebi,Brussel-Hoofdstad,Brussel,urban,Fatima Benali,dr. Serge Lumumba,dr. Inge Claes,Khadija Cherkaoui,Grootmoeder,39-jarige,vrouw,13-05-2026,14 mei 2026,18/12/2016,°1987-03-03,87 03 03 358 42,50642512030,BE77 8912 6882 8945,4111581623153944,Schoolweg 213,1030,Schaarbeek,02 133 76 19,0484-86 58 61,fatima.benali@skynet.be,https://www.uzsintrembert.be,UZ Sint-Rembert,Fysische Geneeskunde en revalidatie,supraspinatuspeestendinose bilateraal,teken van Lasegue,Humphrey - perimetrie,m. Infraspinatus,Progor retard 180 mg,Diltiazemzalf 2%,lintvormige stoelgang,pH 7.38,antec.,SSp testen positief,,False,patient,patient,mevrouw,zij,haar,"{'INSZ': 'spaced', 'RIZIV': 'plain', 'IBAN': 'grouped', 'DATE_ENCOUNTER': 'dd-mm-yyyy', 'DATE_VALIDATION': 'text_abbr', 'DATE_HISTORY': 'dd/mm/yyyy', 'DOB': 'degree', 'TELEFOON': 'spaced', 'TELEFOON_MOBILE': 'dashed', 'STREET': 'plain', 'AGE': 'jarige'}"
CASE000664,M,65-79,flemish,West-Vlaanderen,Vlaanderen,rural,Filip Beers,dr. Christian Tshibangu,dr. Marc Peeters,Hilde Goossens,Dochter,71,man,26 mei 2026,26-05-2026,13-09-2020,°12/08/1954,54081201539,81023704030,BE58 4352 3436 8275,4414264293064618,Zonneweg 229/16,8700,Tielt,+32 9 631 14 31,0487/43.29.76,filip.beers@proximus.be,https://www.uznikolaas.be,UZ Nikolaas,Gastro-enterologie,anale fissuur,syndroom van Sjogren,Glasgow Coma Scale 15,M. Supraspinatus,Ventolin aerosol,D-cure 25 000 ie,as 165 graden,100 e/ml 3 ml,OD,watchful waiting,,True,patient,patient,de heer,hij,zijn,"{'INSZ': 'plain', 'RIZIV': 'plain', 'IBAN': 'grouped', 'DATE_ENCOUNTER': 'text_nl', 'DATE_VALIDATION': 'dd-mm-yyyy', 'DATE_HISTORY': 'dd-mm-yyyy', 'DOB': 'degree', 'TELEFOON': 'intl', 'TELEFOON_MOBILE': 'slash_dot', 'STREET': 'slash', 'AGE': 'bare'}"
CASE000665,F,65-79,flemish,Limburg,Vlaanderen,rural,Els De Smet,dr. Nadia El Fassi,dr. Selin Ozturk,Lore Willems,Grootmoeder,76 jaar,vrouw,07.05.2026,09.05.2026,30/08/2020,º7 januari 1950,50.01.07-192.73,9-36355-83-008,BE15 3794 1683 9302,4339530025539529,Zonnestraat 144B,3630,Maasmechelen,052/45.39.05,0492-69 48 49,els.desmet@proximus.be,https://www.algemeenziekenhuisgroeninge.be,Algemeen Ziekenhuis Groeninge,Pneumologie,obstructief slaapapneusyndroom,ziekte van Bechterew,Goldmann applanatie,lig. Collaterale mediale,Injectafer 1000 mg,Paracetamol 1 g,boomstructuur van de bronchi,3x/week,NSAID,shared decision making,,False,patient,patiente,mevrouw,zij,haar,"{'INSZ': 'dotted', 'RIZIV': 'dashed', 'IBAN': 'grouped', 'DATE_ENCOUNTER': 'dd.mm.yyyy', 'DATE_VALIDATION': 'dd.mm.yyyy', 'DATE_HISTORY': 'dd/mm/yyyy', 'DOB': 'masc_ordinal', 'TELEFOON': 'slash_dot', 'TELEFOON_MOBILE': 'dashed', 'STREET': 'letter', 'AGE': 'jaar'}"
CASE000666,M,35-49,maghrebi,Vlaams-Brabant,Vlaanderen,town,Youssef Benali,dr. Youssef Idrissi,dr. Leen Claes,Anas Ouazzani,Broer,43 jaar,man,22 april 2026,24/04/2026,13 okt 2023,°1/10/1982,82.10.01 317 87,4-26595-11-007,BE41543541832114,4161209928687841,Meerssteenweg 235,1500,Halle,+32 2 548 25 62,+32 488 27 78 54,youssef.benali@skynet.be,https://www.znamiddelheim.be,ZNA Middelheim,Pneumologie,obstructief longlijden GOLD II,ziekte van Hashimoto,Romberg negatief,lig. Collaterale mediale,Ozempic 1 mg,Glucagen hypokit,molaire zwangerschap uitgesloten,18u,antec.,watchful waiting,,False,patient,patient,de heer,hij,zijn,"{'INSZ': 'mixed', 'RIZIV': 'dashed', 'IBAN': 'plain', 'DATE_ENCOUNTER': 'text_nl', 'DATE_VALIDATION': 'dd/mm/yyyy', 'DATE_HISTORY': 'text_abbr', 'DOB': 'degree', 'TELEFOON': 'intl', 'TELEFOON_MOBILE': 'intl', 'STREET': 'plain', 'AGE': 'jaar'}"
CASE000667,F,18-34,southern_european,Vlaams-Brabant,Vlaanderen,town,Elena Moreira,dr. Wouter Van den Berghe,dr. Hilde Maes,Salvatore Romano,Grootvader,32 jaar,vrouw,23/5/2026,2026-05-23,04-04-2022,°6/12/1993,93.12.06-320.82,12986914006,BE51822000220814,4871484544300746,Groenedreef 22/8,1500,Halle,+32 59 52 29 16,+32 (0)485/11.25.88,elena.moreira@proximus.be,https://www.algemeenziekenhuisonzelievevrouw.be,Algemeen Ziekenhuis Onze-Lieve-Vrouw,Gastro-enterologie,diverticulose sigmoid,ziekte van Hashimoto,Romberg negatief,lig. Collaterale mediale,Injectafer 1000 mg,Nexiam 20 mg,geel verkleurde sclerae,FEV1/FVC 73.17,OD,full range of motion,,False,patient,patiente,mevrouw,zij,haar,"{'INSZ': 'dotted', 'RIZIV': 'plain', 'IBAN': 'plain', 'DATE_ENCOUNTER': 'd/m/yyyy', 'DATE_VALIDATION': 'yyyy-mm-dd', 'DATE_HISTORY': 'dd-mm-yyyy', 'DOB': 'degree', 'TELEFOON': 'intl', 'TELEFOON_MOBILE': 'intl_paren', 'STREET': 'slash', 'AGE': 'jaar'}"
CASE000668,M,65-79,flemish,Oost-Vlaanderen,Vlaanderen,town,Kris Goossens,dr. Filip Goossens,dr. Miguel Romano,Filip De Clercq,Oom,77 jaar,man,04-05-2026,05-05-2026,25-12-2015,°26/04/1949,49.04.26-929.27,4-52907-83-003,BE27 7922 3456 4663,4439684835960000,Smidhof 219 bus 1,9100,Sint-Niklaas,09 553 26 47,0473 83 90 33,kris.goossens@telenet.be,https://www.znamiddelheim.be,ZNA Middelheim,Orthopedie,gonartrose bilateraal,teken van Lasegue,Bristol-schaal type 4,M. Subscapularis,Asaflow 80 mg,Ventolin aerosol,lintvormige stoelgang,3x/week,antec.,watchful waiting,,False,patient,patient,de heer,hij,zijn,"{'INSZ': 'dotted', 'RIZIV': 'dashed', 'IBAN': 'grouped', 'DATE_ENCOUNTER': 'dd-mm-yyyy', 'DATE_VALIDATION': 'dd-mm-yyyy', 'DATE_HISTORY': 'dd-mm-yyyy', 'DOB': 'degree', 'TELEFOON': 'spaced', 'TELEFOON_MOBILE': 'spaced', 'STREET': 'bus', 'AGE': 'jaar'}"
CASE000669,F,65-79,flemish,Oost-Vlaanderen,Vlaanderen,rural,Lieve Coppens,dr. Dirk Van Acker,dr. Dirk Vermeulen,Rik Maes,Vader,66-jarige,vrouw,05-05-2026,6/5/2026,27/1/2021,°16/06/1959,59.06.16-442.68,8-47418-71-480,BE86926354327952,4527625593765118,Kasteelweg 65,9600,Ronse,054 65 17 73,0472-78 98 58,lieve.coppens@skynet.be,https://www.azdevoorzorg.be,AZ De Voorzorg,Cardiologie,arteriele hypertensie,ziekte van Graves,Phalen-test,A. Radialis,Ibuprofen 400 mg,Ozempic 1 mg,geel verkleurde sclerae,2cc,APO,no evidence of malignancy,,False,patient,patiente,mevrouw,zij,haar,"{'INSZ': 'dotted', 'RIZIV': 'dashed', 'IBAN': 'plain', 'DATE_ENCOUNTER': 'dd-mm-yyyy', 'DATE_VALIDATION': 'd/m/yyyy', 'DATE_HISTORY': 'd/m/yyyy', 'DOB': 'degree', 'TELEFOON': 'spaced', 'TELEFOON_MOBILE': 'dashed', 'STREET': 'plain', 'AGE': 'jarige'}"
CASE000670,M,18-34,turkish,Oost-Vlaanderen,Vlaanderen,town,Kaan Aydin,dr. Jonas Jacobs,dr. An Claes,Ayse Dogan,Tante,21-jarige,man,21 april 2026,22-04-2026,10/4/2016,°25/01/2005,05012545701,4-16169-58-008,BE79770636937838,4650865699638749,Kasteellei 130,9300,Aalst,+32 (0)52/58.87.74,+32 498 44 07 27,kaan.aydin@proximus.be,https://www.algemeenziekenhuismariamiddelares.be,Algemeen Ziekenhuis Maria Middelares,Pneumologie,"astma, goed gecontroleerd",syndroom van Guillain-Barre,Romberg negatief,m. Infraspinatus,L-thyroxine 50 mcg,Nexiam 20 mg,geel verkleurde sclerae,8u,OS,watchful waiting,,False,patient,patient,de heer,hij,zijn,"{'INSZ': 'plain', 'RIZIV': 'dashed', 'IBAN': 'plain', 'DATE_ENCOUNTER': 'text_nl', 'DATE_VALIDATION': 'dd-mm-yyyy', 'DATE_HISTORY': 'd/m/yyyy', 'DOB': 'degree', 'TELEFOON': 'intl_paren', 'TELEFOON_MOBILE': 'intl', 'STREET': 'plain', 'AGE': 'jarige'}"
CASE000671,F,65-79,maghrebi,Vlaams-Brabant,Vlaanderen,urban,Samira Benali,dr. Femke Mertens,dr. Tine Van den Berghe,Fatima Rahmani,Zus,78 jaar,vrouw,18 april 2026,18/4/2026,10/01/2016,°25 jul 1947,47.07.25-220.66,4-94114-04-480,BE78750996330908,4173203106664652,Gaverdries 132,3000,Leuven,013 82 00 34,+32 497 31 42 94,samira.benali@telenet.be,https://www.jessaziekenhuis.be,Jessa Ziekenhuis,Orthopedie,gonartrose bilateraal,teken van Lasegue,Schirmer-test,lig. Collaterale mediale,Ventolin aerosol,Ventolin aerosol,lintvormige stoelgang,T 37.2,tvv,no evidence of malignancy,,False,patient,patiente,mevrouw,zij,haar,"{'INSZ': 'dotted', 'RIZIV': 'dashed', 'IBAN': 'plain', 'DATE_ENCOUNTER': 'text_nl', 'DATE_VALIDATION': 'd/m/yyyy', 'DATE_HISTORY': 'dd/mm/yyyy', 'DOB': 'degree', 'TELEFOON': 'spaced', 'TELEFOON_MOBILE': 'intl', 'STREET': 'plain', 'AGE': 'jaar'}"
CASE000672,M,80-95,southern_european,Oost-Vlaanderen,Vlaanderen,urban,Rafael Moreira,dr. Jonas Van Acker,dr. Tine Maes,Marco Garcia,Grootvader,91 jaar,man,17/5/2026,17.05.2026,01-09-2018,°04/08/1934,34.08.04-881.60,7 80836 14 007,BE75 1501 0161 2789,4335294957603969,Gaverring 204B,9000,Gent,09 503 05 24,+32 478 96 21 05,rafael.moreira@telenet.be,https://www.ziekenhuissintvincentius.be,Ziekenhuis Sint-Vincentius,NKO,chronische rhinosinusitis,ziekte van Von Willebrand,Glasgow Coma Scale 15,m. Deltoideus,Ibuprofen 400 mg,Paracetamol 1 g,peervormige galblaas,T 37.2,nle,Painful arc beiderzijds +,,False,patient,patient,de heer,hij,zijn,"{'INSZ': 'dotted', 'RIZIV': 'spaced', 'IBAN': 'grouped', 'DATE_ENCOUNTER': 'd/m/yyyy', 'DATE_VALIDATION': 'dd.mm.yyyy', 'DATE_HISTORY': 'dd-mm-yyyy', 'DOB': 'degree', 'TELEFOON': 'spaced', 'TELEFOON_MOBILE': 'intl', 'STREET': 'letter', 'AGE': 'jaar'}"
CASE000673,F,35-49,eastern_european,West-Vlaanderen,Vlaanderen,rural,Zuzana Beers,dr. Lieve Jacobs,dr. Dimitar Ionescu,Katarzyna Ionescu,Tante,43 jaar,vrouw,21-05-2026,22-05-2026,07/2017,°4 sep 1982,82.09.04-642.53,3 00455 51 008,BE85 9043 4175 2571,4241471897621771,Vissersbaan 34,8700,Tielt,03 417 03 64,0477 62 92 31,zuzana.beers@proximus.be,https://www.imeldaziekenhuis.be,Imeldaziekenhuis,Oftalmologie,cataract incipiens bilateraal,syndroom van Cushing,Jaeger transfertest,M. Subscapularis,Glucagen hypokit,Atorstatine 20 mg,geel verkleurde sclerae,100 e/ml 3 ml,PPI,full range of motion,,True,patient,patiente,mevrouw,zij,haar,"{'INSZ': 'dotted', 'RIZIV': 'spaced', 'IBAN': 'grouped', 'DATE_ENCOUNTER': 'dd-mm-yyyy', 'DATE_VALIDATION': 'dd-mm-yyyy', 'DATE_HISTORY': 'mm/yyyy', 'DOB': 'degree', 'TELEFOON': 'spaced', 'TELEFOON_MOBILE': 'spaced', 'STREET': 'plain', 'AGE': 'jaar'}"
CASE000674,M,50-64,flemish,Vlaams-Brabant,Vlaanderen,town,Lode Peeters,dr. Ilham Bennani,dr. Tom Mertens,Marleen Coppens,Moeder,52-jarige,man,23/5/2026,25 mei 2026,01-10-2015,°18/12/1973,73.12.18-625.64,5 15650 02 030,BE12 5290 1842 3052,4917670700227964,Hogepad 180,1930,Zaventem,+32 16 78 57 71,0487152208,lode.peeters@skynet.be,https://www.ziekenhuissintvincentius.be,Ziekenhuis Sint-Vincentius,Neurologie,perifere polyneuropathie,syndroom van Cushing,Schirmer-test,m. Deltoideus,Ozempic 1 mg,Toujeo solostar,lintvormige stoelgang,300 ie/ml 1.5 ml,OD,blurr-test,,False,patient,patiente,de heer,hij,zijn,"{'INSZ': 'dotted', 'RIZIV': 'spaced', 'IBAN': 'grouped', 'DATE_ENCOUNTER': 'd/m/yyyy', 'DATE_VALIDATION': 'text_abbr', 'DATE_HISTORY': 'dd-mm-yyyy', 'DOB': 'degree', 'TELEFOON': 'intl', 'TELEFOON_MOBILE': 'plain', 'STREET': 'plain', 'AGE': 'jarige'}"
CASE000675,F,80-95,flemish,Oost-Vlaanderen,Vlaanderen,town,Els De Smet,dr. Hilde Van Acker,dr. Hilde Van Acker,Stijn Van Acker,Oom,87,vrouw,14-04-2026,14-04-2026,26 aug 2025,°8/10/1938,38.10.08-388.46,6 79766 10 030,BE34517548743695,4504122664350944,Dorpkaai 241,9100,Sint-Niklaas,052 30 92 46,0470 64 14 28,els.desmet@proximus.be,https://www.jessaziekenhuis.be,Jessa Ziekenhuis,Fysische Geneeskunde en revalidatie,lumbaal facettair syndroom,ziekte van Graves,Bristol-schaal type 4,lig. Collaterale mediale,L-thyroxine 50 mcg,Glucagen hypokit,hamstringletsel links,4.95*,PPI,watchful waiting,,False,patient,patiente,mevrouw,zij,haar,"{'INSZ': 'dotted', 'RIZIV': 'spaced', 'IBAN': 'plain', 'DATE_ENCOUNTER': 'dd-mm-yyyy', 'DATE_VALIDATION': 'dd-mm-yyyy', 'DATE_HISTORY': 'text_abbr', 'DOB': 'degree', 'TELEFOON': 'spaced', 'TELEFOON_MOBILE': 'spaced', 'STREET': 'plain', 'AGE': 'bare'}"
CASE000676,M,50-64,central_african,Oost-Vlaanderen,Vlaanderen,urban,Blaise Nkosi,dr. Piotr Zielinski,dr. Piotr Wisniewski,Bernadette Mukendi,Grootmoeder,52-jarige,man,18 april 2026,19-04-2026,27/05/2018,°01-02-1974,74020185997,50804442480,BE23 2688 7803 2730,4235079937873522,Lindekaai 126,9000,Gent,058/25.81.73,0497-55 68 13,blaise.nkosi@telenet.be,https://www.algemeenziekenhuisgroeninge.be,Algemeen Ziekenhuis Groeninge,Gastro-enterologie,coeliakie,manoeuvre van Valsalva,Barthel-index 90,V. Saphena magna,Asaflow 80 mg,Sipralexa 20 mg,beers-teken afwezig,22u,antec.,Painful arc beiderzijds +,,False,patient,patient,de heer,hij,zijn,"{'INSZ': 'plain', 'RIZIV': 'plain', 'IBAN': 'grouped', 'DATE_ENCOUNTER': 'text_nl', 'DATE_VALIDATION': 'dd-mm-yyyy', 'DATE_HISTORY': 'dd/mm/yyyy', 'DOB': 'degree', 'TELEFOON': 'slash_dot', 'TELEFOON_MOBILE': 'dashed', 'STREET': 'plain', 'AGE': 'jarige'}"
CASE000677,F,80-95,flemish,Limburg,Vlaanderen,rural,Els De Clercq,dr. Koen Declercq,dr. Marc De Clercq,Pieter De Backer,Oom,89-jarige,vrouw,30-04-2026,02-05-2026,18/10/2017,°8/8/1936,36.08.08-494.78,1-78890-75-004,BE19669943155832,4849198661329408,Molenwal 225,3900,Pelt,09 242 61 03,0478/71.88.60,els.declercq@gmail.com,https://www.jessaziekenhuis.be,Jessa Ziekenhuis,Reumatologie,osteoporose,syndroom van Sjogren,teken van Tinel,lig. Collaterale mediale,Toujeo solostar,Metformine viatris 500 mg,lintvormige stoelgang,2cc,APO,no evidence of malignancy,,False,patient,patiente,mevrouw,zij,haar,"{'INSZ': 'dotted', 'RIZIV': 'dashed', 'IBAN': 'plain', 'DATE_ENCOUNTER': 'dd-mm-yyyy', 'DATE_VALIDATION': 'dd-mm-yyyy', 'DATE_HISTORY': 'dd/mm/yyyy', 'DOB': 'degree', 'TELEFOON': 'spaced', 'TELEFOON_MOBILE': 'slash_dot', 'STREET': 'plain', 'AGE': 'jarige'}"
CASE000678,M,50-64,central_african,Oost-Vlaanderen,Vlaanderen,town,Gaston Beers,dr. Leen Verhoeven,dr. Meryem El Amrani,Serge Lumumba,Grootvader,52-jarige,man,18.05.2026,20-05-2026,30/10/2022,°1973-07-07,73 07 07 017 94,44260407004,BE23 2957 9969 5097,4646153300270278,Dorplei 258,9200,Dendermonde,09/499.61.07,0491/77.81.56,gaston.beers@proximus.be,https://www.ziekenhuisdamiaan.be,Ziekenhuis Damiaan,Dermatologie,psoriasis vulgaris,syndroom van Cushing,Snellen 1,lig. Collaterale mediale,Depakine chrono 500 mg,Trianal suppo,lintvormige stoelgang,T 37.2,ivm,watchful waiting,,True,patient,patient,de heer,hij,zijn,"{'INSZ': 'spaced', 'RIZIV': 'plain', 'IBAN': 'grouped', 'DATE_ENCOUNTER': 'dd.mm.yyyy', 'DATE_VALIDATION': 'dd-mm-yyyy', 'DATE_HISTORY': 'dd/mm/yyyy', 'DOB': 'degree', 'TELEFOON': 'slash_dot', 'TELEFOON_MOBILE': 'slash_dot', 'STREET': 'plain', 'AGE': 'jarige'}"
CASE000679,F,65-79,flemish,Antwerpen,Vlaanderen,urban,Marleen De Backer,dr. Dirk Vermeulen,dr. Wim Janssens,Els Peeters,Moeder,76 jaar,vrouw,19/04/2026,21/04/2026,30/01/2018,°04-01-1950,50.01.04-906.31,4-63217-55-007,BE66 6436 7225 2136,4569590705695109,Schoolweg 133A,2000,Antwerpen,050139995,0487 51 72 76,marleen.debacker@gmail.com,https://www.azdelta.be,AZ Delta,Endocrinologie,hypothyreoidie,syndroom van Sjogren,Phalen-test,m. Infraspinatus,Ibuprofen 400 mg,D-cure 25 000 ie,peervormige galblaas,300 ie/ml 1.5 ml,nle,SSp testen positief,,False,patient,patient,mevrouw,zij,haar,"{'INSZ': 'dotted', 'RIZIV': 'dashed', 'IBAN': 'grouped', 'DATE_ENCOUNTER': 'dd/mm/yyyy', 'DATE_VALIDATION': 'dd/mm/yyyy', 'DATE_HISTORY': 'dd/mm/yyyy', 'DOB': 'degree', 'TELEFOON': 'plain', 'TELEFOON_MOBILE': 'spaced', 'STREET': 'letter', 'AGE': 'jaar'}"
CASE000680,M,65-79,flemish,Antwerpen,Vlaanderen,town,Jan Coppens,dr. Serkan Demir,dr. Pieter Verhoeven,Geert Mertens,Grootvader,75,man,22-04-2026,22/04/2026,4 september 2025,°27 okt 1950,50 10 27 077 39,6-26865-46-018,BE58 3523 9061 9764,4719270548748709,Smidlaan 98/12,2500,Lier,052 49 81 84,0470-76 30 69,jan.coppens@proximus.be,https://www.uzdevoorzorg.be,UZ De Voorzorg,Orthopedie,gonartrose bilateraal,ziekte van Bechterew,Phalen-test,M. Subscapularis,L-thyroxine 50 mcg,Asaflow 80 mg,beeld passend bij bursitis,spO2: 94%,antec.,Painful arc beiderzijds +,,False,patient,patient,de heer,hij,zijn,"{'INSZ': 'spaced', 'RIZIV': 'dashed', 'IBAN': 'grouped', 'DATE_ENCOUNTER': 'dd-mm-yyyy', 'DATE_VALIDATION': 'dd/mm/yyyy', 'DATE_HISTORY': 'text_nl', 'DOB': 'degree', 'TELEFOON': 'spaced', 'TELEFOON_MOBILE': 'dashed', 'STREET': 'slash', 'AGE': 'bare'}"
CASE000681,F,80-95,maghrebi,West-Vlaanderen,Vlaanderen,urban,Fatima Ouazzani,dr. Gaston Mbala,dr. Nele Vermeulen,Mohamed Bouzid,Zoon,88-jarige,vrouw,26-04-2026,27 april 2026,20 jul 2018,°25/04/1938,38.04.25 338 29,6-08244-43-007,BE64 8840 1628 2157,4321119026623779,Meersbaan 50 bus 10,8000,Brugge,012 96 09 10,0486-34 63 09,fatima.ouazzani@skynet.be,https://www.kliniekheilighart.be,Kliniek Heilig Hart,Gastro-enterologie,lichte chronische niet specifieke colitis,ziekte van Hashimoto,Glasgow Coma Scale 15,m. Infraspinatus,L-thyroxine 50 mcg,L-thyroxine 50 mcg,beeld passend bij bursitis,-0.25 ^ -0.25 as 165 graden,z.n.,blurr-test,,False,patient,patiente,mevrouw,zij,haar,"{'INSZ': 'mixed', 'RIZIV': 'dashed', 'IBAN': 'grouped', 'DATE_ENCOUNTER': 'dd-mm-yyyy', 'DATE_VALIDATION': 'text_nl', 'DATE_HISTORY': 'text_abbr', 'DOB': 'degree', 'TELEFOON': 'spaced', 'TELEFOON_MOBILE': 'dashed', 'STREET': 'bus', 'AGE': 'jarige'}"
CASE000682,M,35-49,flemish,Brussel-Hoofdstad,Brussel,urban,Kris Claes,dr. Blaise Mukendi,dr. Leila Bouzid,Nele Vermeulen,Grootmoeder,37,man,26/05/2026,28/05/2026,21-06-2018,°06-09-1988,88.09.06-033.49,1 52031 65 018,BE34613782692015,4151446619954179,Marktkaai 60 bus 17,1000,Brussel,052/78.18.07,0496-35 79 92,kris.claes@telenet.be,https://www.algemeenziekenhuissintlucas.be,Algemeen Ziekenhuis Sint-Lucas,Urologie,benigne prostaathyperplasie,ziekte van Von Willebrand,Snellen 1,A. Radialis,Progor retard 180 mg,Depakine chrono 500 mg,peervormige galblaas,2cc,antec.,full range of motion,,False,patient,patient,de heer,hij,zijn,"{'INSZ': 'dotted', 'RIZIV': 'spaced', 'IBAN': 'plain', 'DATE_ENCOUNTER': 'dd/mm/yyyy', 'DATE_VALIDATION': 'dd/mm/yyyy', 'DATE_HISTORY': 'dd-mm-yyyy', 'DOB': 'degree', 'TELEFOON': 'slash_dot', 'TELEFOON_MOBILE': 'dashed', 'STREET': 'bus', 'AGE': 'bare'}"
CASE000683,F,35-49,turkish,Limburg,Vlaanderen,town,Merve Arslan,dr. Tine Vermeulen,dr. Els Willems,Esra Kaya,Dochter,48-jarige,vrouw,23-04-2026,23-04-2026,2016-05-26,°03/07/1977,77.07.03-440.69,3-82463-08-008,BE34 7113 0629 8306,4447937223917614,Langering 201,3800,Sint-Truiden,03/315.13.13,0473 13 56 00,merve.arslan@gmail.com,https://www.uzheilighart.be,UZ Heilig Hart,Oftalmologie,cataract incipiens bilateraal,teken van Lasegue,Jaeger transfertest,M. Subscapularis,Progor retard 180 mg,Ventolin aerosol,beers-teken afwezig,HR: 68,co,shared decision making,,False,patient,patiente,mevrouw,zij,haar,"{'INSZ': 'dotted', 'RIZIV': 'dashed', 'IBAN': 'grouped', 'DATE_ENCOUNTER': 'dd-mm-yyyy', 'DATE_VALIDATION': 'dd-mm-yyyy', 'DATE_HISTORY': 'yyyy-mm-dd', 'DOB': 'degree', 'TELEFOON': 'slash_dot', 'TELEFOON_MOBILE': 'spaced', 'STREET': 'plain', 'AGE': 'jarige'}"
CASE000684,M,18-34,maghrebi,Oost-Vlaanderen,Vlaanderen,urban,Rachid Beers,dr. An De Clercq,dr. Lieve Coppens,Mehdi Idrissi,Vader,24 jaar,man,02.05.2026,03/05/2026,10-11-2020,°25 dec 2001,01.12.25-869.67,1-58269-35-030,BE07 5545 8638 6586,4649144533752015,Eikenlei 135,9000,Gent,02 528 63 48,+32 472 54 98 11,rachid.beers@proximus.be,https://www.algemeenziekenhuisnikolaas.be,Algemeen Ziekenhuis Nikolaas,Neurologie,"epilepsie, in remissie",ziekte van Bechterew,Barthel-index 90,m. Infraspinatus,Metformine viatris 500 mg,Depakine chrono 500 mg,geel verkleurde sclerae,2cc,OD,Painful arc beiderzijds +,,True,patient,patient,de heer,hij,zijn,"{'INSZ': 'dotted', 'RIZIV': 'dashed', 'IBAN': 'grouped', 'DATE_ENCOUNTER': 'dd.mm.yyyy', 'DATE_VALIDATION': 'dd/mm/yyyy', 'DATE_HISTORY': 'dd-mm-yyyy', 'DOB': 'degree', 'TELEFOON': 'spaced', 'TELEFOON_MOBILE': 'intl', 'STREET': 'plain', 'AGE': 'jaar'}"
CASE000685,F,50-64,flemish,Limburg,Vlaanderen,urban,An Maes,dr. Lode Verhoeven,dr. Lode Jacobs,Dirk De Smet,Oom,53 jaar,vrouw,22/05/2026,23-05-2026,2019-04-22,º18-09-1972,72.09.18-878.60,8-24117-92-018,BE03585519541643,4070464450300608,Bergpark 109,3500,Hasselt,019/88.16.84,0487912125,an.maes@proximus.be,https://www.ziekenhuisgroeninge.be,Ziekenhuis Groeninge,Neurologie,migraine met aura,ziekte van Graves,Humphrey - perimetrie,M. Biceps caput longum,Ventolin aerosol,D-cure 25 000 ie,beers-teken afwezig,100 e/ml 3 ml,PTO,blurr-test,,False,patient,patiente,mevrouw,zij,haar,"{'INSZ': 'dotted', 'RIZIV': 'dashed', 'IBAN': 'plain', 'DATE_ENCOUNTER': 'dd/mm/yyyy', 'DATE_VALIDATION': 'dd-mm-yyyy', 'DATE_HISTORY': 'yyyy-mm-dd', 'DOB': 'masc_ordinal', 'TELEFOON': 'slash_dot', 'TELEFOON_MOBILE': 'plain', 'STREET': 'plain', 'AGE': 'jaar'}"
CASE000686,M,18-34,flemish,West-Vlaanderen,Vlaanderen,town,Bart Van Damme,dr. Veerle Janssens,dr. Wim Declercq,Veerle Coppens,Moeder,30-jarige,man,12 mei 2026,13 mei 2026,12.03.2023,º1996-03-25,96.03.25-145.75,27228690030,BE86909492055144,4405143164119910,Visserspad 106 bus 15,8800,Roeselare,013 35 99 64,+32 471 81 48 07,bart.vandamme@skynet.be,https://www.ziekenhuisrivierenland.be,Ziekenhuis Rivierenland,Gastro-enterologie,ferriprieve anaemie,ziekte van Bechterew,teken van Tinel,A. Radialis,Nexiam 20 mg,Atorstatine 20 mg,peervormige galblaas,T 37.2,i.o.m.,SSp testen positief,,False,patient,patient,de heer,hij,zijn,"{'INSZ': 'dotted', 'RIZIV': 'plain', 'IBAN': 'plain', 'DATE_ENCOUNTER': 'text_nl', 'DATE_VALIDATION': 'text_abbr', 'DATE_HISTORY': 'dd.mm.yyyy', 'DOB': 'masc_ordinal', 'TELEFOON': 'spaced', 'TELEFOON_MOBILE': 'intl', 'STREET': 'bus', 'AGE': 'jarige'}"
CASE000687,F,18-34,flemish,Oost-Vlaanderen,Vlaanderen,town,Ann Verhoeven,dr. Femke Van Acker,dr. Rafael Moreira,Ann Mertens,Grootmoeder,19 jaar,vrouw,24-05-2026,26 mei 2026,2020-06-08,º29/03/2007,07.03.29-278.19,7-52918-93-480,BE56388515956932,4875342144835451,Brouwerswal 162,9300,Aalst,+32 9 665 70 31,0472 21 16 80,ann.verhoeven@gmail.com,https://www.kliniekonzelievevrouw.be,Kliniek Onze-Lieve-Vrouw,Algemene Heelkunde,ziekte van Von Willebrand,syndroom van Raynaud,Barthel-index 90,V. Saphena magna,Ventolin aerosol,Ibuprofen 400 mg,boomstructuur van de bronchi,-0.25 ^ -0.25 as 165 graden,ivm,no evidence of malignancy,,False,patient,patiente,mevrouw,zij,haar,"{'INSZ': 'dotted', 'RIZIV': 'dashed', 'IBAN': 'plain', 'DATE_ENCOUNTER': 'dd-mm-yyyy', 'DATE_VALIDATION': 'text_nl', 'DATE_HISTORY': 'yyyy-mm-dd', 'DOB': 'masc_ordinal', 'TELEFOON': 'intl', 'TELEFOON_MOBILE': 'spaced', 'STREET': 'plain', 'AGE': 'jaar'}"
CASE000688,M,50-64,flemish,Limburg,Vlaanderen,town,Kris Schirmer,dr. Dimitar Wisniewski,dr. Katarzyna Zielinski,Nele Vermeulen,Dochter,52 jaar,man,1/5/2026,03/05/2026,1 september 2017,º02/12/1973,73.12.02-753.28,2-59000-87-008,BE50 1136 8870 9325,4414226326214452,Marktpark 165,3600,Genk,014 39 55 12,0456 53 76 65,kris.schirmer@skynet.be,https://www.algemeenziekenhuisnikolaas.be,Algemeen Ziekenhuis Nikolaas,Gastro-enterologie,lichte chronische niet specifieke colitis,syndroom van Guillain-Barre,Humphrey - perimetrie,N. Medianus,Ibuprofen 400 mg,Atorstatine 20 mg,hamstringletsel links,HR: 68,ESWT,shared decision making,,True,patient,patient,de heer,hij,zijn,"{'INSZ': 'dotted', 'RIZIV': 'dashed', 'IBAN': 'grouped', 'DATE_ENCOUNTER': 'd/m/yyyy', 'DATE_VALIDATION': 'dd/mm/yyyy', 'DATE_HISTORY': 'text_nl', 'DOB': 'masc_ordinal', 'TELEFOON': 'spaced', 'TELEFOON_MOBILE': 'spaced', 'STREET': 'plain', 'AGE': 'jaar'}"
CASE000689,F,50-64,flemish,Oost-Vlaanderen,Vlaanderen,town,Els Maes,dr. Hafida Benali,dr. Hilde Willems,Nele Claes,Zus,63-jarige,vrouw,06-05-2026,07-05-2026,24-02-2021,°5 sep 1962,62090575473,6-89960-01-007,BE26 0347 3148 6339,4919507867969996,Abdijdries 43 bus 18,9100,Sint-Niklaas,057 62 60 23,0479 02 86 74,els.maes@skynet.be,https://www.azsintrembert.be,AZ Sint-Rembert,Neurologie,"epilepsie, in remissie",ziekte van Hashimoto,Glasgow Coma Scale 15,m. Infraspinatus,Cose protect,Ibuprofen 400 mg,geel verkleurde sclerae,FEV1/FVC 73.17,OD,no evidence of malignancy,,False,patient,patiente,mevrouw,zij,haar,"{'INSZ': 'plain', 'RIZIV': 'dashed', 'IBAN': 'grouped', 'DATE_ENCOUNTER': 'dd-mm-yyyy', 'DATE_VALIDATION': 'dd-mm-yyyy', 'DATE_HISTORY': 'dd-mm-yyyy', 'DOB': 'degree', 'TELEFOON': 'spaced', 'TELEFOON_MOBILE': 'spaced', 'STREET': 'bus', 'AGE': 'jarige'}"
CASE000690,M,80-95,flemish,Antwerpen,Vlaanderen,town,Tom Maes,dr. Marc Mertens,dr. Veerle Jacobs,Rik Van den Berghe,Zoon,94-jarige,man,30-04-2026,30-04-2026,17 januari 2022,°21/04/1932,32042190142,5 96515 35 003,BE33554611554999,4557710302759603,Brouwershof 223 bus 7,2440,Geel,+32 (0)2/065.14.94,0476/78.51.93,tom.maes@proximus.be,https://www.azklina.be,AZ Klina,Fysische Geneeskunde en revalidatie,lumbaal facettair syndroom,teken van Lasegue,Phalen-test,lig. Collaterale mediale,Trianal suppo,Lambipol 100 mg,molaire zwangerschap uitgesloten,300 ie/ml 1.5 ml,OD,blurr-test,,False,patient,patient,de heer,hij,zijn,"{'INSZ': 'plain', 'RIZIV': 'spaced', 'IBAN': 'plain', 'DATE_ENCOUNTER': 'dd-mm-yyyy', 'DATE_VALIDATION': 'dd-mm-yyyy', 'DATE_HISTORY': 'text_nl', 'DOB': 'degree', 'TELEFOON': 'intl_paren', 'TELEFOON_MOBILE': 'slash_dot', 'STREET': 'bus', 'AGE': 'jarige'}"
CASE000691,F,18-34,flemish,Limburg,Vlaanderen,town,Ann Willems,dr. Els Vermeulen,dr. Rik Jacobs,Marleen Janssens,Nicht,21 jaar,vrouw,19.04.2026,21-04-2026,16/06/2024,°12/01/2005,05.01.12-062.10,6-85478-21-018,BE27 7302 0569 9668,4240817442539689,Hogebaan 137 bus 1,3800,Sint-Truiden,+32 9 472 54 39,0475364327,ann.willems@proximus.be,https://www.ziekenhuisdamiaan.be,Ziekenhuis Damiaan,Dermatologie,psoriasis vulgaris,ziekte van Dupuytren,Bristol-schaal type 4,M. Subscapularis,Pantomed 40 mg,Depakine chrono 500 mg,beers-teken afwezig,8u,RYGB,no evidence of malignancy,,False,patient,patiente,mevrouw,zij,haar,"{'INSZ': 'dotted', 'RIZIV': 'dashed', 'IBAN': 'grouped', 'DATE_ENCOUNTER': 'dd.mm.yyyy', 'DATE_VALIDATION': 'dd-mm-yyyy', 'DATE_HISTORY': 'dd/mm/yyyy', 'DOB': 'degree', 'TELEFOON': 'intl', 'TELEFOON_MOBILE': 'plain', 'STREET': 'bus', 'AGE': 'jaar'}"
CASE000692,M,50-64,flemish,West-Vlaanderen,Vlaanderen,town,Geert Wouters,dr. Angelo Rossi,dr. An Van Acker,Filip Jacobs,Broer,51,man,19/04/2026,19 april 2026,29/11/2024,º4 jan 1975,75.01.04-121.80,5-61228-14-003,BE15 7350 2041 0120,4256964741331151,Marktkaai 123,8300,Knokke-Heist,015 53 71 72,0473 41 29 30,geert.wouters@telenet.be,https://www.uzsintrembert.be,UZ Sint-Rembert,Pneumologie,obstructief slaapapneusyndroom,manoeuvre van Valsalva,Phalen-test,V. Saphena magna,L-thyroxine 50 mcg,Trianal suppo,hamstringletsel links,0.5 mg,OD,blurr-test,,False,patient,patient,de heer,hij,zijn,"{'INSZ': 'dotted', 'RIZIV': 'dashed', 'IBAN': 'grouped', 'DATE_ENCOUNTER': 'dd/mm/yyyy', 'DATE_VALIDATION': 'text_nl', 'DATE_HISTORY': 'dd/mm/yyyy', 'DOB': 'masc_ordinal', 'TELEFOON': 'spaced', 'TELEFOON_MOBILE': 'spaced', 'STREET': 'plain', 'AGE': 'bare'}"
CASE000693,F,65-79,flemish,Antwerpen,Vlaanderen,urban,An Van Acker,dr. Jonas Coppens,dr. Filip Van den Berghe,Geert Vermeulen,Broer,68 jaar,vrouw,23 mei 2026,23-05-2026,07-05-2021,°11/1/1958,58.01.11-086.33,8 83169 16 008,BE02 1860 7869 0421,4064064123154024,Veldring 70,2800,Mechelen,089/34.96.57,0490/30.82.28,an.vanacker@proximus.be,https://www.uzonzelievevrouw.be,UZ Onze-Lieve-Vrouw,Orthopedie,gonartrose bilateraal,syndroom van Raynaud,Romberg negatief,V. Saphena magna,Lambipol 100 mg,Asaflow 80 mg,lintvormige stoelgang,HR: 68,RYGB,Painful arc beiderzijds +,,False,patient,patiente,mevrouw,zij,haar,"{'INSZ': 'dotted', 'RIZIV': 'spaced', 'IBAN': 'grouped', 'DATE_ENCOUNTER': 'text_nl', 'DATE_VALIDATION': 'dd-mm-yyyy', 'DATE_HISTORY': 'dd-mm-yyyy', 'DOB': 'degree', 'TELEFOON': 'slash_dot', 'TELEFOON_MOBILE': 'slash_dot', 'STREET': 'plain', 'AGE': 'jaar'}"
CASE000694,M,18-34,eastern_european,Limburg,Vlaanderen,urban,Andrzej Kowalski,dr. Anas Bennani,dr. Anas El Habti,Katarzyna Wisniewski,Zus,18-jarige,man,12-05-2026,14/5/2026,20/04/2022,º4/7/2007,07070449991,5 38492 52 480,BE15 5258 4787 6730,4949185147561604,Vijverberg 246,3500,Hasselt,03 798 82 17,0493 53 85 61,andrzej.kowalski@skynet.be,https://www.uzheilighart.be,UZ Heilig Hart,Endocrinologie,type 2 diabetes mellitus,teken van Lasegue,Schirmer-test,N. Medianus,Lyumjev kwikpen,Sipralexa 20 mg,beeld passend bij bursitis,3x,co,blurr-test,,False,patient,patient,de heer,hij,zijn,"{'INSZ': 'plain', 'RIZIV': 'spaced', 'IBAN': 'grouped', 'DATE_ENCOUNTER': 'dd-mm-yyyy', 'DATE_VALIDATION': 'd/m/yyyy', 'DATE_HISTORY': 'dd/mm/yyyy', 'DOB': 'masc_ordinal', 'TELEFOON': 'spaced', 'TELEFOON_MOBILE': 'spaced', 'STREET': 'plain', 'AGE': 'jarige'}"
CASE000695,F,80-95,flemish,West-Vlaanderen,Vlaanderen,town,Katrien Maes,dr. Deniz Demir,dr. Hafida Ouazzani,Bart Dubois,Broer,94-jarige,vrouw,25 april 2026,2026-04-27,2 april 2025,°23/06/1931,31.06.23-816.60,14538815030,BE75 0153 2639 3927,4230335823398957,Berglaan 114 bus 2,8400,Oostende,+32 3 023 85 95,0456 12 88 87,katrien.maes@telenet.be,https://www.algemeenziekenhuisonzelievevrouw.be,Algemeen Ziekenhuis Onze-Lieve-Vrouw,Cardiologie,boezemfibrilleren,ziekte van Crohn,Humphrey - perimetrie,M. Supraspinatus,Ibuprofen 400 mg,Trianal suppo,lintvormige stoelgang,pH 7.38,nle,shared decision making,,False,patient,patiente,mevrouw,zij,haar,"{'INSZ': 'dotted', 'RIZIV': 'plain', 'IBAN': 'grouped', 'DATE_ENCOUNTER': 'text_nl', 'DATE_VALIDATION': 'yyyy-mm-dd', 'DATE_HISTORY': 'text_nl', 'DOB': 'degree', 'TELEFOON': 'intl', 'TELEFOON_MOBILE': 'spaced', 'STREET': 'bus', 'AGE': 'jarige'}"
CASE000696,M,65-79,flemish,Oost-Vlaanderen,Vlaanderen,rural,Pieter De Clercq,dr. Ionut Novak,dr. Ann Mertens,Tine Dubois,Tante,72 jaar,man,9 mei 2026,10-05-2026,09-02-2018,°03.11.1953,53.11.03-347.74,5-81830-73-008,BE36 0266 2000 8696,4419811796330501,Brouwersweg 12A,9400,Ninove,056 20 29 81,0470 97 00 66,pieter.declercq@gmail.com,https://www.algemeenziekenhuisheilighart.be,Algemeen Ziekenhuis Heilig Hart,Gastro-enterologie,diverticulose sigmoid,ziekte van Dupuytren,Schirmer-test,N. Medianus,Atorstatine 20 mg,Nexiam 20 mg,hamstringletsel links,18u,NSAID,full range of motion,,False,patient,patient,de heer,hij,zijn,"{'INSZ': 'dotted', 'RIZIV': 'dashed', 'IBAN': 'grouped', 'DATE_ENCOUNTER': 'text_abbr', 'DATE_VALIDATION': 'dd-mm-yyyy', 'DATE_HISTORY': 'dd-mm-yyyy', 'DOB': 'degree', 'TELEFOON': 'spaced', 'TELEFOON_MOBILE': 'spaced', 'STREET': 'letter', 'AGE': 'jaar'}"
CASE000697,F,65-79,flemish,Brussel-Hoofdstad,Brussel,urban,Lieve Wouters,dr. Katarzyna Novak,dr. Sofie Vermeulen,Els Verhoeven,Dochter,67-jarige,vrouw,07-05-2026,7 mei 2026,23/10/2015,º17-07-1958,58 07 17 136 39,3-52210-94-004,BE44 5377 1191 7593,4466847132901029,Kerkvest 248 bus 14,1000,Brussel,+32 4 258 38 51,0477 40 63 66,lieve.wouters@telenet.be,https://www.klinieksintrembert.be,Kliniek Sint-Rembert,Gynaecologie,endometriose,ziekte van Graves,Glasgow Coma Scale 15,N. Medianus,Paracetamol 1 g,Glucagen hypokit,geel verkleurde sclerae,0.5 mg,i.o.m.,no evidence of malignancy,,False,patient,patiente,mevrouw,zij,haar,"{'INSZ': 'spaced', 'RIZIV': 'dashed', 'IBAN': 'grouped', 'DATE_ENCOUNTER': 'dd-mm-yyyy', 'DATE_VALIDATION': 'text_abbr', 'DATE_HISTORY': 'dd/mm/yyyy', 'DOB': 'masc_ordinal', 'TELEFOON': 'intl', 'TELEFOON_MOBILE': 'spaced', 'STREET': 'bus', 'AGE': 'jarige'}"
CASE000698,M,18-34,flemish,Vlaams-Brabant,Vlaanderen,town,Wim Lambert,dr. Nele Verhoeven,dr. Dirk Wouters,Griet Mertens,Grootmoeder,19 jaar,man,07.05.2026,08-05-2026,31 maa 2023,°18/11/2006,06111883719,5-01129-70-030,BE86 1548 2955 3999,4473080282131145,Hoevedreef 204,1500,Halle,012 81 93 83,0495/56.95.05,wim.lambert@skynet.be,https://www.kliniekmariamiddelares.be,Kliniek Maria Middelares,Oftalmologie,cataract incipiens bilateraal,syndroom van Raynaud,Bristol-schaal type 4,m. Infraspinatus,Nexiam 20 mg,L-thyroxine 50 mcg,beeld passend bij bursitis,22u,OD,SSp testen positief,,False,patient,patient,de heer,hij,zijn,"{'INSZ': 'plain', 'RIZIV': 'dashed', 'IBAN': 'grouped', 'DATE_ENCOUNTER': 'dd.mm.yyyy', 'DATE_VALIDATION': 'dd-mm-yyyy', 'DATE_HISTORY': 'text_abbr', 'DOB': 'degree', 'TELEFOON': 'spaced', 'TELEFOON_MOBILE': 'slash_dot', 'STREET': 'plain', 'AGE': 'jaar'}"
CASE000699,F,50-64,flemish,Limburg,Vlaanderen,rural,Tine Coppens,dr. Piotr Nowak,dr. Leen Goossens,Els Wouters,Moeder,60 jaar,vrouw,19/4/2026,20-04-2026,1 oktober 2024,º29-03-1966,66.03.29-220.26,12760745480,BE61 4285 3490 6469,4344405572477212,Smidsteenweg 245,3700,Tongeren,014 09 87 28,0489/09.65.13,tine.coppens@skynet.be,https://www.uzvesalius.be,UZ Vesalius,Gastro-enterologie,diverticulose sigmoid,ziekte van Dupuytren,Barthel-index 90,A. Radialis,Lambipol 100 mg,Ibuprofen 400 mg,as 165 graden,1 a 2 /d,RYGB,watchful waiting,,False,patient,patiente,mevrouw,zij,haar,"{'INSZ': 'dotted', 'RIZIV': 'plain', 'IBAN': 'grouped', 'DATE_ENCOUNTER': 'd/m/yyyy', 'DATE_VALIDATION': 'dd-mm-yyyy', 'DATE_HISTORY': 'text_nl', 'DOB': 'masc_ordinal', 'TELEFOON': 'spaced', 'TELEFOON_MOBILE': 'slash_dot', 'STREET': 'plain', 'AGE': 'jaar'}"
CASE000700,M,18-34,eastern_european,Oost-Vlaanderen,Vlaanderen,rural,Vasile Zielinski,dr. Bilal Benali,dr. Giuseppe Fernandez,Zuzana Kaminski,Tante,18-jarige,man,13/5/2026,14/05/2026,24 apr 2024,°14-01-2008,08.01.14-813.38,48065181007,BE59381574793339,4120701805893591,Wilgenlaan 157,9600,Ronse,04/641.65.66,+32 473 42 58 98,vasile.zielinski@gmail.com,https://www.jessaziekenhuis.be,Jessa Ziekenhuis,Neurologie,perifere polyneuropathie,syndroom van Guillain-Barre,Bristol-schaal type 4,M. Subscapularis,Depakine chrono 500 mg,Toujeo solostar,molaire zwangerschap uitgesloten,pH 7.38,OS,blurr-test,,False,patient,patient,de heer,hij,zijn,"{'INSZ': 'dotted', 'RIZIV': 'plain', 'IBAN': 'plain', 'DATE_ENCOUNTER': 'd/m/yyyy', 'DATE_VALIDATION': 'dd/mm/yyyy', 'DATE_HISTORY': 'text_abbr', 'DOB': 'degree', 'TELEFOON': 'slash_dot', 'TELEFOON_MOBILE': 'intl', 'STREET': 'plain', 'AGE': 'jarige'}"
CASE000701,F,50-64,flemish,Vlaams-Brabant,Vlaanderen,urban,Sofie Van Acker,dr. Ayse Aydin,dr. Sofie Peeters,Stijn Mertens,Broer,55-jarige,vrouw,21/04/2026,23-04-2026,15-12-2015,°12-06-1970,70.06.12-134.48,9-66318-93-004,BE37 7588 8180 8615,4870909590279908,Kerksteenweg 124,3000,Leuven,+32 (0)55/58.49.01,+32 471 43 55 42,sofie.vanacker@proximus.be,https://www.kliniekdevoorzorg.be,Kliniek De Voorzorg,Fysische Geneeskunde en revalidatie,bekkenbodemhypertonie,ziekte van Bechterew,Goldmann applanatie,A. Radialis,Trianal suppo,D-cure 25 000 ie,geel verkleurde sclerae,300 ie/ml 1.5 ml,APO,shared decision making,,False,patient,patiente,mevrouw,zij,haar,"{'INSZ': 'dotted', 'RIZIV': 'dashed', 'IBAN': 'grouped', 'DATE_ENCOUNTER': 'dd/mm/yyyy', 'DATE_VALIDATION': 'dd-mm-yyyy', 'DATE_HISTORY': 'dd-mm-yyyy', 'DOB': 'degree', 'TELEFOON': 'intl_paren', 'TELEFOON_MOBILE': 'intl', 'STREET': 'plain', 'AGE': 'jarige'}"
CASE000702,M,65-79,turkish,West-Vlaanderen,Vlaanderen,town,Serkan Arslan,dr. Geert De Clercq,dr. Amina Idrissi,Onur Kaya,Oom,73 jaar,man,15/04/2026,17-04-2026,25 okt 2017,°11/03/1953,53.03.11-367.49,9-96121-69-008,BE64 5957 4338 5553,4678950139193873,Koutersteenweg 136 bus 18,8300,Knokke-Heist,057 55 05 62,+32 456 68 10 69,serkan.arslan@telenet.be,https://www.uzdamiaan.be,UZ Damiaan,Endocrinologie,hypothyreoidie,syndroom van Guillain-Barre,Schirmer-test,m. Infraspinatus,Nexiam 20 mg,Toujeo solostar,beeld passend bij bursitis,3x/week,PTO,SSp testen positief,,False,patient,patient,de heer,hij,zijn,"{'INSZ': 'dotted', 'RIZIV': 'dashed', 'IBAN': 'grouped', 'DATE_ENCOUNTER': 'dd/mm/yyyy', 'DATE_VALIDATION': 'dd-mm-yyyy', 'DATE_HISTORY': 'text_abbr', 'DOB': 'degree', 'TELEFOON': 'spaced', 'TELEFOON_MOBILE': 'intl', 'STREET': 'bus', 'AGE': 'jaar'}"
CASE000703,F,65-79,flemish,Antwerpen,Vlaanderen,urban,Ann Maes,dr. Agnieszka Ionescu,dr. Lore De Backer,Kris Lambert,Neef,77,vrouw,17/05/2026,2026-05-17,23 maa 2021,º9 jan 1949,49.01.09-514.58,7-92945-30-003,BE83336046395279,4991998467617096,Kasteellei 159,2800,Mechelen,04/496.86.17,+32 496 85 24 07,ann.maes@proximus.be,https://www.kliniekzeepreventorium.be,Kliniek Zeepreventorium,Cardiologie,boezemfibrilleren,ziekte van Crohn,Humphrey - perimetrie,M. Biceps caput longum,Lambipol 100 mg,Progor retard 180 mg,as 165 graden,pH 7.38,NSAID,SSp testen positief,,False,patient,patiente,mevrouw,zij,haar,"{'INSZ': 'dotted', 'RIZIV': 'dashed', 'IBAN': 'plain', 'DATE_ENCOUNTER': 'dd/mm/yyyy', 'DATE_VALIDATION': 'yyyy-mm-dd', 'DATE_HISTORY': 'text_abbr', 'DOB': 'masc_ordinal', 'TELEFOON': 'slash_dot', 'TELEFOON_MOBILE': 'intl', 'STREET': 'plain', 'AGE': 'bare'}"
CASE000704,M,35-49,flemish,Oost-Vlaanderen,Vlaanderen,town,Marc Peeters,dr. Inge Peeters,dr. Stijn De Smet,Koen Van den Berghe,Zoon,36 jaar,man,26/05/2026,27/5/2026,12-09-2017,°21/07/1989,89072144567,2-62274-14-006,BE17176187041916,4756779466853246,Kortedries 164,9700,Oudenaarde,+32 (0)9/607.20.32,+32 (0)478/66.77.24,marc.peeters@telenet.be,https://www.uzmariamiddelares.be,UZ Maria Middelares,Oftalmologie,cataract incipiens bilateraal,ziekte van Dupuytren,Schirmer-test,V. Saphena magna,Nexiam 20 mg,Lyumjev kwikpen,as 165 graden,FEV1/FVC 73.17,z.n.,no evidence of malignancy,,False,patient,patient,de heer,hij,zijn,"{'INSZ': 'plain', 'RIZIV': 'dashed', 'IBAN': 'plain', 'DATE_ENCOUNTER': 'dd/mm/yyyy', 'DATE_VALIDATION': 'd/m/yyyy', 'DATE_HISTORY': 'dd-mm-yyyy', 'DOB': 'degree', 'TELEFOON': 'intl_paren', 'TELEFOON_MOBILE': 'intl_paren', 'STREET': 'plain', 'AGE': 'jaar'}"
CASE000705,F,50-64,southern_european,Limburg,Vlaanderen,rural,Lucia Silva,dr. Veerle De Clercq,dr. Hilde Lambert,Antonio Silva,Neef,50-jarige,vrouw,30-04-2026,02/05/2026,25-01-2023,°28/10/1975,75102886834,7-84209-36-018,BE21438478369623,4887277960688863,Marktweg 94 bus 1,3900,Pelt,012 44 87 77,0486/99.25.74,lucia.silva@gmail.com,https://www.algemeenziekenhuisvesalius.be,Algemeen Ziekenhuis Vesalius,Fysische Geneeskunde en revalidatie,supraspinatuspeestendinose bilateraal,ziekte van Hashimoto,Schirmer-test,M. Subscapularis,Asaflow 80 mg,Ozempic 1 mg,beeld passend bij bursitis,BMI 20.808,OS,full range of motion,,False,patient,patiente,mevrouw,zij,haar,"{'INSZ': 'plain', 'RIZIV': 'dashed', 'IBAN': 'plain', 'DATE_ENCOUNTER': 'dd-mm-yyyy', 'DATE_VALIDATION': 'dd/mm/yyyy', 'DATE_HISTORY': 'dd-mm-yyyy', 'DOB': 'degree', 'TELEFOON': 'spaced', 'TELEFOON_MOBILE': 'slash_dot', 'STREET': 'bus', 'AGE': 'jarige'}"
CASE000706,M,35-49,flemish,West-Vlaanderen,Vlaanderen,town,Kris Vermeulen,dr. Veerle Jacobs,dr. Wim Maes,Tom Verhoeven,Vader,37,man,18 april 2026,2026-04-20,14/02/2020,°1989-05-02,89.05.02 049 49,6-57471-92-030,BE61561184427173,4552957873516830,Bakkervest 56,8400,Oostende,+32 3 967 01 55,0475 23 49 39,kris.vermeulen@skynet.be,https://www.kliniekgroeninge.be,Kliniek Groeninge,Urologie,epididymitis links,ziekte van Von Willebrand,Jaeger transfertest,M. Subscapularis,Pantomed 40 mg,Glucagen hypokit,geel verkleurde sclerae,12u,SSp,no evidence of malignancy,,False,patient,patient,de heer,hij,zijn,"{'INSZ': 'mixed', 'RIZIV': 'dashed', 'IBAN': 'plain', 'DATE_ENCOUNTER': 'text_nl', 'DATE_VALIDATION': 'yyyy-mm-dd', 'DATE_HISTORY': 'dd/mm/yyyy', 'DOB': 'degree', 'TELEFOON': 'intl', 'TELEFOON_MOBILE': 'spaced', 'STREET': 'plain', 'AGE': 'bare'}"
CASE000707,F,18-34,flemish,Vlaams-Brabant,Vlaanderen,town,Marleen Dubois,dr. Sylvie Kalala,dr. Rachid Alaoui,Ann Goossens,Zus,26-jarige,vrouw,16/05/2026,16.05.2026,25 mei 2018,°08/05/2000,00.05.08-812.79,9-63302-05-007,BE58 4269 8800 8044,4984598909066099,Wilgenring 128,1500,Halle,056/58.45.62,0493245906,marleen.dubois@proximus.be,https://www.azdevoorzorg.be,AZ De Voorzorg,Gastro-enterologie,status na gastric bypass (RYGB),syndroom van Guillain-Barre,Glasgow Coma Scale 15,M. Supraspinatus,Atorstatine 20 mg,Depakine chrono 500 mg,peervormige galblaas,3x,OD,full range of motion,,False,patient,patiente,mevrouw,zij,haar,"{'INSZ': 'dotted', 'RIZIV': 'dashed', 'IBAN': 'grouped', 'DATE_ENCOUNTER': 'dd/mm/yyyy', 'DATE_VALIDATION': 'dd.mm.yyyy', 'DATE_HISTORY': 'text_nl', 'DOB': 'degree', 'TELEFOON': 'slash_dot', 'TELEFOON_MOBILE': 'plain', 'STREET': 'plain', 'AGE': 'jarige'}"
CASE000708,M,35-49,flemish,Oost-Vlaanderen,Vlaanderen,rural,Lode Wouters,dr. Nele Goossens,dr. Lieve Janssens,Femke De Smet,Zus,49-jarige,man,13/5/2026,15-05-2026,17/06/2019,°24/08/1976,76.08.24-095.61,8-18729-48-004,BE36 1509 3906 1439,4226073478432674,Molenplein 38,9600,Ronse,+32 2 652 37 00,0487 63 60 47,lode.wouters@proximus.be,https://www.algemeenziekenhuisdevoorzorg.be,Algemeen Ziekenhuis De Voorzorg,NKO,chronische rhinosinusitis,teken van Lasegue,Schirmer-test,A. Radialis,Metformine viatris 500 mg,Ibuprofen 400 mg,boomstructuur van de bronchi,1/w,PRP,shared decision making,,False,patient,patient,de heer,hij,zijn,"{'INSZ': 'dotted', 'RIZIV': 'dashed', 'IBAN': 'grouped', 'DATE_ENCOUNTER': 'd/m/yyyy', 'DATE_VALIDATION': 'dd-mm-yyyy', 'DATE_HISTORY': 'dd/mm/yyyy', 'DOB': 'degree', 'TELEFOON': 'intl', 'TELEFOON_MOBILE': 'spaced', 'STREET': 'plain', 'AGE': 'jarige'}"
CASE000709,F,18-34,eastern_european,Limburg,Vlaanderen,rural,Elena Novak,dr. Ioana Kowalski,dr. Zeynep Demir,Vasile Dimitrov,Neef,24 jaar,vrouw,24/4/2026,24/04/2026,18.03.2024,°29/08/2001,01082914066,8-13398-44-004,BE97 3914 8307 3965,4445475971131569,Vissersring 257 bus 6,3900,Pelt,052/70.67.07,0492-90 86 93,elena.novak@gmail.com,https://www.azzeepreventorium.be,AZ Zeepreventorium,Reumatologie,osteoporose,syndroom van Sjogren,Humphrey - perimetrie,M. Biceps caput longum,Lyumjev kwikpen,Nexiam 20 mg,peervormige galblaas,2cc,OD,SSp testen positief,,False,patient,patiente,mevrouw,zij,haar,"{'INSZ': 'plain', 'RIZIV': 'dashed', 'IBAN': 'grouped', 'DATE_ENCOUNTER': 'd/m/yyyy', 'DATE_VALIDATION': 'dd/mm/yyyy', 'DATE_HISTORY': 'dd.mm.yyyy', 'DOB': 'degree', 'TELEFOON': 'slash_dot', 'TELEFOON_MOBILE': 'dashed', 'STREET': 'bus', 'AGE': 'jaar'}"
CASE000710,M,65-79,flemish,West-Vlaanderen,Vlaanderen,rural,Rik Verhoeven,dr. Jan Coppens,dr. Inge Verhoeven,Nele Claes,Zus,79 jaar,man,2026-04-14,15 april 2026,10/2021,°25 januari 1947,47.01.25-503.32,7-64634-17-004,BE89 1701 0621 9260,4643356239502116,Smidlei 95 bus 4,8600,Diksmuide,036649706,0456407490,rik.verhoeven@telenet.be,https://www.azklina.be,AZ Klina,Fysische Geneeskunde en revalidatie,bekkenbodemhypertonie,teken van Lasegue,Romberg negatief,M. Biceps caput longum,Paracetamol 1 g,Atorstatine 20 mg,beeld passend bij bursitis,2/d,z.n.,shared decision making,,False,patient,patient,de heer,hij,zijn,"{'INSZ': 'dotted', 'RIZIV': 'dashed', 'IBAN': 'grouped', 'DATE_ENCOUNTER': 'yyyy-mm-dd', 'DATE_VALIDATION': 'text_nl', 'DATE_HISTORY': 'mm/yyyy', 'DOB': 'degree', 'TELEFOON': 'plain', 'TELEFOON_MOBILE': 'plain', 'STREET': 'bus', 'AGE': 'jaar'}"
CASE000711,F,18-34,flemish,Antwerpen,Vlaanderen,rural,Els Goossens,dr. Nele Janssens,dr. Jonas Vermeulen,Dirk Peeters,Oom,19 jaar,vrouw,10.05.2026,11-05-2026,16-02-2016,°27/03/2007,07.03.27-788.54,22769066480,BE10 6235 9254 6208,4052416945646864,Molenberg 215A,2400,Mol,016 16 03 50,+32 (0)479/43.01.50,els.goossens@gmail.com,https://www.ziekenhuisnikolaas.be,Ziekenhuis Nikolaas,Gastro-enterologie,refluxoesofagitis graad B,syndroom van Guillain-Barre,Phalen-test,m. Deltoideus,Depakine chrono 500 mg,Trianal suppo,geel verkleurde sclerae,22u,NSAID,watchful waiting,,False,patient,patiente,mevrouw,zij,haar,"{'INSZ': 'dotted', 'RIZIV': 'plain', 'IBAN': 'grouped', 'DATE_ENCOUNTER': 'dd.mm.yyyy', 'DATE_VALIDATION': 'dd-mm-yyyy', 'DATE_HISTORY': 'dd-mm-yyyy', 'DOB': 'degree', 'TELEFOON': 'spaced', 'TELEFOON_MOBILE': 'intl_paren', 'STREET': 'letter', 'AGE': 'jaar'}"
CASE000712,M,0-17,eastern_european,Antwerpen,Vlaanderen,urban,Ionut Zielinski,dr. Marleen Van Damme,dr. Ismail Cherkaoui,Ioana Wisniewski,Zus,0 jaar,man,08/05/2026,10-05-2026,15-05-2018,°22-05-2026,26.05.22-493.39,5-48264-77-006,BE22 8016 2213 8423,4393348914026968,Stationskaai 121,2018,Antwerpen,012 00 00 59,0473674820,ionut.zielinski@skynet.be,https://www.uzsintrembert.be,UZ Sint-Rembert,Fysische Geneeskunde en revalidatie,supraspinatuspeestendinose bilateraal,ziekte van Crohn,teken van Tinel,N. Medianus,Ibuprofen 400 mg,Progor retard 180 mg,beers-teken afwezig,2/d,RYGB,no evidence of malignancy,,False,patient,patient,de heer,hij,zijn,"{'INSZ': 'dotted', 'RIZIV': 'dashed', 'IBAN': 'grouped', 'DATE_ENCOUNTER': 'dd/mm/yyyy', 'DATE_VALIDATION': 'dd-mm-yyyy', 'DATE_HISTORY': 'dd-mm-yyyy', 'DOB': 'degree', 'TELEFOON': 'spaced', 'TELEFOON_MOBILE': 'plain', 'STREET': 'plain', 'AGE': 'jaar'}"
CASE000713,F,50-64,flemish,Antwerpen,Vlaanderen,urban,Griet Goossens,dr. Bilal Idrissi,dr. Marleen Wouters,Veerle Peeters,Nicht,55-jarige,vrouw,16-04-2026,16/04/2026,01-09-2018,º22 apr 1971,71.04.22-376.95,8-49637-83-008,BE28 1196 2605 8381,4931082627756996,Vijverplein 116,2800,Mechelen,019 70 10 65,+32 (0)471/44.37.92,griet.goossens@telenet.be,https://www.uzdevoorzorg.be,UZ De Voorzorg,Gastro-enterologie,diverticulose sigmoid,ziekte van Bechterew,Snellen 1,m. Deltoideus,Glucagen hypokit,Ventolin aerosol,as 165 graden,-0.25 ^ -0.25 as 165 graden,antec.,Painful arc beiderzijds +,,False,patient,patiente,mevrouw,zij,haar,"{'INSZ': 'dotted', 'RIZIV': 'dashed', 'IBAN': 'grouped', 'DATE_ENCOUNTER': 'dd-mm-yyyy', 'DATE_VALIDATION': 'dd/mm/yyyy', 'DATE_HISTORY': 'dd-mm-yyyy', 'DOB': 'masc_ordinal', 'TELEFOON': 'spaced', 'TELEFOON_MOBILE': 'intl_paren', 'STREET': 'plain', 'AGE': 'jarige'}"
CASE000714,M,35-49,southern_european,Vlaams-Brabant,Vlaanderen,town,Antonio Ferrari,dr. Angelo Santos,dr. Leen Lambert,Marco Moreira,Broer,41-jarige,man,08-05-2026,08/05/2026,1 aug 2023,°1985-04-17,85.04.17-981.31,3-74571-43-006,BE77 6936 4407 1835,4580875634491083,Weverdreef 207,1930,Zaventem,+32 50 22 06 99,+32 483 99 43 67,antonio.ferrari@proximus.be,https://www.uzsintvincentius.be,UZ Sint-Vincentius,Nefrologie,chronische nierinsufficientie stadium 3,syndroom van Sjogren,Schirmer-test,V. Saphena magna,Diltiazemzalf 2%,L-thyroxine 50 mcg,geel verkleurde sclerae,-0.25 ^ -0.25 as 165 graden,NSAID,full range of motion,,False,patient,patient,de heer,hij,zijn,"{'INSZ': 'dotted', 'RIZIV': 'dashed', 'IBAN': 'grouped', 'DATE_ENCOUNTER': 'dd-mm-yyyy', 'DATE_VALIDATION': 'dd/mm/yyyy', 'DATE_HISTORY': 'text_abbr', 'DOB': 'degree', 'TELEFOON': 'intl', 'TELEFOON_MOBILE': 'intl', 'STREET': 'plain', 'AGE': 'jarige'}"
CASE000715,F,18-34,central_african,Oost-Vlaanderen,Vlaanderen,town,Chantal Kalala,dr. Wim Verhoeven,dr. Geert Van Damme,Blaise Kabongo,Oom,32 jaar,vrouw,28.05.2026,28/05/2026,01/09/2022,°22/10/1993,93.10.22-988.84,6 15311 57 007,BE89 0705 9532 0134,4921581927724432,Gaverlei 164 bus 8,9100,Sint-Niklaas,+32 (0)2/133.02.14,0491 02 32 01,chantal.kalala@gmail.com,https://www.znamiddelheim.be,ZNA Middelheim,Gastro-enterologie,coeliakie,syndroom van Cushing,Phalen-test,m. Deltoideus,Ozempic 1 mg,Sipralexa 20 mg,geel verkleurde sclerae,300 ie/ml 1.5 ml,OD,full range of motion,,False,patient,patiente,mevrouw,zij,haar,"{'INSZ': 'dotted', 'RIZIV': 'spaced', 'IBAN': 'grouped', 'DATE_ENCOUNTER': 'dd.mm.yyyy', 'DATE_VALIDATION': 'dd/mm/yyyy', 'DATE_HISTORY': 'dd/mm/yyyy', 'DOB': 'degree', 'TELEFOON': 'intl_paren', 'TELEFOON_MOBILE': 'spaced', 'STREET': 'bus', 'AGE': 'jaar'}"
CASE000716,M,65-79,southern_european,Oost-Vlaanderen,Vlaanderen,town,Salvatore Garcia,dr. Elena Zielinski,dr. Paulo Costa,Giuseppe Moreira,Neef,70 jaar,man,2026-04-14,16-04-2026,28 nov 2018,°25-07-1955,55.07.25-229.31,6-47536-36-006,BE75 8196 6366 0035,4574865977597768,Smidwal 217,9300,Aalst,+32 (0)89/16.99.27,+32 495 03 86 64,salvatore.garcia@gmail.com,https://www.algemeenziekenhuisnikolaas.be,Algemeen Ziekenhuis Nikolaas,Fysische Geneeskunde en revalidatie,bekkenbodemhypertonie,syndroom van Sjogren,Bristol-schaal type 4,V. Saphena magna,Asaflow 80 mg,Atorstatine 20 mg,lintvormige stoelgang,HR: 68,PRP,watchful waiting,,False,patient,patient,de heer,hij,zijn,"{'INSZ': 'dotted', 'RIZIV': 'dashed', 'IBAN': 'grouped', 'DATE_ENCOUNTER': 'yyyy-mm-dd', 'DATE_VALIDATION': 'dd-mm-yyyy', 'DATE_HISTORY': 'text_abbr', 'DOB': 'degree', 'TELEFOON': 'intl_paren', 'TELEFOON_MOBILE': 'intl', 'STREET': 'plain', 'AGE': 'jaar'}"
CASE000717,F,50-64,maghrebi,West-Vlaanderen,Vlaanderen,town,Nadia Cherkaoui,dr. Femke De Smet,dr. Anas Idrissi,Sara Idrissi,Tante,53 jaar,vrouw,30-04-2026,30-04-2026,21.07.2018,°03.02.1973,73.02.03-004.95,8-80014-67-018,BE65 0865 6682 7242,4079919062315436,Kouterkaai 70,8900,Ieper,010/22.95.57,0498/27.07.65,nadia.cherkaoui@proximus.be,https://www.ziekenhuissintblasius.be,Ziekenhuis Sint-Blasius,Gastro-enterologie,ferriprieve anaemie,syndroom van Raynaud,Barthel-index 90,m. Infraspinatus,Cose protect,Injectafer 1000 mg,hamstringletsel links,25 000 ie,RYGB,watchful waiting,,False,patient,patiente,mevrouw,zij,haar,"{'INSZ': 'dotted', 'RIZIV': 'dashed', 'IBAN': 'grouped', 'DATE_ENCOUNTER': 'dd-mm-yyyy', 'DATE_VALIDATION': 'dd-mm-yyyy', 'DATE_HISTORY': 'dd.mm.yyyy', 'DOB': 'degree', 'TELEFOON': 'slash_dot', 'TELEFOON_MOBILE': 'slash_dot', 'STREET': 'plain', 'AGE': 'jaar'}"
CASE000718,M,65-79,turkish,Antwerpen,Vlaanderen,urban,Emre Kaya,dr. Nele Goossens,dr. Inge Janssens,Elif Arslan,Dochter,73,man,18 april 2026,20-04-2026,3 jan 2017,°09/10/1952,52.10.09-183.30,3 78917 62 003,BE40 6678 9081 1606,4718980221318965,Smidplein 253,2018,Antwerpen,012 87 17 10,+32 483 91 78 73,emre.kaya@telenet.be,https://www.kliniekmariamiddelares.be,Kliniek Maria Middelares,Fysische Geneeskunde en revalidatie,supraspinatuspeestendinose bilateraal,ziekte van Graves,Snellen 1,M. Supraspinatus,Nexiam 20 mg,Sipralexa 20 mg,geel verkleurde sclerae,FEV1/FVC 73.17,SSp,full range of motion,,False,patient,patient,de heer,hij,zijn,"{'INSZ': 'dotted', 'RIZIV': 'spaced', 'IBAN': 'grouped', 'DATE_ENCOUNTER': 'text_nl', 'DATE_VALIDATION': 'dd-mm-yyyy', 'DATE_HISTORY': 'text_abbr', 'DOB': 'degree', 'TELEFOON': 'spaced', 'TELEFOON_MOBILE': 'intl', 'STREET': 'plain', 'AGE': 'bare'}"
CASE000719,F,18-34,southern_european,Vlaams-Brabant,Vlaanderen,town,Ana Santos,dr. Katrien Willems,dr. Dimitar Dimitrov,Ana Moreira,Tante,33-jarige,vrouw,06/05/2026,08-05-2026,11 maa 2021,°25/1/1993,93.01.25-202.38,5-00395-28-007,BE05563640132852,4134145244864918,Weverlei 205 bus 16,1930,Zaventem,+32 2 653 64 70,+32 (0)493/55.78.54,ana.santos@proximus.be,https://www.azdamiaan.be,AZ Damiaan,Gastro-enterologie,refluxoesofagitis graad B,syndroom van Sjogren,teken van Tinel,M. Biceps caput longum,Cose protect,Asaflow 80 mg,hamstringletsel links,12u,i.o.m.,watchful waiting,,False,patient,patiente,mevrouw,zij,haar,"{'INSZ': 'dotted', 'RIZIV': 'dashed', 'IBAN': 'plain', 'DATE_ENCOUNTER': 'dd/mm/yyyy', 'DATE_VALIDATION': 'dd-mm-yyyy', 'DATE_HISTORY': 'text_abbr', 'DOB': 'degree', 'TELEFOON': 'intl', 'TELEFOON_MOBILE': 'intl_paren', 'STREET': 'bus', 'AGE': 'jarige'}"
CASE000720,M,65-79,flemish,Antwerpen,Vlaanderen,urban,Wim Wouters,dr. Sara Benali,dr. Serkan Dogan,Hilde Van Acker,Moeder,69,man,22-05-2026,22/05/2026,10.01.2021,°03/12/1956,56.12.03-529.59,3 78167 36 480,BE25 0288 2492 3751,4128300623818393,Langeplein 9 bus 10,2800,Mechelen,09/259.32.86,+32 (0)497/15.14.88,wim.wouters@skynet.be,https://www.ziekenhuisnikolaas.be,Ziekenhuis Nikolaas,NKO,chronische rhinosinusitis,syndroom van Raynaud,teken van Tinel,m. Infraspinatus,Depakine chrono 500 mg,Injectafer 1000 mg,geel verkleurde sclerae,100 e/ml 3 ml,tvv,full range of motion,,False,patient,patient,de heer,hij,zijn,"{'INSZ': 'dotted', 'RIZIV': 'spaced', 'IBAN': 'grouped', 'DATE_ENCOUNTER': 'dd-mm-yyyy', 'DATE_VALIDATION': 'dd/mm/yyyy', 'DATE_HISTORY': 'dd.mm.yyyy', 'DOB': 'degree', 'TELEFOON': 'slash_dot', 'TELEFOON_MOBILE': 'intl_paren', 'STREET': 'bus', 'AGE': 'bare'}"
CASE000721,F,65-79,flemish,Vlaams-Brabant,Vlaanderen,town,Griet Van Acker,dr. Ionut Popescu,dr. Katarzyna Popescu,Kris Maes,Zoon,71-jarige,vrouw,13-05-2026,14/05/2026,22 december 2020,°02/08/1954,54 08 02 472 76,8 54483 87 006,BE79 3423 8773 7080,4629703864732237,Marktstraat 140/4,1930,Zaventem,059/28.98.21,0474/37.36.49,griet.vanacker@skynet.be,https://www.azalma.be,AZ Alma,Neurologie,perifere polyneuropathie,ziekte van Parkinson,Schirmer-test,M. Subscapularis,Depakine chrono 500 mg,Lambipol 100 mg,lintvormige stoelgang,0.5 mg,APO,full range of motion,,False,patient,patiente,mevrouw,zij,haar,"{'INSZ': 'spaced', 'RIZIV': 'spaced', 'IBAN': 'grouped', 'DATE_ENCOUNTER': 'dd-mm-yyyy', 'DATE_VALIDATION': 'dd/mm/yyyy', 'DATE_HISTORY': 'text_nl', 'DOB': 'degree', 'TELEFOON': 'slash_dot', 'TELEFOON_MOBILE': 'slash_dot', 'STREET': 'slash', 'AGE': 'jarige'}"
CASE000722,M,18-34,flemish,Limburg,Vlaanderen,town,Wim Van Damme,dr. Iwona Dimitrov,dr. Marleen De Clercq,Pieter Vermeulen,Vader,28-jarige,man,15/05/2026,16 mei 2026,2022-10-22,º05/01/1998,98.01.05-601.53,4-14098-92-003,BE15 7575 7515 1499,4706625016220439,Kasteelplein 180,3800,Sint-Truiden,04-508 97 75,0478/63.17.91,wim.vandamme@gmail.com,https://www.azdelta.be,AZ Delta,Pneumologie,"astma, goed gecontroleerd",syndroom van Guillain-Barre,Humphrey - perimetrie,m. Deltoideus,Trianal suppo,Nexiam 20 mg,beers-teken afwezig,100 e/ml 3 ml,NSAID,SSp testen positief,,False,patient,patient,de heer,hij,zijn,"{'INSZ': 'dotted', 'RIZIV': 'dashed', 'IBAN': 'grouped', 'DATE_ENCOUNTER': 'dd/mm/yyyy', 'DATE_VALIDATION': 'text_nl', 'DATE_HISTORY': 'yyyy-mm-dd', 'DOB': 'masc_ordinal', 'TELEFOON': 'dashed', 'TELEFOON_MOBILE': 'slash_dot', 'STREET': 'plain', 'AGE': 'jarige'}"
CASE000723,F,50-64,flemish,Antwerpen,Vlaanderen,town,Leen Lint,dr. Marc Verhoeven,dr. An Van Acker,Ann Janssens,Zus,52 jaar,vrouw,20-05-2026,2026-05-21,08/11/2023,º14.12.1973,73121460807,3-87041-86-006,BE71696624497435,4835943260322403,Marktpad 252,2440,Geel,02-002 27 98,0474-46 59 73,leen.lint@telenet.be,https://www.azvesalius.be,AZ Vesalius,NKO,chronische rhinosinusitis,ziekte van Hashimoto,Romberg negatief,lig. Collaterale mediale,Ibuprofen 400 mg,Atorstatine 20 mg,beeld passend bij bursitis,18u,nle,shared decision making,,True,patient,patiente,mevrouw,zij,haar,"{'INSZ': 'plain', 'RIZIV': 'dashed', 'IBAN': 'plain', 'DATE_ENCOUNTER': 'dd-mm-yyyy', 'DATE_VALIDATION': 'yyyy-mm-dd', 'DATE_HISTORY': 'dd/mm/yyyy', 'DOB': 'masc_ordinal', 'TELEFOON': 'dashed', 'TELEFOON_MOBILE': 'dashed', 'STREET': 'plain', 'AGE': 'jaar'}"
CASE000724,M,50-64,flemish,Oost-Vlaanderen,Vlaanderen,town,Wouter Van den Berghe,dr. Ann Janssens,dr. Filip Maes,Tine Van den Berghe,Zus,62,man,27-05-2026,29 mei 2026,25-04-2019,°01-12-1963,63.12.01-297.13,7-05917-49-008,BE20 1242 0326 8141,4786715429599579,Langedries 57 bus 19,9300,Aalst,010/12.59.96,+32 489 88 26 34,wouter.vandenberghe@telenet.be,https://www.kliniekdamiaan.be,Kliniek Damiaan,Gastro-enterologie,ulcus anastomoticum,ziekte van Dupuytren,Barthel-index 90,m. Deltoideus,Pantomed 40 mg,Paracetamol 1 g,lintvormige stoelgang,2/d,PRP,full range of motion,,False,patient,patient,de heer,hij,zijn,"{'INSZ': 'dotted', 'RIZIV': 'dashed', 'IBAN': 'grouped', 'DATE_ENCOUNTER': 'dd-mm-yyyy', 'DATE_VALIDATION': 'text_nl', 'DATE_HISTORY': 'dd-mm-yyyy', 'DOB': 'degree', 'TELEFOON': 'slash_dot', 'TELEFOON_MOBILE': 'intl', 'STREET': 'bus', 'AGE': 'bare'}"
CASE000725,F,50-64,turkish,Vlaams-Brabant,Vlaanderen,town,Merve Sahin,dr. Filip Van Acker,dr. Ann Claes,Emre Ozturk,Zoon,51-jarige,vrouw,24/04/2026,26 apr 2026,03/09/2019,º15/6/1974,74.06.15-254.19,9-57763-15-004,BE27 7257 7828 6958,4664814313740014,Bloembaan 239,1700,Dilbeek,+32 52 94 91 92,0485 41 85 74,merve.sahin@telenet.be,https://www.kliniekheilighart.be,Kliniek Heilig Hart,Algemene Heelkunde,ziekte van Von Willebrand,ziekte van Crohn,Humphrey - perimetrie,M. Biceps caput longum,Depakine chrono 500 mg,L-thyroxine 50 mcg,beers-teken afwezig,8u,NSAID,SSp testen positief,,False,patient,patiente,mevrouw,zij,haar,"{'INSZ': 'dotted', 'RIZIV': 'dashed', 'IBAN': 'grouped', 'DATE_ENCOUNTER': 'dd/mm/yyyy', 'DATE_VALIDATION': 'text_abbr', 'DATE_HISTORY': 'dd/mm/yyyy', 'DOB': 'masc_ordinal', 'TELEFOON': 'intl', 'TELEFOON_MOBILE': 'spaced', 'STREET': 'plain', 'AGE': 'jarige'}"
CASE000726,M,35-49,flemish,Oost-Vlaanderen,Vlaanderen,rural,Wouter Verhoeven,dr. Lode Verhoeven,dr. Sara Benali,Dirk Lambert,Grootvader,41 jaar,man,13-05-2026,14.05.2026,28/04/2019,º23-01-1985,85.01.23 657 57,3-23887-93-008,BE79 6630 0201 3038,4750599906408104,Wilgenkaai 15 bus 8,9500,Geraardsbergen,02/983.33.16,0498 21 49 49,wouter.verhoeven@gmail.com,https://www.azzeepreventorium.be,AZ Zeepreventorium,Pneumologie,obstructief longlijden GOLD II,syndroom van Guillain-Barre,Humphrey - perimetrie,M. Biceps caput longum,Cose protect,Glucagen hypokit,lintvormige stoelgang,-0.25 ^ -0.25 as 165 graden,antec.,SSp testen positief,,False,patient,patient,de heer,hij,zijn,"{'INSZ': 'mixed', 'RIZIV': 'dashed', 'IBAN': 'grouped', 'DATE_ENCOUNTER': 'dd-mm-yyyy', 'DATE_VALIDATION': 'dd.mm.yyyy', 'DATE_HISTORY': 'dd/mm/yyyy', 'DOB': 'masc_ordinal', 'TELEFOON': 'slash_dot', 'TELEFOON_MOBILE': 'spaced', 'STREET': 'bus', 'AGE': 'jaar'}"
CASE000727,F,65-79,flemish,Oost-Vlaanderen,Vlaanderen,town,Nele Van Damme,dr. Inge Lambert,dr. Nabil Cherkaoui,Koen Van den Berghe,Zoon,70-jarige,vrouw,12 mei 2026,14 mei 2026,2023-01-22,°01/06/1956,56060115266,90631454030,BE45603516822626,4912776151807843,Kortestraat 241C,9300,Aalst,+32 9 030 78 17,0474 31 91 22,nele.vandamme@proximus.be,https://www.kliniekdevoorzorg.be,Kliniek De Voorzorg,Neurologie,"epilepsie, in remissie",ziekte van Parkinson,Schirmer-test,A. Radialis,Pantomed 40 mg,Depakine chrono 500 mg,beeld passend bij bursitis,2/d,ODS,shared decision making,,False,patient,patiente,mevrouw,zij,haar,"{'INSZ': 'plain', 'RIZIV': 'plain', 'IBAN': 'plain', 'DATE_ENCOUNTER': 'text_nl', 'DATE_VALIDATION': 'text_abbr', 'DATE_HISTORY': 'yyyy-mm-dd', 'DOB': 'degree', 'TELEFOON': 'intl', 'TELEFOON_MOBILE': 'spaced', 'STREET': 'letter', 'AGE': 'jarige'}"
CASE000728,M,18-34,flemish,Limburg,Vlaanderen,rural,Lode Dubois,dr. Hilde De Clercq,dr. Katrien Van Acker,An Maes,Dochter,29 jaar,man,27-05-2026,29 mei 2026,02-01-2016,º6 november 1996,96.11.06-311.50,7-76199-92-008,BE86 9419 3469 4641,4579970658112450,Bakkerplein 192,3700,Tongeren,+32 (0)2/766.67.52,0493-38 23 01,lode.dubois@telenet.be,https://www.azonzelievevrouw.be,AZ Onze-Lieve-Vrouw,Oftalmologie,open kamerhoek glaucoom,ziekte van Dupuytren,Romberg negatief,lig. Collaterale mediale,Diltiazemzalf 2%,L-thyroxine 50 mcg,as 165 graden,18u,OS,Painful arc beiderzijds +,,False,patient,patient,de heer,hij,zijn,"{'INSZ': 'dotted', 'RIZIV': 'dashed', 'IBAN': 'grouped', 'DATE_ENCOUNTER': 'dd-mm-yyyy', 'DATE_VALIDATION': 'text_nl', 'DATE_HISTORY': 'dd-mm-yyyy', 'DOB': 'masc_ordinal', 'TELEFOON': 'intl_paren', 'TELEFOON_MOBILE': 'dashed', 'STREET': 'plain', 'AGE': 'jaar'}"
CASE000729,F,50-64,flemish,Oost-Vlaanderen,Vlaanderen,rural,Lieve De Clercq,dr. Tine Willems,dr. Filip Willems,Katrien De Clercq,Moeder,61 jaar,vrouw,17 mei 2026,18 mei 2026,23.12.2021,°21/4/1965,65.04.21 812 48,5 55714 96 004,BE64 3658 8788 5252,4533115648356289,Wilgenweg 232 bus 4,9500,Geraardsbergen,+32 (0)11/02.53.04,0497 51 60 93,lieve.declercq@gmail.com,https://www.azrivierenland.be,AZ Rivierenland,Cardiologie,boezemfibrilleren,ziekte van Graves,Goldmann applanatie,m. Infraspinatus,Ventolin aerosol,Metformine viatris 500 mg,beers-teken afwezig,18u,PTO,full range of motion,,False,patient,patiente,mevrouw,zij,haar,"{'INSZ': 'mixed', 'RIZIV': 'spaced', 'IBAN': 'grouped', 'DATE_ENCOUNTER': 'text_abbr', 'DATE_VALIDATION': 'text_abbr', 'DATE_HISTORY': 'dd.mm.yyyy', 'DOB': 'degree', 'TELEFOON': 'intl_paren', 'TELEFOON_MOBILE': 'spaced', 'STREET': 'bus', 'AGE': 'jaar'}"
CASE000730,M,18-34,flemish,Oost-Vlaanderen,Vlaanderen,rural,Koen Verhoeven,dr. Geert Van den Berghe,dr. Marc Claes,Griet Vermeulen,Zus,29,man,26/04/2026,26-04-2026,7/2020,°09/06/1996,96.06.09 891 24,18774547018,BE17 5383 1495 4178,4625367117120345,Wilgensteenweg 69/13,9600,Ronse,012-79 19 44,+32 (0)496/43.80.46,koen.verhoeven@proximus.be,https://www.jessaziekenhuis.be,Jessa Ziekenhuis,Dermatologie,atopisch eczeem,syndroom van Cushing,Romberg negatief,m. Deltoideus,Glucagen hypokit,Ibuprofen 400 mg,lintvormige stoelgang,HR: 68,antec.,SSp testen positief,,False,patient,patient,de heer,hij,zijn,"{'INSZ': 'mixed', 'RIZIV': 'plain', 'IBAN': 'grouped', 'DATE_ENCOUNTER': 'dd/mm/yyyy', 'DATE_VALIDATION': 'dd-mm-yyyy', 'DATE_HISTORY': 'm/yyyy', 'DOB': 'degree', 'TELEFOON': 'dashed', 'TELEFOON_MOBILE': 'intl_paren', 'STREET': 'slash', 'AGE': 'bare'}"
CASE000731,F,65-79,eastern_european,Brussel-Hoofdstad,Brussel,urban,Agnieszka Wisniewski,dr. Wim Goossens,dr. Katarzyna Novak,Ioana Popescu,Dochter,76 jaar,vrouw,14/04/2026,2026-04-15,19/06/2015,º02.03.1950,50.03.02-638.82,7-50333-59-480,BE50818736223891,4310109104600529,Schoolsteenweg 34,1000,Brussel,016 06 76 42,+32 496 89 14 93,agnieszka.wisniewski@telenet.be,https://www.jessaziekenhuis.be,Jessa Ziekenhuis,Fysische Geneeskunde en revalidatie,lumbaal facettair syndroom,syndroom van Raynaud,Barthel-index 90,N. Medianus,Sipralexa 20 mg,Depakine chrono 500 mg,beers-teken afwezig,2cc,i.o.m.,Painful arc beiderzijds +,,False,patient,patient,mevrouw,zij,haar,"{'INSZ': 'dotted', 'RIZIV': 'dashed', 'IBAN': 'plain', 'DATE_ENCOUNTER': 'dd/mm/yyyy', 'DATE_VALIDATION': 'yyyy-mm-dd', 'DATE_HISTORY': 'dd/mm/yyyy', 'DOB': 'masc_ordinal', 'TELEFOON': 'spaced', 'TELEFOON_MOBILE': 'intl', 'STREET': 'plain', 'AGE': 'jaar'}"
CASE000732,M,50-64,flemish,Antwerpen,Vlaanderen,town,Wim Verhoeven,dr. Jan Willems,dr. Bart De Smet,An Van Damme,Grootmoeder,59 jaar,man,20 april 2026,2026-04-22,13-10-2017,°14-10-1966,66.10.14-409.45,4-29731-76-008,BE14 6279 8150 6494,4944748485694454,Marktplein 52 bus 9,2440,Geel,012/16.08.47,0473 71 20 18,wim.verhoeven@telenet.be,https://www.kliniekmariamiddelares.be,Kliniek Maria Middelares,Endocrinologie,hypothyreoidie,syndroom van Cushing,Schirmer-test,M. Subscapularis,Glucagen hypokit,Ibuprofen 400 mg,molaire zwangerschap uitgesloten,25 000 ie,PPI,no evidence of malignancy,,False,patient,patient,de heer,hij,zijn,"{'INSZ': 'dotted', 'RIZIV': 'dashed', 'IBAN': 'grouped', 'DATE_ENCOUNTER': 'text_nl', 'DATE_VALIDATION': 'yyyy-mm-dd', 'DATE_HISTORY': 'dd-mm-yyyy', 'DOB': 'degree', 'TELEFOON': 'slash_dot', 'TELEFOON_MOBILE': 'spaced', 'STREET': 'bus', 'AGE': 'jaar'}"
CASE000733,F,18-34,flemish,West-Vlaanderen,Vlaanderen,town,Katrien Coppens,dr. Wim De Clercq,dr. Nele Jacobs,Sofie Van Acker,Zus,22,vrouw,8 mei 2026,09/05/2026,09/2021,º05-05-2004,04 05 05 344 42,85958133004,BE27 2312 2370 7224,4828918350739848,Hoeveplein 6 bus 19,8900,Ieper,03/468.62.07,0476 72 14 76,katrien.coppens@proximus.be,https://www.uzzeepreventorium.be,UZ Zeepreventorium,Neurologie,migraine met aura,ziekte van Graves,Snellen 1,N. Medianus,Atorstatine 20 mg,Sipralexa 20 mg,beers-teken afwezig,3x/week,i.o.m.,Painful arc beiderzijds +,,False,patient,patiente,mevrouw,zij,haar,"{'INSZ': 'spaced', 'RIZIV': 'plain', 'IBAN': 'grouped', 'DATE_ENCOUNTER': 'text_nl', 'DATE_VALIDATION': 'dd/mm/yyyy', 'DATE_HISTORY': 'mm/yyyy', 'DOB': 'masc_ordinal', 'TELEFOON': 'slash_dot', 'TELEFOON_MOBILE': 'spaced', 'STREET': 'bus', 'AGE': 'bare'}"
CASE000734,M,35-49,flemish,Limburg,Vlaanderen,town,Geert Declercq,dr. Lode Van den Berghe,dr. Rosa Silva,Griet De Smet,Grootmoeder,37-jarige,man,2026-05-05,06/05/2026,21/01/2016,°22-09-1988,88092272739,9-86968-07-008,BE15 6639 7088 9766,4989309222024178,Hoevevest 105/8,3800,Sint-Truiden,03/221.98.84,0476-10 16 06,geert.declercq@gmail.com,https://www.ziekenhuissintvincentius.be,Ziekenhuis Sint-Vincentius,Oftalmologie,droge maculadegeneratie,ziekte van Bechterew,Barthel-index 90,lig. Collaterale mediale,Atorstatine 20 mg,Paracetamol 1 g,as 165 graden,300 ie/ml 1.5 ml,APO,watchful waiting,,False,patient,patient,de heer,hij,zijn,"{'INSZ': 'plain', 'RIZIV': 'dashed', 'IBAN': 'grouped', 'DATE_ENCOUNTER': 'yyyy-mm-dd', 'DATE_VALIDATION': 'dd/mm/yyyy', 'DATE_HISTORY': 'dd/mm/yyyy', 'DOB': 'degree', 'TELEFOON': 'slash_dot', 'TELEFOON_MOBILE': 'dashed', 'STREET': 'slash', 'AGE': 'jarige'}"
CASE000735,F,50-64,maghrebi,Limburg,Vlaanderen,town,Fatima El Amrani,dr. Yasmine Cherkaoui,dr. Tine Willems,Hamza Bennani,Grootvader,56,vrouw,21/05/2026,21/05/2026,27-10-2024,°25-10-1969,69.10.25-194.90,1-54312-15-004,BE78 3700 6208 9589,4553216855502691,Lindepad 102,3600,Genk,031482211,0478/42.96.89,fatima.elamrani@proximus.be,https://www.azdelta.be,AZ Delta,Gastro-enterologie,lichte chronische niet specifieke colitis,ziekte van Dupuytren,teken van Tinel,M. Biceps caput longum,Progor retard 180 mg,Ventolin aerosol,boomstructuur van de bronchi,pH 7.38,antec.,Painful arc beiderzijds +,,False,patient,patiente,mevrouw,zij,haar,"{'INSZ': 'dotted', 'RIZIV': 'dashed', 'IBAN': 'grouped', 'DATE_ENCOUNTER': 'dd/mm/yyyy', 'DATE_VALIDATION': 'dd/mm/yyyy', 'DATE_HISTORY': 'dd-mm-yyyy', 'DOB': 'degree', 'TELEFOON': 'plain', 'TELEFOON_MOBILE': 'slash_dot', 'STREET': 'plain', 'AGE': 'bare'}"
CASE000736,M,18-34,flemish,Oost-Vlaanderen,Vlaanderen,rural,Kris Coppens,dr. Nele Verhoeven,dr. Dirk Peeters,Veerle Willems,Nicht,34 jaar,man,06-05-2026,07-05-2026,21/04/2022,º14/8/1991,91 08 14 179 10,7 92314 79 007,BE94 1134 9557 2997,4810485915905421,Wilgendreef 222,9500,Geraardsbergen,+32 (0)11/50.29.40,0487727829,kris.coppens@proximus.be,https://www.azonzelievevrouw.be,AZ Onze-Lieve-Vrouw,Orthopedie,carpaal tunnelsyndroom,teken van Lasegue,Romberg negatief,V. Saphena magna,Nexiam 20 mg,Ibuprofen 400 mg,beeld passend bij bursitis,BD: 146/68,ESWT,shared decision making,,False,patient,patient,de heer,hij,zijn,"{'INSZ': 'spaced', 'RIZIV': 'spaced', 'IBAN': 'grouped', 'DATE_ENCOUNTER': 'dd-mm-yyyy', 'DATE_VALIDATION': 'dd-mm-yyyy', 'DATE_HISTORY': 'dd/mm/yyyy', 'DOB': 'masc_ordinal', 'TELEFOON': 'intl_paren', 'TELEFOON_MOBILE': 'plain', 'STREET': 'plain', 'AGE': 'jaar'}"
CASE000737,F,80-95,flemish,Oost-Vlaanderen,Vlaanderen,town,Femke Coppens,dr. Onur Arslan,dr. Wim Coppens,Sofie De Clercq,Nicht,88-jarige,vrouw,26-05-2026,2026-05-28,22/2/2025,°30 sep 1937,37 09 30 316 12,83271233480,BE38446018544425,4667856371643611,Eikenbaan 6,9200,Dendermonde,089/28.42.76,0456/58.35.13,femke.coppens@telenet.be,https://www.algemeenziekenhuissintblasius.be,Algemeen Ziekenhuis Sint-Blasius,NKO,chronische rhinosinusitis,ziekte van Crohn,Phalen-test,V. Saphena magna,Progor retard 180 mg,Cose protect,molaire zwangerschap uitgesloten,1 a 2 /d,OD,Painful arc beiderzijds +,,False,patient,patiente,mevrouw,zij,haar,"{'INSZ': 'spaced', 'RIZIV': 'plain', 'IBAN': 'plain', 'DATE_ENCOUNTER': 'dd-mm-yyyy', 'DATE_VALIDATION': 'yyyy-mm-dd', 'DATE_HISTORY': 'd/m/yyyy', 'DOB': 'degree', 'TELEFOON': 'slash_dot', 'TELEFOON_MOBILE': 'slash_dot', 'STREET': 'plain', 'AGE': 'jarige'}"
CASE000738,M,18-34,flemish,Oost-Vlaanderen,Vlaanderen,rural,Bart Declercq,dr. Bart Dubois,dr. Luc Peeters,Sofie Jacobs,Grootmoeder,34 jaar,man,22/04/2026,24-04-2026,02-02-2017,°28 sep 1991,91 09 28 055 12,1-88959-94-004,BE88144918758316,4070927857436423,Molensteenweg 233 bus 1,9400,Ninove,050 23 80 21,0483 88 68 19,bart.declercq@proximus.be,https://www.znamiddelheim.be,ZNA Middelheim,Oftalmologie,droge maculadegeneratie,syndroom van Raynaud,Jaeger transfertest,m. Deltoideus,Paracetamol 1 g,Pantomed 40 mg,beeld passend bij bursitis,8u,antec.,no evidence of malignancy,,False,patient,patient,de heer,hij,zijn,"{'INSZ': 'spaced', 'RIZIV': 'dashed', 'IBAN': 'plain', 'DATE_ENCOUNTER': 'dd/mm/yyyy', 'DATE_VALIDATION': 'dd-mm-yyyy', 'DATE_HISTORY': 'dd-mm-yyyy', 'DOB': 'degree', 'TELEFOON': 'spaced', 'TELEFOON_MOBILE': 'spaced', 'STREET': 'bus', 'AGE': 'jaar'}"
CASE000739,F,50-64,turkish,West-Vlaanderen,Vlaanderen,town,Deniz Kaya,dr. Angelo Ferrari,dr. Wim Goossens,Tolga Yilmaz,Neef,63,vrouw,2/5/2026,4 mei 2026,2023-02-01,°15/1/1963,63011577409,8-68488-50-008,BE17 2549 0805 0449,4494147904475153,Hoevewal 24,8400,Oostende,011/28.44.02,0476538816,deniz.kaya@skynet.be,https://www.azdelta.be,AZ Delta,Orthopedie,carpaal tunnelsyndroom,syndroom van Guillain-Barre,Bristol-schaal type 4,M. Subscapularis,Sipralexa 20 mg,Ibuprofen 400 mg,beeld passend bij bursitis,3x,RYGB,no evidence of malignancy,,False,patient,patiente,mevrouw,zij,haar,"{'INSZ': 'plain', 'RIZIV': 'dashed', 'IBAN': 'grouped', 'DATE_ENCOUNTER': 'd/m/yyyy', 'DATE_VALIDATION': 'text_abbr', 'DATE_HISTORY': 'yyyy-mm-dd', 'DOB': 'degree', 'TELEFOON': 'slash_dot', 'TELEFOON_MOBILE': 'plain', 'STREET': 'plain', 'AGE': 'bare'}"
CASE000740,M,65-79,maghrebi,Brussel-Hoofdstad,Brussel,urban,Yassine Goldmann,dr. Koen Declercq,dr. Stijn Vermeulen,Bilal El Amrani,Zoon,68-jarige,man,19/05/2026,19/05/2026,05/12/2023,°31/03/1958,58 03 31 561 39,2 08521 29 030,BE43024152448947,4322846619997108,Beekvest 112 bus 6,1000,Brussel,+32 9 083 88 14,0491/82.76.34,yassine.goldmann@telenet.be,https://www.jessaziekenhuis.be,Jessa Ziekenhuis,Fysische Geneeskunde en revalidatie,supraspinatuspeestendinose bilateraal,ziekte van Dupuytren,Glasgow Coma Scale 15,A. Radialis,Lambipol 100 mg,Lyumjev kwikpen,geel verkleurde sclerae,18u,PTO,full range of motion,,True,patient,patient,de heer,hij,zijn,"{'INSZ': 'spaced', 'RIZIV': 'spaced', 'IBAN': 'plain', 'DATE_ENCOUNTER': 'dd/mm/yyyy', 'DATE_VALIDATION': 'dd/mm/yyyy', 'DATE_HISTORY': 'dd/mm/yyyy', 'DOB': 'degree', 'TELEFOON': 'intl', 'TELEFOON_MOBILE': 'slash_dot', 'STREET': 'bus', 'AGE': 'jarige'}"
CASE000741,F,65-79,eastern_european,Vlaams-Brabant,Vlaanderen,town,Elena Dimitrov,dr. Josiane Ilunga,dr. Marc Wouters,Krzysztof Ionescu,Grootvader,76 jaar,vrouw,18/05/2026,2026-05-18,16 juni 2018,º17 maa 1950,50 03 17 224 46,6-15499-63-008,BE46 9471 0518 6659,4771573335383795,Visserslaan 109B,1930,Zaventem,010-83 07 73,+32 497 85 48 61,elena.dimitrov@telenet.be,https://www.klinieksintrembert.be,Kliniek Sint-Rembert,Oftalmologie,droge maculadegeneratie,ziekte van Parkinson,Goldmann applanatie,V. Saphena magna,Cose protect,Nexiam 20 mg,beeld passend bij bursitis,HR: 68,ivm,no evidence of malignancy,,False,patient,patiente,mevrouw,zij,haar,"{'INSZ': 'spaced', 'RIZIV': 'dashed', 'IBAN': 'grouped', 'DATE_ENCOUNTER': 'dd/mm/yyyy', 'DATE_VALIDATION': 'yyyy-mm-dd', 'DATE_HISTORY': 'text_nl', 'DOB': 'masc_ordinal', 'TELEFOON': 'dashed', 'TELEFOON_MOBILE': 'intl', 'STREET': 'letter', 'AGE': 'jaar'}"
CASE000742,M,65-79,flemish,Antwerpen,Vlaanderen,rural,Pieter Verhoeven,dr. Pieter Van Acker,dr. Rachid El Fassi,Filip Willems,Grootvader,72 jaar,man,12/05/2026,14-05-2026,28/4/2024,°23-04-1954,54 04 23 119 62,57172590007,BE84165126942794,4071677880302493,Nieuwsteenweg 244 bus 17,2400,Mol,051/73.51.06,0479383388,pieter.verhoeven@skynet.be,https://www.ziekenhuisheilighart.be,Ziekenhuis Heilig Hart,Fysische Geneeskunde en revalidatie,subacromiale bursitis,syndroom van Sjogren,Bristol-schaal type 4,M. Biceps caput longum,Asaflow 80 mg,Diltiazemzalf 2%,boomstructuur van de bronchi,18u,OD,Painful arc beiderzijds +,,False,patient,patient,de heer,hij,zijn,"{'INSZ': 'spaced', 'RIZIV': 'plain', 'IBAN': 'plain', 'DATE_ENCOUNTER': 'dd/mm/yyyy', 'DATE_VALIDATION': 'dd-mm-yyyy', 'DATE_HISTORY': 'd/m/yyyy', 'DOB': 'degree', 'TELEFOON': 'slash_dot', 'TELEFOON_MOBILE': 'plain', 'STREET': 'bus', 'AGE': 'jaar'}"
CASE000743,F,50-64,turkish,Limburg,Vlaanderen,rural,Ayse Sahin,dr. Marc Goossens,dr. Kris Lambert,Kaan Dogan,Vader,51 jaar,vrouw,22/05/2026,22 mei 2026,12-11-2017,°14/06/1974,74.06.14-794.91,38370725004,BE88 6776 2195 1428,4816919486707695,Gaverwal 237A,3700,Tongeren,089/86.39.10,0470355458,ayse.sahin@gmail.com,https://www.aznikolaas.be,AZ Nikolaas,Oftalmologie,cataract incipiens bilateraal,syndroom van Raynaud,Schirmer-test,m. Deltoideus,Cose protect,D-cure 25 000 ie,geel verkleurde sclerae,0.5 mg,i.o.m.,Painful arc beiderzijds +,,False,patient,patient,mevrouw,zij,haar,"{'INSZ': 'dotted', 'RIZIV': 'plain', 'IBAN': 'grouped', 'DATE_ENCOUNTER': 'dd/mm/yyyy', 'DATE_VALIDATION': 'text_nl', 'DATE_HISTORY': 'dd-mm-yyyy', 'DOB': 'degree', 'TELEFOON': 'slash_dot', 'TELEFOON_MOBILE': 'plain', 'STREET': 'letter', 'AGE': 'jaar'}"
CASE000744,M,35-49,flemish,Limburg,Vlaanderen,rural,Wouter Goossens,dr. Rik Janssens,dr. Wouter Verhoeven,Jan Mertens,Broer,45 jaar,man,17/4/2026,19/04/2026,31 mei 2020,°11/03/1981,81 03 11 929 75,97178459018,BE57125233651721,4846053465740966,Marktplein 250,3700,Tongeren,+32 9 638 26 77,0499/74.56.16,wouter.goossens@skynet.be,https://www.uzmariamiddelares.be,UZ Maria Middelares,Fysische Geneeskunde en revalidatie,subacromiale bursitis,syndroom van Raynaud,Bristol-schaal type 4,V. Saphena magna,Depakine chrono 500 mg,Ibuprofen 400 mg,beers-teken afwezig,100 e/ml 3 ml,ESWT,full range of motion,,False,patient,patient,de heer,hij,zijn,"{'INSZ': 'spaced', 'RIZIV': 'plain', 'IBAN': 'plain', 'DATE_ENCOUNTER': 'd/m/yyyy', 'DATE_VALIDATION': 'dd/mm/yyyy', 'DATE_HISTORY': 'text_abbr', 'DOB': 'degree', 'TELEFOON': 'intl', 'TELEFOON_MOBILE': 'slash_dot', 'STREET': 'plain', 'AGE': 'jaar'}"
CASE000745,F,65-79,turkish,Antwerpen,Vlaanderen,town,Elif Dogan,dr. Ayse Ozturk,dr. Luc Maes,Ayse Dogan,Moeder,71,vrouw,24/04/2026,24/04/2026,05-12-2015,°05/08/1954,54080585291,2-64079-52-030,BE95524859437239,4924477174066865,Wilgensteenweg 249,2200,Herentals,+32 15 74 45 45,0479-98 36 61,elif.dogan@gmail.com,https://www.azalma.be,AZ Alma,Nefrologie,chronische nierinsufficientie stadium 3,manoeuvre van Valsalva,Barthel-index 90,m. Deltoideus,Lyumjev kwikpen,Asaflow 80 mg,as 165 graden,3x/week,APO,full range of motion,,False,patient,patiente,mevrouw,zij,haar,"{'INSZ': 'plain', 'RIZIV': 'dashed', 'IBAN': 'plain', 'DATE_ENCOUNTER': 'dd/mm/yyyy', 'DATE_VALIDATION': 'dd/mm/yyyy', 'DATE_HISTORY': 'dd-mm-yyyy', 'DOB': 'degree', 'TELEFOON': 'intl', 'TELEFOON_MOBILE': 'dashed', 'STREET': 'plain', 'AGE': 'bare'}"
CASE000746,M,80-95,flemish,Vlaams-Brabant,Vlaanderen,town,Wim Van Acker,dr. Marco Costa,dr. An Van Acker,Katrien Willems,Grootmoeder,85,man,18/05/2026,19/05/2026,25-05-2023,°8 dec 1940,40.12.08-375.18,5-55424-95-480,BE94034681705782,4200432091828124,Veldberg 88/12,1930,Zaventem,+32 (0)51/43.72.82,+32 (0)489/32.03.92,wim.vanacker@proximus.be,https://www.algemeenziekenhuissintvincentius.be,Algemeen Ziekenhuis Sint-Vincentius,Gastro-enterologie,refluxoesofagitis graad B,syndroom van Guillain-Barre,Barthel-index 90,A. Radialis,Paracetamol 1 g,Depakine chrono 500 mg,as 165 graden,BMI 20.808,tvv,no evidence of malignancy,,False,patient,patient,de heer,hij,zijn,"{'INSZ': 'dotted', 'RIZIV': 'dashed', 'IBAN': 'plain', 'DATE_ENCOUNTER': 'dd/mm/yyyy', 'DATE_VALIDATION': 'dd/mm/yyyy', 'DATE_HISTORY': 'dd-mm-yyyy', 'DOB': 'degree', 'TELEFOON': 'intl_paren', 'TELEFOON_MOBILE': 'intl_paren', 'STREET': 'slash', 'AGE': 'bare'}"
CASE000747,F,18-34,flemish,Limburg,Vlaanderen,urban,Els Claes,dr. Sofia Esposito,dr. Marleen Verhoeven,Dirk Van Acker,Neef,21-jarige,vrouw,2026-04-27,29-04-2026,18 nov 2018,°01-08-2004,04.08.01 298 35,95265282018,BE12 6831 9307 9799,4575022593122725,Stationsstraat 140/16,3500,Hasselt,051 59 34 01,0487/46.22.70,els.claes@proximus.be,https://www.azdevoorzorg.be,AZ De Voorzorg,Endocrinologie,type 2 diabetes mellitus,syndroom van Raynaud,Schirmer-test,N. Medianus,Ozempic 1 mg,Ibuprofen 400 mg,beeld passend bij bursitis,18u,RYGB,full range of motion,,False,patient,patiente,mevrouw,zij,haar,"{'INSZ': 'mixed', 'RIZIV': 'plain', 'IBAN': 'grouped', 'DATE_ENCOUNTER': 'yyyy-mm-dd', 'DATE_VALIDATION': 'dd-mm-yyyy', 'DATE_HISTORY': 'text_abbr', 'DOB': 'degree', 'TELEFOON': 'spaced', 'TELEFOON_MOBILE': 'slash_dot', 'STREET': 'slash', 'AGE': 'jarige'}"
CASE000748,M,50-64,flemish,West-Vlaanderen,Vlaanderen,town,Pieter Van Acker,dr. Sofie Coppens,dr. Veerle Maes,An Van den Berghe,Grootmoeder,55,man,17/05/2026,18/05/2026,13-05-2017,°4/11/1970,70110459358,97666033003,BE97 2296 0459 4865,4492283560229352,Kouterweg 87,8900,Ieper,04 029 19 56,0495 41 95 66,pieter.vanacker@telenet.be,https://www.ziekenhuissintlucas.be,Ziekenhuis Sint-Lucas,Reumatologie,osteoporose,ziekte van Crohn,Bristol-schaal type 4,lig. Collaterale mediale,Nexiam 20 mg,Ventolin aerosol,as 165 graden,12u,ivm,no evidence of malignancy,,False,patient,patient,de heer,hij,zijn,"{'INSZ': 'plain', 'RIZIV': 'plain', 'IBAN': 'grouped', 'DATE_ENCOUNTER': 'dd/mm/yyyy', 'DATE_VALIDATION': 'dd/mm/yyyy', 'DATE_HISTORY': 'dd-mm-yyyy', 'DOB': 'degree', 'TELEFOON': 'spaced', 'TELEFOON_MOBILE': 'spaced', 'STREET': 'plain', 'AGE': 'bare'}"
CASE000749,F,50-64,flemish,West-Vlaanderen,Vlaanderen,town,Els Wouters,dr. Lode Lambert,dr. Pieter Willems,Marc De Backer,Vader,50 jaar,vrouw,08.05.2026,09-05-2026,2023,°01-02-1976,76.02.01-906.92,3-63138-30-480,BE67 6514 6996 3681,4887447321778543,Brouwersdreef 92,8400,Oostende,+32 89 97 88 16,0489/81.05.79,els.wouters@proximus.be,https://www.aznikolaas.be,AZ Nikolaas,Oftalmologie,droge maculadegeneratie,syndroom van Guillain-Barre,Schirmer-test,lig. Collaterale mediale,Paracetamol 1 g,Pantomed 40 mg,beeld passend bij bursitis,2cc,PRP,no evidence of malignancy,,False,patient,patiente,mevrouw,zij,haar,"{'INSZ': 'dotted', 'RIZIV': 'dashed', 'IBAN': 'grouped', 'DATE_ENCOUNTER': 'dd.mm.yyyy', 'DATE_VALIDATION': 'dd-mm-yyyy', 'DATE_HISTORY': 'yyyy', 'DOB': 'degree', 'TELEFOON': 'intl', 'TELEFOON_MOBILE': 'slash_dot', 'STREET': 'plain', 'AGE': 'jaar'}"
CASE000750,M,65-79,flemish,Antwerpen,Vlaanderen,town,Jonas Lambert,dr. Carmela Ferrari,dr. Ana Esposito,Wouter Vermeulen,Vader,76-jarige,man,19-05-2026,20 mei 2026,28/09/2020,º30.09.1949,49 09 30 953 15,77364527018,BE64 4251 3815 7990,4755838833314935,Schoolberg 206,2500,Lier,04 463 16 46,0495518139,jonas.lambert@skynet.be,https://www.znamiddelheim.be,ZNA Middelheim,Neurologie,migraine met aura,ziekte van Graves,Schirmer-test,V. Saphena magna,Ozempic 1 mg,Cose protect,peervormige galblaas,300 ie/ml 1.5 ml,NSAID,watchful waiting,,False,patient,patiente,de heer,hij,zijn,"{'INSZ': 'spaced', 'RIZIV': 'plain', 'IBAN': 'grouped', 'DATE_ENCOUNTER': 'dd-mm-yyyy', 'DATE_VALIDATION': 'text_nl', 'DATE_HISTORY': 'dd/mm/yyyy', 'DOB': 'masc_ordinal', 'TELEFOON': 'spaced', 'TELEFOON_MOBILE': 'plain', 'STREET': 'plain', 'AGE': 'jarige'}"
CASE000751,F,80-95,flemish,Antwerpen,Vlaanderen,urban,Marleen De Clercq,dr. Marco Moreira,dr. Luc Peeters,Bart Vermeulen,Broer,92,vrouw,02-05-2026,02-05-2026,22/07/2020,º07.01.1934,34.01.07 524 84,9-65071-79-030,BE13 2825 9234 0177,4719766162429336,Vijversteenweg 201,2800,Mechelen,03/501.22.91,0476 47 25 58,marleen.declercq@telenet.be,https://www.algemeenziekenhuisdamiaan.be,Algemeen Ziekenhuis Damiaan,Endocrinologie,hypothyreoidie,ziekte van Crohn,Bristol-schaal type 4,M. Biceps caput longum,Injectafer 1000 mg,Paracetamol 1 g,beeld passend bij bursitis,3x/week,tvv,full range of motion,,False,patient,patiente,mevrouw,zij,haar,"{'INSZ': 'mixed', 'RIZIV': 'dashed', 'IBAN': 'grouped', 'DATE_ENCOUNTER': 'dd-mm-yyyy', 'DATE_VALIDATION': 'dd-mm-yyyy', 'DATE_HISTORY': 'dd/mm/yyyy', 'DOB': 'masc_ordinal', 'TELEFOON': 'slash_dot', 'TELEFOON_MOBILE': 'spaced', 'STREET': 'plain', 'AGE': 'bare'}"
CASE000752,M,80-95,flemish,Antwerpen,Vlaanderen,rural,Jonas Van den Berghe,dr. Lode Dubois,dr. Dirk Mertens,Dirk Dubois,Broer,89-jarige,man,11/5/2026,13-05-2026,21.03.2020,°16 sep 1936,36.09.16-031.17,9-80493-80-007,BE72384195700513,4555012199149952,Langelei 55 bus 14,2860,Sint-Katelijne-Waver,056 32 78 60,0489-37 89 79,jonas.vandenberghe@skynet.be,https://www.azrivierenland.be,AZ Rivierenland,Oftalmologie,geen diabetische retinopathie,ziekte van Graves,Goldmann applanatie,N. Medianus,Cose protect,Progor retard 180 mg,boomstructuur van de bronchi,1/d,SSp,shared decision making,,False,patient,patient,de heer,hij,zijn,"{'INSZ': 'dotted', 'RIZIV': 'dashed', 'IBAN': 'plain', 'DATE_ENCOUNTER': 'd/m/yyyy', 'DATE_VALIDATION': 'dd-mm-yyyy', 'DATE_HISTORY': 'dd.mm.yyyy', 'DOB': 'degree', 'TELEFOON': 'spaced', 'TELEFOON_MOBILE': 'dashed', 'STREET': 'bus', 'AGE': 'jarige'}"
CASE000753,F,35-49,maghrebi,Limburg,Vlaanderen,town,Hafida El Habti,dr. Stijn Dubois,dr. Jan Mertens,Adil El Fassi,Broer,44-jarige,vrouw,28/05/2026,30/05/2026,15.10.2020,°10-05-1982,82.05.10-764.14,7 66018 88 030,BE40932103134466,4054417105673928,Zonneweg 35/6,3800,Sint-Truiden,02/848.65.42,0483/90.55.90,hafida.elhabti@skynet.be,https://www.azalma.be,AZ Alma,Nefrologie,chronische nierinsufficientie stadium 3,syndroom van Cushing,Bristol-schaal type 4,A. Radialis,Cose protect,Atorstatine 20 mg,lintvormige stoelgang,1/d,antec.,SSp testen positief,,False,patient,patiente,mevrouw,zij,haar,"{'INSZ': 'dotted', 'RIZIV': 'spaced', 'IBAN': 'plain', 'DATE_ENCOUNTER': 'dd/mm/yyyy', 'DATE_VALIDATION': 'dd/mm/yyyy', 'DATE_HISTORY': 'dd.mm.yyyy', 'DOB': 'degree', 'TELEFOON': 'slash_dot', 'TELEFOON_MOBILE': 'slash_dot', 'STREET': 'slash', 'AGE': 'jarige'}"
CASE000754,M,50-64,maghrebi,Oost-Vlaanderen,Vlaanderen,town,Mehdi El Fassi,dr. Amina Idrissi,dr. Marco Silva,Fatima El Habti,Moeder,52-jarige,man,16/05/2026,18/05/2026,2025-09-29,°1973-12-21,73122113378,5-84596-23-007,BE72188453117338,4464675038095410,Vissersvest 110,9200,Dendermonde,052/06.34.83,+32 (0)497/87.94.17,mehdi.elfassi@proximus.be,https://www.kliniekheilighart.be,Kliniek Heilig Hart,Orthopedie,carpaal tunnelsyndroom,syndroom van Cushing,Jaeger transfertest,M. Biceps caput longum,Lambipol 100 mg,Cose protect,lintvormige stoelgang,3x/week,PRP,shared decision making,,False,patient,patient,de heer,hij,zijn,"{'INSZ': 'plain', 'RIZIV': 'dashed', 'IBAN': 'plain', 'DATE_ENCOUNTER': 'dd/mm/yyyy', 'DATE_VALIDATION': 'dd/mm/yyyy', 'DATE_HISTORY': 'yyyy-mm-dd', 'DOB': 'degree', 'TELEFOON': 'slash_dot', 'TELEFOON_MOBILE': 'intl_paren', 'STREET': 'plain', 'AGE': 'jarige'}"
CASE000755,F,65-79,flemish,Antwerpen,Vlaanderen,urban,Sofie Jaeger,dr. Tom Wouters,dr. An Janssens,Geert Verhoeven,Oom,65-jarige,vrouw,16-04-2026,2026-04-18,06-05-2021,º26.01.1961,61012616057,2-70665-62-018,BE16 9328 0273 9444,4609523814987143,Kouterdries 200/6,2800,Mechelen,052 01 93 25,0486 56 39 78,sofie.jaeger@skynet.be,https://www.algemeenziekenhuisvesalius.be,Algemeen Ziekenhuis Vesalius,Pneumologie,"astma, goed gecontroleerd",syndroom van Cushing,Snellen 1,M. Supraspinatus,Paracetamol 1 g,Ozempic 1 mg,lintvormige stoelgang,100 e/ml 3 ml,tvv,no evidence of malignancy,,True,patient,patiente,mevrouw,zij,haar,"{'INSZ': 'plain', 'RIZIV': 'dashed', 'IBAN': 'grouped', 'DATE_ENCOUNTER': 'dd-mm-yyyy', 'DATE_VALIDATION': 'yyyy-mm-dd', 'DATE_HISTORY': 'dd-mm-yyyy', 'DOB': 'masc_ordinal', 'TELEFOON': 'spaced', 'TELEFOON_MOBILE': 'spaced', 'STREET': 'slash', 'AGE': 'jarige'}"
CASE000756,M,18-34,flemish,Oost-Vlaanderen,Vlaanderen,town,Geert Claes,dr. Luc Van Damme,dr. Sofie Claes,Jonas Van Damme,Broer,19,man,17-04-2026,18 april 2026,22 april 2023,º28 jan 2007,07.01.28-735.63,5 55530 86 018,BE54592604476015,4429836876190754,Marktring 74A,9200,Dendermonde,012589730,0496-62 96 65,geert.claes@telenet.be,https://www.azalma.be,AZ Alma,Cardiologie,boezemfibrilleren,ziekte van Graves,Phalen-test,m. Infraspinatus,Glucagen hypokit,Progor retard 180 mg,molaire zwangerschap uitgesloten,spO2: 94%,ESWT,Painful arc beiderzijds +,,False,patient,patient,de heer,hij,zijn,"{'INSZ': 'dotted', 'RIZIV': 'spaced', 'IBAN': 'plain', 'DATE_ENCOUNTER': 'dd-mm-yyyy', 'DATE_VALIDATION': 'text_nl', 'DATE_HISTORY': 'text_nl', 'DOB': 'masc_ordinal', 'TELEFOON': 'plain', 'TELEFOON_MOBILE': 'dashed', 'STREET': 'letter', 'AGE': 'bare'}"
CASE000757,F,35-49,maghrebi,Oost-Vlaanderen,Vlaanderen,rural,Meryem Bennani,dr. Giuseppe Santos,dr. Luc Van Damme,Yasmine Ouazzani,Grootmoeder,44 jaar,vrouw,29/04/2026,29.04.2026,2016,º07-04-1982,82040790454,5-34785-73-007,BE80 1273 1029 0260,4190232710732570,Marktberg 87 bus 10,9400,Ninove,057 69 05 43,+32 474 51 70 16,meryem.bennani@proximus.be,https://www.azklina.be,AZ Klina,NKO,chronische rhinosinusitis,manoeuvre van Valsalva,Jaeger transfertest,m. Infraspinatus,Toujeo solostar,L-thyroxine 50 mcg,beeld passend bij bursitis,12u,OD,no evidence of malignancy,,False,patient,patiente,mevrouw,zij,haar,"{'INSZ': 'plain', 'RIZIV': 'dashed', 'IBAN': 'grouped', 'DATE_ENCOUNTER': 'dd/mm/yyyy', 'DATE_VALIDATION': 'dd.mm.yyyy', 'DATE_HISTORY': 'yyyy', 'DOB': 'masc_ordinal', 'TELEFOON': 'spaced', 'TELEFOON_MOBILE': 'intl', 'STREET': 'bus', 'AGE': 'jaar'}"
CASE000758,M,65-79,flemish,Vlaams-Brabant,Vlaanderen,rural,Kris Maes,dr. Marc Declercq,dr. Nadia Benali,Nele De Clercq,Grootmoeder,75 jaar,man,17 apr 2026,17/04/2026,25-05-2019,°19 nov 1950,50111921551,4-66804-57-003,BE79 3508 2400 7403,4718629436813142,Vijverlei 186,3200,Aarschot,057-34 13 50,+32 (0)478/88.00.57,kris.maes@proximus.be,https://www.algemeenziekenhuisrivierenland.be,Algemeen Ziekenhuis Rivierenland,Gastro-enterologie,lichte chronische niet specifieke colitis,syndroom van Sjogren,Barthel-index 90,m. Deltoideus,Diltiazemzalf 2%,Ibuprofen 400 mg,beeld passend bij bursitis,25 000 ie,PPI,shared decision making,,False,patient,patiente,de heer,hij,zijn,"{'INSZ': 'plain', 'RIZIV': 'dashed', 'IBAN': 'grouped', 'DATE_ENCOUNTER': 'text_abbr', 'DATE_VALIDATION': 'dd/mm/yyyy', 'DATE_HISTORY': 'dd-mm-yyyy', 'DOB': 'degree', 'TELEFOON': 'dashed', 'TELEFOON_MOBILE': 'intl_paren', 'STREET': 'plain', 'AGE': 'jaar'}"
CASE000759,F,65-79,flemish,Limburg,Vlaanderen,rural,Marleen De Smet,dr. Bart De Clercq,dr. Ilham El Amrani,Els Vermeulen,Grootmoeder,77-jarige,vrouw,27-04-2026,27/4/2026,03/01/2022,º8 februari 1949,49 02 08 770 33,8-61972-67-008,BE61 9889 3526 7636,4542373534972482,Bloemwal 63,3900,Pelt,+32 (0)16/06.34.43,+32 488 13 02 87,marleen.desmet@gmail.com,https://www.jessaziekenhuis.be,Jessa Ziekenhuis,Reumatologie,reumatoide artritis,teken van Lasegue,Barthel-index 90,V. Saphena magna,Ibuprofen 400 mg,Ibuprofen 400 mg,boomstructuur van de bronchi,8u,NSAID,SSp testen positief,,False,patient,patiente,mevrouw,zij,haar,"{'INSZ': 'spaced', 'RIZIV': 'dashed', 'IBAN': 'grouped', 'DATE_ENCOUNTER': 'dd-mm-yyyy', 'DATE_VALIDATION': 'd/m/yyyy', 'DATE_HISTORY': 'dd/mm/yyyy', 'DOB': 'masc_ordinal', 'TELEFOON': 'intl_paren', 'TELEFOON_MOBILE': 'intl', 'STREET': 'plain', 'AGE': 'jarige'}"
CASE000760,M,65-79,flemish,Antwerpen,Vlaanderen,town,Pieter Wouters,dr. Bilal Cherkaoui,dr. Griet Goossens,Veerle Verhoeven,Moeder,68 jaar,man,15/4/2026,17/04/2026,3/2020,º12/03/1958,58 03 12 187 13,9-26901-31-004,BE89 7509 7195 2670,4666943658694912,Schoollaan 18 bus 8,2440,Geel,059/73.84.53,0471 06 16 12,pieter.wouters@gmail.com,https://www.uzsintjozef.be,UZ Sint-Jozef,Nefrologie,chronische nierinsufficientie stadium 3,teken van Lasegue,teken van Tinel,m. Infraspinatus,L-thyroxine 50 mcg,Ibuprofen 400 mg,hamstringletsel links,BD: 146/68,OS,watchful waiting,,False,patient,patient,de heer,hij,zijn,"{'INSZ': 'spaced', 'RIZIV': 'dashed', 'IBAN': 'grouped', 'DATE_ENCOUNTER': 'd/m/yyyy', 'DATE_VALIDATION': 'dd/mm/yyyy', 'DATE_HISTORY': 'm/yyyy', 'DOB': 'masc_ordinal', 'TELEFOON': 'slash_dot', 'TELEFOON_MOBILE': 'spaced', 'STREET': 'bus', 'AGE': 'jaar'}"
CASE000761,F,65-79,flemish,Antwerpen,Vlaanderen,town,Lore Coppens,dr. Kris Maes,dr. Griet Van den Berghe,Leen Goossens,Tante,74,vrouw,2026-05-17,19/5/2026,27/09/2016,°05/10/1951,51.10.05-100.18,45564462008,BE51 1234 0139 6228,4075351383456299,Smidring 89 bus 9,2500,Lier,050/06.54.76,0475546187,lore.coppens@skynet.be,https://www.znamiddelheim.be,ZNA Middelheim,Pneumologie,obstructief slaapapneusyndroom,syndroom van Sjogren,Schirmer-test,N. Medianus,Depakine chrono 500 mg,Ozempic 1 mg,geel verkleurde sclerae,HR: 68,z.n.,blurr-test,,False,patient,patiente,mevrouw,zij,haar,"{'INSZ': 'dotted', 'RIZIV': 'plain', 'IBAN': 'grouped', 'DATE_ENCOUNTER': 'yyyy-mm-dd', 'DATE_VALIDATION': 'd/m/yyyy', 'DATE_HISTORY': 'dd/mm/yyyy', 'DOB': 'degree', 'TELEFOON': 'slash_dot', 'TELEFOON_MOBILE': 'plain', 'STREET': 'bus', 'AGE': 'bare'}"
CASE000762,M,80-95,central_african,Limburg,Vlaanderen,rural,Blaise Tshibangu,dr. Tine Lambert,dr. Amina Ouazzani,Chantal Nkosi,Grootmoeder,86-jarige,man,12.05.2026,12 mei 2026,4/2022,º19.08.1939,39 08 19 757 33,9-13306-46-007,BE50 6464 3230 5362,4873207181169449,Stationswal 85,3630,Maasmechelen,011/83.11.68,+32 496 33 33 99,blaise.tshibangu@telenet.be,https://www.algemeenziekenhuisrivierenland.be,Algemeen Ziekenhuis Rivierenland,Pneumologie,"astma, goed gecontroleerd",ziekte van Hashimoto,Glasgow Coma Scale 15,M. Subscapularis,Sipralexa 20 mg,Trianal suppo,lintvormige stoelgang,BMI 20.808,SSp,no evidence of malignancy,,False,patient,patient,de heer,hij,zijn,"{'INSZ': 'spaced', 'RIZIV': 'dashed', 'IBAN': 'grouped', 'DATE_ENCOUNTER': 'dd.mm.yyyy', 'DATE_VALIDATION': 'text_abbr', 'DATE_HISTORY': 'm/yyyy', 'DOB': 'masc_ordinal', 'TELEFOON': 'slash_dot', 'TELEFOON_MOBILE': 'intl', 'STREET': 'plain', 'AGE': 'jarige'}"
CASE000763,F,50-64,maghrebi,Antwerpen,Vlaanderen,rural,Hafida Idrissi,dr. Filip Wouters,dr. Jonas Van Acker,Yassine Benali,Zoon,50,vrouw,28 april 2026,29 april 2026,20.11.2023,º17/12/1975,75 12 17 146 33,5-65450-60-008,BE33 3222 4473 7987,4246012854997260,Marktsteenweg 86,2860,Sint-Katelijne-Waver,059 10 35 74,0472 71 72 14,hafida.idrissi@skynet.be,https://www.ziekenhuissintjozef.be,Ziekenhuis Sint-Jozef,Gastro-enterologie,coeliakie,ziekte van Crohn,Bristol-schaal type 4,N. Medianus,Atorstatine 20 mg,Ventolin aerosol,geel verkleurde sclerae,1/d,z.n.,full range of motion,,False,patient,patiente,mevrouw,zij,haar,"{'INSZ': 'spaced', 'RIZIV': 'dashed', 'IBAN': 'grouped', 'DATE_ENCOUNTER': 'text_nl', 'DATE_VALIDATION': 'text_nl', 'DATE_HISTORY': 'dd.mm.yyyy', 'DOB': 'masc_ordinal', 'TELEFOON': 'spaced', 'TELEFOON_MOBILE': 'spaced', 'STREET': 'plain', 'AGE': 'bare'}"
CASE000764,M,65-79,southern_european,Oost-Vlaanderen,Vlaanderen,rural,Rafael Fernandez,dr. Wouter Wouters,dr. Samira Ouazzani,Rosa Romano,Grootmoeder,69 jaar,man,22/04/2026,24-04-2026,15-08-2022,º09/04/1957,57.04.09-497.70,5-17757-29-004,BE42 7882 8851 4474,4870571629847541,Weverlei 145/17,9600,Ronse,054/27.23.52,0496 26 48 11,rafael.fernandez@gmail.com,https://www.algemeenziekenhuiszeepreventorium.be,Algemeen Ziekenhuis Zeepreventorium,Neurologie,migraine met aura,ziekte van Von Willebrand,Snellen 1,A. Radialis,Metformine viatris 500 mg,Depakine chrono 500 mg,geel verkleurde sclerae,22u,antec.,no evidence of malignancy,,False,patient,patient,de heer,hij,zijn,"{'INSZ': 'dotted', 'RIZIV': 'dashed', 'IBAN': 'grouped', 'DATE_ENCOUNTER': 'dd/mm/yyyy', 'DATE_VALIDATION': 'dd-mm-yyyy', 'DATE_HISTORY': 'dd-mm-yyyy', 'DOB': 'masc_ordinal', 'TELEFOON': 'slash_dot', 'TELEFOON_MOBILE': 'spaced', 'STREET': 'slash', 'AGE': 'jaar'}"
CASE000765,F,50-64,turkish,Limburg,Vlaanderen,rural,Deniz Demir,dr. Veerle De Backer,dr. Lucia Fernandez,Kaan Kaya,Zoon,62,vrouw,19 april 2026,2026-04-20,27-02-2017,°26 jul 1963,63.07.26 078 29,74157884007,BE65412857545625,4074612046545658,Dorpbaan 204,3900,Pelt,+32 16 68 37 80,0487/10.59.09,deniz.demir@gmail.com,https://www.uzgroeninge.be,UZ Groeninge,Pneumologie,obstructief slaapapneusyndroom,ziekte van Bechterew,Goldmann applanatie,A. Radialis,Lambipol 100 mg,Sipralexa 20 mg,boomstructuur van de bronchi,T 37.2,z.n.,watchful waiting,,False,patient,patiente,mevrouw,zij,haar,"{'INSZ': 'mixed', 'RIZIV': 'plain', 'IBAN': 'plain', 'DATE_ENCOUNTER': 'text_nl', 'DATE_VALIDATION': 'yyyy-mm-dd', 'DATE_HISTORY': 'dd-mm-yyyy', 'DOB': 'degree', 'TELEFOON': 'intl', 'TELEFOON_MOBILE': 'slash_dot', 'STREET': 'plain', 'AGE': 'bare'}"
CASE000766,M,18-34,turkish,Antwerpen,Vlaanderen,town,Kaan Celik,dr. Andrzej Kowalski,dr. Jan De Smet,Kaan Dogan,Oom,22,man,23/5/2026,23/05/2026,31/03/2023,°23/03/2004,04.03.23-459.52,97400371007,BE50 5443 4483 3939,4392823696493827,Meerswal 4,2440,Geel,051 57 40 85,0497609037,kaan.celik@gmail.com,https://www.azalma.be,AZ Alma,Gastro-enterologie,ulcus anastomoticum,teken van Lasegue,Goldmann applanatie,m. Infraspinatus,L-thyroxine 50 mcg,Diltiazemzalf 2%,beeld passend bij bursitis,T 37.2,RYGB,watchful waiting,,False,patient,patient,de heer,hij,zijn,"{'INSZ': 'dotted', 'RIZIV': 'plain', 'IBAN': 'grouped', 'DATE_ENCOUNTER': 'd/m/yyyy', 'DATE_VALIDATION': 'dd/mm/yyyy', 'DATE_HISTORY': 'dd/mm/yyyy', 'DOB': 'degree', 'TELEFOON': 'spaced', 'TELEFOON_MOBILE': 'plain', 'STREET': 'plain', 'AGE': 'bare'}"
CASE000767,F,80-95,central_african,West-Vlaanderen,Vlaanderen,town,Chantal Lumumba,dr. Jonas Van Damme,dr. Nabil El Habti,Esther Tshibangu,Tante,86,vrouw,22-05-2026,24 mei 2026,05-08-2024,°9 nov 1939,39.11.09-296.39,79359361006,BE42875717043160,4747830194410882,Veldplein 121,8800,Roeselare,03-010 89 81,+32 488 20 29 18,chantal.lumumba@skynet.be,https://www.azheilighart.be,AZ Heilig Hart,Gynaecologie,myomateuze uterus,syndroom van Raynaud,Schirmer-test,m. Deltoideus,Lyumjev kwikpen,Ozempic 1 mg,boomstructuur van de bronchi,100 e/ml 3 ml,OD,blurr-test,,False,patient,patiente,mevrouw,zij,haar,"{'INSZ': 'dotted', 'RIZIV': 'plain', 'IBAN': 'plain', 'DATE_ENCOUNTER': 'dd-mm-yyyy', 'DATE_VALIDATION': 'text_abbr', 'DATE_HISTORY': 'dd-mm-yyyy', 'DOB': 'degree', 'TELEFOON': 'dashed', 'TELEFOON_MOBILE': 'intl', 'STREET': 'plain', 'AGE': 'bare'}"
CASE000768,M,65-79,central_african,Limburg,Vlaanderen,town,Didier Kalala,dr. Wim Verhoeven,dr. Youssef El Amrani,Blaise Kabongo,Zoon,66-jarige,man,28-05-2026,29/5/2026,01/09/2018,°01-10-1959,59.10.01 721 73,9-49488-45-006,BE43 9891 7506 6219,4620429758101417,Hogestraat 79,3800,Sint-Truiden,044187768,0472886054,didier.kalala@telenet.be,https://www.jessaziekenhuis.be,Jessa Ziekenhuis,Gastro-enterologie,refluxoesofagitis graad B,syndroom van Cushing,Snellen 1,V. Saphena magna,Lyumjev kwikpen,Progor retard 180 mg,peervormige galblaas,12u,PRP,full range of motion,,False,patient,patient,de heer,hij,zijn,"{'INSZ': 'mixed', 'RIZIV': 'dashed', 'IBAN': 'grouped', 'DATE_ENCOUNTER': 'dd-mm-yyyy', 'DATE_VALIDATION': 'd/m/yyyy', 'DATE_HISTORY': 'dd/mm/yyyy', 'DOB': 'degree', 'TELEFOON': 'plain', 'TELEFOON_MOBILE': 'plain', 'STREET': 'plain', 'AGE': 'jarige'}"
CASE000769,F,18-34,flemish,Antwerpen,Vlaanderen,urban,Veerle Verhoeven,dr. Jonas Van Acker,dr. Rafael Silva,Inge Janssens,Moeder,31-jarige,vrouw,9 mei 2026,11-05-2026,3 aug 2018,°21/12/1994,94.12.21-090.77,5 97785 26 003,BE14287395021813,4700233582350627,Groenelaan 145,2018,Antwerpen,03 844 13 33,0493-06 22 87,veerle.verhoeven@gmail.com,https://www.ziekenhuisvesalius.be,Ziekenhuis Vesalius,Orthopedie,carpaal tunnelsyndroom,syndroom van Raynaud,Bristol-schaal type 4,m. Infraspinatus,Progor retard 180 mg,Injectafer 1000 mg,beeld passend bij bursitis,300 ie/ml 1.5 ml,co,blurr-test,,False,patient,patiente,mevrouw,zij,haar,"{'INSZ': 'dotted', 'RIZIV': 'spaced', 'IBAN': 'plain', 'DATE_ENCOUNTER': 'text_nl', 'DATE_VALIDATION': 'dd-mm-yyyy', 'DATE_HISTORY': 'text_abbr', 'DOB': 'degree', 'TELEFOON': 'spaced', 'TELEFOON_MOBILE': 'dashed', 'STREET': 'plain', 'AGE': 'jarige'}"
CASE000770,M,80-95,flemish,Antwerpen,Vlaanderen,urban,Jonas Wouters,dr. Griet Declercq,dr. Rachid Bouzid,Jonas Declercq,Oom,81 jaar,man,18-04-2026,19-04-2026,20 aug 2017,°05.12.1944,44120527994,9-56318-05-003,BE66 9887 7444 3195,4655685022080533,Molenvest 42/7,2000,Antwerpen,+32 2 994 91 94,0487 25 30 27,jonas.wouters@proximus.be,https://www.azklina.be,AZ Klina,Endocrinologie,hypothyreoidie,ziekte van Dupuytren,Romberg negatief,M. Subscapularis,Pantomed 40 mg,Trianal suppo,molaire zwangerschap uitgesloten,1/w,APO,shared decision making,,False,patient,patient,de heer,hij,zijn,"{'INSZ': 'plain', 'RIZIV': 'dashed', 'IBAN': 'grouped', 'DATE_ENCOUNTER': 'dd-mm-yyyy', 'DATE_VALIDATION': 'dd-mm-yyyy', 'DATE_HISTORY': 'text_abbr', 'DOB': 'degree', 'TELEFOON': 'intl', 'TELEFOON_MOBILE': 'spaced', 'STREET': 'slash', 'AGE': 'jaar'}"
CASE000771,F,65-79,flemish,Oost-Vlaanderen,Vlaanderen,town,Sofie Van Acker,dr. Griet Declercq,dr. Stijn Janssens,Rik Goossens,Grootvader,69-jarige,vrouw,27/05/2026,27 mei 2026,2020-10-23,°07/05/1957,57 05 07 704 27,7 83699 61 030,BE91 0671 3563 0701,4000259375818352,Langestraat 113A,9300,Aalst,03-397 53 17,+32 474 69 48 12,sofie.vanacker@telenet.be,https://www.aznikolaas.be,AZ Nikolaas,Pneumologie,obstructief longlijden GOLD II,ziekte van Hashimoto,Snellen 1,M. Subscapularis,Lyumjev kwikpen,Diltiazemzalf 2%,lintvormige stoelgang,pH 7.38,ODS,Painful arc beiderzijds +,,False,patient,patiente,mevrouw,zij,haar,"{'INSZ': 'spaced', 'RIZIV': 'spaced', 'IBAN': 'grouped', 'DATE_ENCOUNTER': 'dd/mm/yyyy', 'DATE_VALIDATION': 'text_nl', 'DATE_HISTORY': 'yyyy-mm-dd', 'DOB': 'degree', 'TELEFOON': 'dashed', 'TELEFOON_MOBILE': 'intl', 'STREET': 'letter', 'AGE': 'jarige'}"
CASE000772,M,50-64,flemish,Oost-Vlaanderen,Vlaanderen,urban,Rik Mertens,dr. Giulia Costa,dr. Tomasz Novak,Jonas Coppens,Vader,57-jarige,man,24 april 2026,2026-04-26,15/01/2020,°16 juli 1968,68.07.16-239.79,84393463008,BE08 3172 9211 6802,4988268744337313,Gaverdries 96,9000,Gent,+32 4 157 04 53,0477 01 37 28,rik.mertens@proximus.be,https://www.kliniekdamiaan.be,Kliniek Damiaan,Urologie,epididymitis links,ziekte van Hashimoto,Snellen 1,M. Subscapularis,Trianal suppo,Asaflow 80 mg,boomstructuur van de bronchi,1/d,PRP,no evidence of malignancy,,False,patient,patient,de heer,hij,zijn,"{'INSZ': 'dotted', 'RIZIV': 'plain', 'IBAN': 'grouped', 'DATE_ENCOUNTER': 'text_nl', 'DATE_VALIDATION': 'yyyy-mm-dd', 'DATE_HISTORY': 'dd/mm/yyyy', 'DOB': 'degree', 'TELEFOON': 'intl', 'TELEFOON_MOBILE': 'spaced', 'STREET': 'plain', 'AGE': 'jarige'}"
CASE000773,F,65-79,flemish,Vlaams-Brabant,Vlaanderen,town,Griet Peeters,dr. Femke De Backer,dr. Emre Arslan,Hilde De Smet,Dochter,65-jarige,vrouw,25-05-2026,26/05/2026,17-06-2023,°28-04-1961,61 04 28 650 13,6-02022-57-018,BE71 3903 8025 4758,4863872032383226,Dorpring 76,1800,Vilvoorde,04 880 73 27,0485 28 44 43,griet.peeters@gmail.com,https://www.ziekenhuiszeepreventorium.be,Ziekenhuis Zeepreventorium,Oftalmologie,cataract incipiens bilateraal,ziekte van Von Willebrand,Schirmer-test,m. Deltoideus,L-thyroxine 50 mcg,Lyumjev kwikpen,lintvormige stoelgang,T 37.2,OD,Painful arc beiderzijds +,,False,patient,patiente,mevrouw,zij,haar,"{'INSZ': 'spaced', 'RIZIV': 'dashed', 'IBAN': 'grouped', 'DATE_ENCOUNTER': 'dd-mm-yyyy', 'DATE_VALIDATION': 'dd/mm/yyyy', 'DATE_HISTORY': 'dd-mm-yyyy', 'DOB': 'degree', 'TELEFOON': 'spaced', 'TELEFOON_MOBILE': 'spaced', 'STREET': 'plain', 'AGE': 'jarige'}"
CASE000774,M,35-49,flemish,Vlaams-Brabant,Vlaanderen,rural,Filip Janssens,dr. Dirk Peeters,dr. Marleen De Backer,Luc Wouters,Zoon,43-jarige,man,16 apr 2026,2026-04-18,11/2019,°08/03/1983,83.03.08-793.52,9-77228-47-008,BE80639535802993,4555634814157712,Molenpad 144 bus 16,3200,Aarschot,051 06 21 46,0476 44 33 56,filip.janssens@telenet.be,https://www.klinieksintrembert.be,Kliniek Sint-Rembert,Oftalmologie,cataract incipiens bilateraal,syndroom van Cushing,Romberg negatief,m. Deltoideus,Cose protect,Lyumjev kwikpen,peervormige galblaas,BMI 20.808,APO,no evidence of malignancy,,False,patient,patient,de heer,hij,zijn,"{'INSZ': 'dotted', 'RIZIV': 'dashed', 'IBAN': 'plain', 'DATE_ENCOUNTER': 'text_abbr', 'DATE_VALIDATION': 'yyyy-mm-dd', 'DATE_HISTORY': 'm/yyyy', 'DOB': 'degree', 'TELEFOON': 'spaced', 'TELEFOON_MOBILE': 'spaced', 'STREET': 'bus', 'AGE': 'jarige'}"
CASE000775,F,50-64,flemish,Antwerpen,Vlaanderen,urban,Marleen Peeters,dr. Pieter Wouters,dr. Marleen Lambert,Wim Lambert,Grootvader,52-jarige,vrouw,27/04/2026,28-04-2026,4/1/2016,°5 dec 1973,73.12.05-852.33,8-23125-17-007,BE57 3153 1706 8850,4449366735216083,Bergwal 119B,2000,Antwerpen,010 42 86 32,+32 471 22 51 45,marleen.peeters@skynet.be,https://www.azklina.be,AZ Klina,Gastro-enterologie,lichte chronische niet specifieke colitis,syndroom van Raynaud,Snellen 1,M. Subscapularis,Ventolin aerosol,Cose protect,lintvormige stoelgang,22u,RYGB,no evidence of malignancy,,False,patient,patiente,mevrouw,zij,haar,"{'INSZ': 'dotted', 'RIZIV': 'dashed', 'IBAN': 'grouped', 'DATE_ENCOUNTER': 'dd/mm/yyyy', 'DATE_VALIDATION': 'dd-mm-yyyy', 'DATE_HISTORY': 'd/m/yyyy', 'DOB': 'degree', 'TELEFOON': 'spaced', 'TELEFOON_MOBILE': 'intl', 'STREET': 'letter', 'AGE': 'jarige'}"
CASE000776,M,65-79,flemish,West-Vlaanderen,Vlaanderen,town,Stijn Van Acker,dr. Ioana Marinescu,dr. Leila Ouazzani,Wouter De Smet,Neef,74-jarige,man,02-05-2026,02/05/2026,19/06/2016,°7/8/1951,51.08.07-659.64,2-65664-19-030,BE42 5271 4115 0278,4769791627624395,Nieuwsteenweg 107,8400,Oostende,056/59.41.44,0497 22 03 98,stijn.vanacker@gmail.com,https://www.azdevoorzorg.be,AZ De Voorzorg,Fysische Geneeskunde en revalidatie,supraspinatuspeestendinose bilateraal,ziekte van Hashimoto,Snellen 1,A. Radialis,L-thyroxine 50 mcg,Atorstatine 20 mg,beeld passend bij bursitis,25 000 ie,co,blurr-test,,False,patient,patient,de heer,hij,zijn,"{'INSZ': 'dotted', 'RIZIV': 'dashed', 'IBAN': 'grouped', 'DATE_ENCOUNTER': 'dd-mm-yyyy', 'DATE_VALIDATION': 'dd/mm/yyyy', 'DATE_HISTORY': 'dd/mm/yyyy', 'DOB': 'degree', 'TELEFOON': 'slash_dot', 'TELEFOON_MOBILE': 'spaced', 'STREET': 'plain', 'AGE': 'jarige'}"
CASE000777,F,18-34,flemish,Antwerpen,Vlaanderen,urban,Inge Goossens,dr. Youssef El Fassi,dr. Miroslav Wisniewski,Rik Van Damme,Grootvader,20 jaar,vrouw,14-05-2026,15/5/2026,10-07-2017,°24 september 2005,05 09 24 866 66,8-18874-97-480,BE86 3273 2890 5412,4677639663527363,Vijverhof 176/8,2800,Mechelen,03/616.62.90,0491/16.72.50,inge.goossens@telenet.be,https://www.azonzelievevrouw.be,AZ Onze-Lieve-Vrouw,Cardiologie,boezemfibrilleren,ziekte van Von Willebrand,Romberg negatief,N. Medianus,Progor retard 180 mg,Asaflow 80 mg,hamstringletsel links,1/d,z.n.,SSp testen positief,,False,patient,patiente,mevrouw,zij,haar,"{'INSZ': 'spaced', 'RIZIV': 'dashed', 'IBAN': 'grouped', 'DATE_ENCOUNTER': 'dd-mm-yyyy', 'DATE_VALIDATION': 'd/m/yyyy', 'DATE_HISTORY': 'dd-mm-yyyy', 'DOB': 'degree', 'TELEFOON': 'slash_dot', 'TELEFOON_MOBILE': 'slash_dot', 'STREET': 'slash', 'AGE': 'jaar'}"
CASE000778,M,18-34,flemish,Oost-Vlaanderen,Vlaanderen,rural,Marc De Clercq,dr. Wim Peeters,dr. Grace Kalala,Nele Jacobs,Nicht,34-jarige,man,17 mei 2026,18-05-2026,3/2021,°23/09/1991,91.09.23 909 84,2-79406-51-003,BE22 9755 2066 3232,4923840991269171,Dorpweg 88,9500,Geraardsbergen,053/86.66.26,0488/06.38.27,marc.declercq@gmail.com,https://www.kliniekheilighart.be,Kliniek Heilig Hart,Orthopedie,carpaal tunnelsyndroom,ziekte van Dupuytren,Schirmer-test,V. Saphena magna,Progor retard 180 mg,Pantomed 40 mg,lintvormige stoelgang,BD: 146/68,NSAID,full range of motion,,False,patient,patient,de heer,hij,zijn,"{'INSZ': 'mixed', 'RIZIV': 'dashed', 'IBAN': 'grouped', 'DATE_ENCOUNTER': 'text_nl', 'DATE_VALIDATION': 'dd-mm-yyyy', 'DATE_HISTORY': 'm/yyyy', 'DOB': 'degree', 'TELEFOON': 'slash_dot', 'TELEFOON_MOBILE': 'slash_dot', 'STREET': 'plain', 'AGE': 'jarige'}"
CASE000779,F,35-49,eastern_european,West-Vlaanderen,Vlaanderen,town,Agnieszka Dimitrov,dr. Marc Van Acker,dr. Nele Dubois,Miroslav Zielinski,Grootvader,43,vrouw,28-04-2026,28-04-2026,2020-02-27,°11/05/1983,83.05.11 440 38,5 29694 23 003,BE75 2555 0810 7313,4562120254094111,Kortelaan 15,8800,Roeselare,03 642 38 22,0483231803,agnieszka.dimitrov@skynet.be,https://www.azdamiaan.be,AZ Damiaan,Oftalmologie,droge maculadegeneratie,manoeuvre van Valsalva,Phalen-test,N. Medianus,Metformine viatris 500 mg,Progor retard 180 mg,peervormige galblaas,HR: 68,OS,Painful arc beiderzijds +,,False,patient,patiente,mevrouw,zij,haar,"{'INSZ': 'mixed', 'RIZIV': 'spaced', 'IBAN': 'grouped', 'DATE_ENCOUNTER': 'dd-mm-yyyy', 'DATE_VALIDATION': 'dd-mm-yyyy', 'DATE_HISTORY': 'yyyy-mm-dd', 'DOB': 'degree', 'TELEFOON': 'spaced', 'TELEFOON_MOBILE': 'plain', 'STREET': 'plain', 'AGE': 'bare'}"
CASE000780,M,35-49,maghrebi,Antwerpen,Vlaanderen,rural,Anas Bennani,dr. Tomasz Novak,dr. Inge Van Damme,Yassine Cherkaoui,Neef,41 jaar,man,10 mei 2026,12-05-2026,10.08.2023,°25/08/1984,84.08.25-307.84,3-47812-30-006,BE07 5519 4710 3498,4906887858039123,Vissersring 149,2860,Sint-Katelijne-Waver,019 71 04 49,0473841328,anas.bennani@gmail.com,https://www.klinieksintvincentius.be,Kliniek Sint-Vincentius,Gastro-enterologie,diverticulose sigmoid,ziekte van Dupuytren,Romberg negatief,M. Biceps caput longum,Ozempic 1 mg,Lambipol 100 mg,beers-teken afwezig,pH 7.38,nle,SSp testen positief,,False,patient,patient,de heer,hij,zijn,"{'INSZ': 'dotted', 'RIZIV': 'dashed', 'IBAN': 'grouped', 'DATE_ENCOUNTER': 'text_abbr', 'DATE_VALIDATION': 'dd-mm-yyyy', 'DATE_HISTORY': 'dd.mm.yyyy', 'DOB': 'degree', 'TELEFOON': 'spaced', 'TELEFOON_MOBILE': 'plain', 'STREET': 'plain', 'AGE': 'jaar'}"
CASE000781,F,65-79,central_african,Antwerpen,Vlaanderen,urban,Mireille Bope,dr. Tom Coppens,dr. Selin Sahin,Grace Mbala,Grootmoeder,76,vrouw,23 mei 2026,24 mei 2026,05/2018,°24 dec 1949,49 12 24 930 45,9 12393 86 030,BE54754749584253,4114746757325140,Vijverlei 64,2800,Mechelen,059-65 86 23,0478 71 62 67,mireille.bope@telenet.be,https://www.uzsintjozef.be,UZ Sint-Jozef,Oftalmologie,droge maculadegeneratie,ziekte van Graves,Phalen-test,m. Infraspinatus,Pantomed 40 mg,Lambipol 100 mg,geel verkleurde sclerae,8u,ODS,blurr-test,,False,patient,patiente,mevrouw,zij,haar,"{'INSZ': 'spaced', 'RIZIV': 'spaced', 'IBAN': 'plain', 'DATE_ENCOUNTER': 'text_abbr', 'DATE_VALIDATION': 'text_nl', 'DATE_HISTORY': 'mm/yyyy', 'DOB': 'degree', 'TELEFOON': 'dashed', 'TELEFOON_MOBILE': 'spaced', 'STREET': 'plain', 'AGE': 'bare'}"
CASE000782,M,65-79,flemish,Vlaams-Brabant,Vlaanderen,rural,Lode Van den Berghe,dr. Elena Kowalski,dr. Marc Janssens,Marleen Jacobs,Tante,72-jarige,man,19 mei 2026,20 mei 2026,23 juni 2023,º29 maa 1954,54.03.29-857.10,61421388018,BE07125682385485,4503860729430620,Lindeplein 197/1,3200,Aarschot,059 92 29 83,0474 18 09 97,lode.vandenberghe@gmail.com,https://www.kliniekgroeninge.be,Kliniek Groeninge,Reumatologie,reumatoide artritis,syndroom van Sjogren,Schirmer-test,N. Medianus,Glucagen hypokit,Lyumjev kwikpen,molaire zwangerschap uitgesloten,3x/week,tvv,watchful waiting,,False,patient,patient,de heer,hij,zijn,"{'INSZ': 'dotted', 'RIZIV': 'plain', 'IBAN': 'plain', 'DATE_ENCOUNTER': 'text_nl', 'DATE_VALIDATION': 'text_abbr', 'DATE_HISTORY': 'text_nl', 'DOB': 'masc_ordinal', 'TELEFOON': 'spaced', 'TELEFOON_MOBILE': 'spaced', 'STREET': 'slash', 'AGE': 'jarige'}"
CASE000783,F,18-34,flemish,Oost-Vlaanderen,Vlaanderen,urban,Leen Janssens,dr. Ismail El Fassi,dr. Femke Vermeulen,Geert Jacobs,Zoon,28 jaar,vrouw,25-04-2026,25-04-2026,2021-03-10,°20.11.1997,97.11.20-326.24,9-22429-41-006,BE02 1369 3577 2772,4524796554508558,Langelaan 170/18,9000,Gent,016411292,0495 66 08 01,leen.janssens@proximus.be,https://www.ziekenhuiszeepreventorium.be,Ziekenhuis Zeepreventorium,Fysische Geneeskunde en revalidatie,supraspinatuspeestendinose bilateraal,teken van Lasegue,Glasgow Coma Scale 15,N. Medianus,Trianal suppo,Ventolin aerosol,beeld passend bij bursitis,2cc,PRP,SSp testen positief,,False,patient,patiente,mevrouw,zij,haar,"{'INSZ': 'dotted', 'RIZIV': 'dashed', 'IBAN': 'grouped', 'DATE_ENCOUNTER': 'dd-mm-yyyy', 'DATE_VALIDATION': 'dd-mm-yyyy', 'DATE_HISTORY': 'yyyy-mm-dd', 'DOB': 'degree', 'TELEFOON': 'plain', 'TELEFOON_MOBILE': 'spaced', 'STREET': 'slash', 'AGE': 'jaar'}"
CASE000784,M,65-79,flemish,Oost-Vlaanderen,Vlaanderen,town,Jonas De Backer,dr. Ana Rossi,dr. Geert Coppens,Inge Van Acker,Moeder,72 jaar,man,25 mei 2026,26-05-2026,25/03/2018,º12/09/1953,53.09.12-633.86,1-19373-34-006,BE26003928881035,4132533258884041,Gaverdries 256 bus 15,9700,Oudenaarde,097705297,0484 29 69 39,jonas.debacker@telenet.be,https://www.azgroeninge.be,AZ Groeninge,Pneumologie,"astma, goed gecontroleerd",ziekte van Bechterew,Jaeger transfertest,lig. Collaterale mediale,Metformine viatris 500 mg,Toujeo solostar,peervormige galblaas,3x/week,PPI,watchful waiting,,False,patient,patient,de heer,hij,zijn,"{'INSZ': 'dotted', 'RIZIV': 'dashed', 'IBAN': 'plain', 'DATE_ENCOUNTER': 'text_nl', 'DATE_VALIDATION': 'dd-mm-yyyy', 'DATE_HISTORY': 'dd/mm/yyyy', 'DOB': 'masc_ordinal', 'TELEFOON': 'plain', 'TELEFOON_MOBILE': 'spaced', 'STREET': 'bus', 'AGE': 'jaar'}"
CASE000785,F,18-34,flemish,Limburg,Vlaanderen,rural,Inge Barthel,dr. Mehmet Demir,dr. Jan Van Damme,Lode Coppens,Oom,28-jarige,vrouw,14 mei 2026,2026-05-14,14/11/2018,°16/01/1998,98.01.16-650.62,9-26934-95-030,BE46 4896 7097 6847,4286866775646988,Bergpark 89,3630,Maasmechelen,09 856 34 36,0483 46 04 10,inge.barthel@skynet.be,https://www.ziekenhuissintvincentius.be,Ziekenhuis Sint-Vincentius,Orthopedie,gonartrose bilateraal,ziekte van Bechterew,Goldmann applanatie,M. Supraspinatus,Lyumjev kwikpen,Atorstatine 20 mg,hamstringletsel links,300 ie/ml 1.5 ml,ESWT,full range of motion,,True,patient,patiente,mevrouw,zij,haar,"{'INSZ': 'dotted', 'RIZIV': 'dashed', 'IBAN': 'grouped', 'DATE_ENCOUNTER': 'text_abbr', 'DATE_VALIDATION': 'yyyy-mm-dd', 'DATE_HISTORY': 'dd/mm/yyyy', 'DOB': 'degree', 'TELEFOON': 'spaced', 'TELEFOON_MOBILE': 'spaced', 'STREET': 'plain', 'AGE': 'jarige'}"
CASE000786,M,35-49,southern_european,Oost-Vlaanderen,Vlaanderen,town,Marco Fernandez,dr. Andrzej Ionescu,dr. Els Declercq,Salvatore Moreira,Oom,36-jarige,man,11.05.2026,12 mei 2026,20-08-2020,°14-08-1989,89.08.14-313.28,82332808030,BE97 1730 0208 9029,4406186946056925,Abdijstraat 90 bus 8,9700,Oudenaarde,056 73 23 72,0491919121,marco.fernandez@gmail.com,https://www.uzsintvincentius.be,UZ Sint-Vincentius,Urologie,epididymitis links,syndroom van Raynaud,teken van Tinel,M. Biceps caput longum,Progor retard 180 mg,Depakine chrono 500 mg,molaire zwangerschap uitgesloten,BMI 20.808,co,blurr-test,,False,patient,patient,de heer,hij,zijn,"{'INSZ': 'dotted', 'RIZIV': 'plain', 'IBAN': 'grouped', 'DATE_ENCOUNTER': 'dd.mm.yyyy', 'DATE_VALIDATION': 'text_nl', 'DATE_HISTORY': 'dd-mm-yyyy', 'DOB': 'degree', 'TELEFOON': 'spaced', 'TELEFOON_MOBILE': 'plain', 'STREET': 'bus', 'AGE': 'jarige'}"
CASE000787,F,80-95,maghrebi,Antwerpen,Vlaanderen,town,Samira Alaoui,dr. Serkan Ozturk,dr. Bart Dubois,Amina Bennani,Zus,93-jarige,vrouw,11-05-2026,12/05/2026,03-12-2020,°3/5/1933,33.05.03-060.93,4-11761-04-006,BE10 1171 0807 2468,4669377724242785,Zonneweg 214,2500,Lier,051 76 60 53,+32 476 78 90 61,samira.alaoui@proximus.be,https://www.imeldaziekenhuis.be,Imeldaziekenhuis,Cardiologie,boezemfibrilleren,ziekte van Dupuytren,Humphrey - perimetrie,M. Subscapularis,Diltiazemzalf 2%,Paracetamol 1 g,lintvormige stoelgang,FEV1/FVC 73.17,ivm,shared decision making,,False,patient,patiente,mevrouw,zij,haar,"{'INSZ': 'dotted', 'RIZIV': 'dashed', 'IBAN': 'grouped', 'DATE_ENCOUNTER': 'dd-mm-yyyy', 'DATE_VALIDATION': 'dd/mm/yyyy', 'DATE_HISTORY': 'dd-mm-yyyy', 'DOB': 'degree', 'TELEFOON': 'spaced', 'TELEFOON_MOBILE': 'intl', 'STREET': 'plain', 'AGE': 'jarige'}"
CASE000788,M,65-79,turkish,Antwerpen,Vlaanderen,town,Cem Kaya,dr. Femke Van Acker,dr. Katrien Coppens,Deniz Aydin,Moeder,67-jarige,man,17 mei 2026,18-05-2026,08/12/2021,º29/09/1958,58.09.29-011.12,4-08593-68-003,BE67 4662 5747 3235,4786477016962021,Meerskaai 74 bus 17,2300,Turnhout,09 569 38 65,0475 03 43 33,cem.kaya@skynet.be,https://www.azdamiaan.be,AZ Damiaan,Gastro-enterologie,coeliakie,syndroom van Sjogren,Phalen-test,M. Subscapularis,Injectafer 1000 mg,Asaflow 80 mg,as 165 graden,spO2: 94%,PTO,watchful waiting,,False,patient,patient,de heer,hij,zijn,"{'INSZ': 'dotted', 'RIZIV': 'dashed', 'IBAN': 'grouped', 'DATE_ENCOUNTER': 'text_abbr', 'DATE_VALIDATION': 'dd-mm-yyyy', 'DATE_HISTORY': 'dd/mm/yyyy', 'DOB': 'masc_ordinal', 'TELEFOON': 'spaced', 'TELEFOON_MOBILE': 'spaced', 'STREET': 'bus', 'AGE': 'jarige'}"
CASE000789,F,18-34,flemish,West-Vlaanderen,Vlaanderen,town,Lieve Dubois,dr. Filip Declercq,dr. Piotr Ionescu,Koen Goossens,Grootvader,33-jarige,vrouw,2026-05-06,8/5/2026,19 september 2021,°18-12-1992,92 12 18 880 14,15035889018,BE68046599281353,4116866028928148,Nieuwpad 162B,8300,Knokke-Heist,04 924 39 81,0489 80 65 31,lieve.dubois@gmail.com,https://www.azalma.be,AZ Alma,Dermatologie,atopisch eczeem,ziekte van Graves,Phalen-test,m. Infraspinatus,Injectafer 1000 mg,Diltiazemzalf 2%,geel verkleurde sclerae,spO2: 94%,ODS,watchful waiting,,False,patient,patiente,mevrouw,zij,haar,"{'INSZ': 'spaced', 'RIZIV': 'plain', 'IBAN': 'plain', 'DATE_ENCOUNTER': 'yyyy-mm-dd', 'DATE_VALIDATION': 'd/m/yyyy', 'DATE_HISTORY': 'text_nl', 'DOB': 'degree', 'TELEFOON': 'spaced', 'TELEFOON_MOBILE': 'spaced', 'STREET': 'letter', 'AGE': 'jarige'}"
CASE000790,M,65-79,central_african,Limburg,Vlaanderen,rural,Joseph Nkosi,dr. Elena Ionescu,dr. Femke De Smet,Didier Ilunga,Broer,71-jarige,man,29/04/2026,1 mei 2026,26-05-2017,°11-05-1955,55051144527,8-67400-71-004,BE76 8422 8144 8195,4480279727301997,Abdijwal 205,3700,Tongeren,+32 55 60 17 82,+32 492 48 12 36,joseph.nkosi@gmail.com,https://www.ziekenhuisnikolaas.be,Ziekenhuis Nikolaas,Reumatologie,osteoporose,manoeuvre van Valsalva,Barthel-index 90,m. Deltoideus,Sipralexa 20 mg,Progor retard 180 mg,peervormige galblaas,3x/week,nle,SSp testen positief,,False,patient,patient,de heer,hij,zijn,"{'INSZ': 'plain', 'RIZIV': 'dashed', 'IBAN': 'grouped', 'DATE_ENCOUNTER': 'dd/mm/yyyy', 'DATE_VALIDATION': 'text_abbr', 'DATE_HISTORY': 'dd-mm-yyyy', 'DOB': 'degree', 'TELEFOON': 'intl', 'TELEFOON_MOBILE': 'intl', 'STREET': 'plain', 'AGE': 'jarige'}"
CASE000791,F,65-79,flemish,Oost-Vlaanderen,Vlaanderen,town,Marleen De Backer,dr. Hilde Goossens,dr. Yassine Rahmani,Griet De Smet,Dochter,70 jaar,vrouw,29/04/2026,01/05/2026,2021,°26 juni 1955,55062688616,1-68815-62-018,BE24 4665 7629 4191,4659647181753405,Hoevepark 68,9300,Aalst,+32 54 39 16 94,0488/26.98.73,marleen.debacker@gmail.com,https://www.klinieksintrembert.be,Kliniek Sint-Rembert,Neurologie,perifere polyneuropathie,ziekte van Crohn,Bristol-schaal type 4,lig. Collaterale mediale,Ibuprofen 400 mg,Progor retard 180 mg,geel verkleurde sclerae,1/w,nle,SSp testen positief,,False,patient,patiente,mevrouw,zij,haar,"{'INSZ': 'plain', 'RIZIV': 'dashed', 'IBAN': 'grouped', 'DATE_ENCOUNTER': 'dd/mm/yyyy', 'DATE_VALIDATION': 'dd/mm/yyyy', 'DATE_HISTORY': 'yyyy', 'DOB': 'degree', 'TELEFOON': 'intl', 'TELEFOON_MOBILE': 'slash_dot', 'STREET': 'plain', 'AGE': 'jaar'}"
CASE000792,M,18-34,central_african,West-Vlaanderen,Vlaanderen,urban,Patrick Mbala,dr. Ann Vermeulen,dr. Lore Willems,Joseph Nkosi,Oom,27,man,17/05/2026,18/05/2026,26-06-2015,°06.05.1999,99.05.06-205.80,1-68294-01-030,BE27 5703 5734 6566,4945416460715004,Veldlei 100,8500,Kortrijk,+32 9 156 91 47,+32 (0)470/09.20.79,patrick.mbala@gmail.com,https://www.azturnhout.be,AZ Turnhout,Fysische Geneeskunde en revalidatie,bekkenbodemhypertonie,ziekte van Hashimoto,Bristol-schaal type 4,A. Radialis,Progor retard 180 mg,Toujeo solostar,beers-teken afwezig,HR: 68,APO,Painful arc beiderzijds +,,False,patient,patiente,de heer,hij,zijn,"{'INSZ': 'dotted', 'RIZIV': 'dashed', 'IBAN': 'grouped', 'DATE_ENCOUNTER': 'dd/mm/yyyy', 'DATE_VALIDATION': 'dd/mm/yyyy', 'DATE_HISTORY': 'dd-mm-yyyy', 'DOB': 'degree', 'TELEFOON': 'intl', 'TELEFOON_MOBILE': 'intl_paren', 'STREET': 'plain', 'AGE': 'bare'}"
CASE000793,F,35-49,maghrebi,West-Vlaanderen,Vlaanderen,town,Meryem Bouzid,dr. Wim Mertens,dr. Marco Garcia,Mehdi Alaoui,Zoon,42-jarige,vrouw,2026-04-17,18-04-2026,26 apr 2022,°21 sep 1983,83.09.21 654 37,1-58938-45-004,BE51 7237 3463 0871,4658365998016657,Kerkkaai 147,8400,Oostende,096870817,0474/15.10.55,meryem.bouzid@telenet.be,https://www.ziekenhuissintblasius.be,Ziekenhuis Sint-Blasius,Nefrologie,chronische nierinsufficientie stadium 3,syndroom van Sjogren,Phalen-test,A. Radialis,Toujeo solostar,Toujeo solostar,peervormige galblaas,2/d,z.n.,full range of motion,,False,patient,patiente,mevrouw,zij,haar,"{'INSZ': 'mixed', 'RIZIV': 'dashed', 'IBAN': 'grouped', 'DATE_ENCOUNTER': 'yyyy-mm-dd', 'DATE_VALIDATION': 'dd-mm-yyyy', 'DATE_HISTORY': 'text_abbr', 'DOB': 'degree', 'TELEFOON': 'plain', 'TELEFOON_MOBILE': 'slash_dot', 'STREET': 'plain', 'AGE': 'jarige'}"
CASE000794,M,65-79,flemish,West-Vlaanderen,Vlaanderen,urban,Jan Van den Berghe,dr. Josiane Mwamba,dr. Katrien Wouters,Lieve Wouters,Nicht,67-jarige,man,9 mei 2026,09-05-2026,02/07/2017,°4 jun 1959,59.06.04-213.75,4 25846 81 008,BE75 8773 9790 7551,4808726705119382,Kortedries 189,8000,Brugge,+32 15 95 01 97,0472 05 97 24,jan.vandenberghe@skynet.be,https://www.ziekenhuiszeepreventorium.be,Ziekenhuis Zeepreventorium,Reumatologie,reumatoide artritis,ziekte van Hashimoto,Snellen 1,M. Biceps caput longum,Metformine viatris 500 mg,Ozempic 1 mg,beers-teken afwezig,1/w,antec.,watchful waiting,,False,patient,patient,de heer,hij,zijn,"{'INSZ': 'dotted', 'RIZIV': 'spaced', 'IBAN': 'grouped', 'DATE_ENCOUNTER': 'text_abbr', 'DATE_VALIDATION': 'dd-mm-yyyy', 'DATE_HISTORY': 'dd/mm/yyyy', 'DOB': 'degree', 'TELEFOON': 'intl', 'TELEFOON_MOBILE': 'spaced', 'STREET': 'plain', 'AGE': 'jarige'}"
CASE000795,F,65-79,southern_european,Vlaams-Brabant,Vlaanderen,urban,Maria Rossi,dr. Els Lambert,dr. Dirk Maes,Miguel Santos,Oom,74 jaar,vrouw,27 april 2026,27 apr 2026,10/9/2023,°13/08/1951,51.08.13-344.05,86290606003,BE67 2735 8715 0787,4648618382559143,Vijverdreef 28,3000,Leuven,+32 (0)50/44.06.61,0491 80 22 88,maria.rossi@skynet.be,https://www.uzdevoorzorg.be,UZ De Voorzorg,Reumatologie,osteoporose,ziekte van Parkinson,Humphrey - perimetrie,m. Infraspinatus,Injectafer 1000 mg,Toujeo solostar,hamstringletsel links,spO2: 94%,antec.,watchful waiting,,False,patient,patiente,mevrouw,zij,haar,"{'INSZ': 'dotted', 'RIZIV': 'plain', 'IBAN': 'grouped', 'DATE_ENCOUNTER': 'text_nl', 'DATE_VALIDATION': 'text_abbr', 'DATE_HISTORY': 'd/m/yyyy', 'DOB': 'degree', 'TELEFOON': 'intl_paren', 'TELEFOON_MOBILE': 'spaced', 'STREET': 'plain', 'AGE': 'jaar'}"
CASE000796,M,35-49,flemish,Vlaams-Brabant,Vlaanderen,town,Koen De Clercq,dr. Krzysztof Nowak,dr. Rik De Smet,Wim Wouters,Broer,43-jarige,man,25 mei 2026,2026-05-27,01/11/2021,°12/09/1982,82.09.12-373.82,6-96337-26-018,BE66204356457857,4716727022410265,Kasteelpark 14,1500,Halle,089-98 11 72,0493 29 61 06,koen.declercq@skynet.be,https://www.uzheilighart.be,UZ Heilig Hart,Fysische Geneeskunde en revalidatie,supraspinatuspeestendinose bilateraal,ziekte van Crohn,Snellen 1,V. Saphena magna,Lambipol 100 mg,Asaflow 80 mg,beers-teken afwezig,12u,NSAID,Painful arc beiderzijds +,,False,patient,patient,de heer,hij,zijn,"{'INSZ': 'dotted', 'RIZIV': 'dashed', 'IBAN': 'plain', 'DATE_ENCOUNTER': 'text_nl', 'DATE_VALIDATION': 'yyyy-mm-dd', 'DATE_HISTORY': 'dd/mm/yyyy', 'DOB': 'degree', 'TELEFOON': 'dashed', 'TELEFOON_MOBILE': 'spaced', 'STREET': 'plain', 'AGE': 'jarige'}"
CASE000797,F,80-95,flemish,Antwerpen,Vlaanderen,urban,Leen Wouters,dr. Chantal Kabongo,dr. Bilal El Amrani,Luc Goossens,Broer,82,vrouw,29/4/2026,29-04-2026,31/05/2019,°23/02/1944,44.02.23-184.64,6 54834 13 480,BE87 5107 9959 9238,4991385413174481,Oudekaai 21,2018,Antwerpen,+32 56 96 42 77,0492 59 67 47,leen.wouters@proximus.be,https://www.kliniekrivierenland.be,Kliniek Rivierenland,NKO,chronische rhinosinusitis,ziekte van Dupuytren,Humphrey - perimetrie,N. Medianus,Metformine viatris 500 mg,Metformine viatris 500 mg,peervormige galblaas,BMI 20.808,PTO,blurr-test,,False,patient,patiente,mevrouw,zij,haar,"{'INSZ': 'dotted', 'RIZIV': 'spaced', 'IBAN': 'grouped', 'DATE_ENCOUNTER': 'd/m/yyyy', 'DATE_VALIDATION': 'dd-mm-yyyy', 'DATE_HISTORY': 'dd/mm/yyyy', 'DOB': 'degree', 'TELEFOON': 'intl', 'TELEFOON_MOBILE': 'spaced', 'STREET': 'plain', 'AGE': 'bare'}"
CASE000798,M,0-17,maghrebi,Oost-Vlaanderen,Vlaanderen,town,Hamza Benali,dr. Dirk De Clercq,dr. Rik De Clercq,Bilal Benali,Zoon,11 jaar,man,20-04-2026,22 apr 2026,9 december 2016,°2014-07-01,14.07.01-295.47,8 06972 68 030,BE74011587943232,4219897446931683,Hoeveweg 174 bus 4,9100,Sint-Niklaas,059/35.32.47,+32 (0)499/91.14.01,hamza.benali@telenet.be,https://www.algemeenziekenhuisheilighart.be,Algemeen Ziekenhuis Heilig Hart,Algemene Heelkunde,ziekte van Von Willebrand,ziekte van Dupuytren,teken van Tinel,m. Infraspinatus,Sipralexa 20 mg,Nexiam 20 mg,geel verkleurde sclerae,T 37.2,RYGB,full range of motion,,False,patient,patiente,de heer,hij,zijn,"{'INSZ': 'dotted', 'RIZIV': 'spaced', 'IBAN': 'plain', 'DATE_ENCOUNTER': 'dd-mm-yyyy', 'DATE_VALIDATION': 'text_abbr', 'DATE_HISTORY': 'text_nl', 'DOB': 'degree', 'TELEFOON': 'slash_dot', 'TELEFOON_MOBILE': 'intl_paren', 'STREET': 'bus', 'AGE': 'jaar'}"
CASE000799,F,35-49,flemish,West-Vlaanderen,Vlaanderen,town,Hilde Willems,dr. Geert Vermeulen,dr. Dirk Van Damme,Hilde Willems,Grootmoeder,39-jarige,vrouw,18-05-2026,19-05-2026,16/3/2016,°05/08/1986,86080561431,3-28599-37-003,BE25 7833 2783 4967,4246935516978833,Zonnepark 102,8300,Knokke-Heist,03 595 13 33,0496/52.95.76,hilde.willems@gmail.com,https://www.klinieksintvincentius.be,Kliniek Sint-Vincentius,Algemene Heelkunde,ziekte van Von Willebrand,ziekte van Dupuytren,Romberg negatief,lig. Collaterale mediale,Toujeo solostar,Atorstatine 20 mg,hamstringletsel links,18u,nle,shared decision making,,False,patient,patiente,mevrouw,zij,haar,"{'INSZ': 'plain', 'RIZIV': 'dashed', 'IBAN': 'grouped', 'DATE_ENCOUNTER': 'dd-mm-yyyy', 'DATE_VALIDATION': 'dd-mm-yyyy', 'DATE_HISTORY': 'd/m/yyyy', 'DOB': 'degree', 'TELEFOON': 'spaced', 'TELEFOON_MOBILE': 'slash_dot', 'STREET': 'plain', 'AGE': 'jarige'}"
CASE000800,M,50-64,flemish,Antwerpen,Vlaanderen,urban,Geert Vermeulen,dr. Inge Lambert,dr. Adil El Habti,Stijn Van Damme,Broer,60 jaar,man,20/04/2026,21 april 2026,5/2022,°17/10/1965,65.10.17-001.51,5-38118-38-030,BE90 6510 9144 2786,4572386160186196,Vijverweg 175/14,2018,Antwerpen,+32 59 72 13 98,+32 497 02 21 04,geert.vermeulen@telenet.be,https://www.ziekenhuiszeepreventorium.be,Ziekenhuis Zeepreventorium,Reumatologie,osteoporose,syndroom van Sjogren,Phalen-test,m. Deltoideus,Atorstatine 20 mg,Depakine chrono 500 mg,molaire zwangerschap uitgesloten,0.5 mg,PRP,shared decision making,,False,patient,patient,de heer,hij,zijn,"{'INSZ': 'dotted', 'RIZIV': 'dashed', 'IBAN': 'grouped', 'DATE_ENCOUNTER': 'dd/mm/yyyy', 'DATE_VALIDATION': 'text_nl', 'DATE_HISTORY': 'm/yyyy', 'DOB': 'degree', 'TELEFOON': 'intl', 'TELEFOON_MOBILE': 'intl', 'STREET': 'slash', 'AGE': 'jaar'}"
CASE000801,F,65-79,flemish,Vlaams-Brabant,Vlaanderen,town,Hilde Van Damme,dr. Tom Jacobs,dr. Femke De Smet,Bart Willems,Broer,66-jarige,vrouw,08/05/2026,09.05.2026,2021-03-31,º07/01/1960,60.01.07-980.77,3 41342 01 030,BE91907988850613,4796056233094798,Kerkplein 115C,1500,Halle,015 89 13 05,0474 58 10 78,hilde.vandamme@gmail.com,https://www.uzrivierenland.be,UZ Rivierenland,Gynaecologie,endometriose,ziekte van Bechterew,Glasgow Coma Scale 15,V. Saphena magna,Ozempic 1 mg,Metformine viatris 500 mg,boomstructuur van de bronchi,22u,antec.,shared decision making,,False,patient,patiente,mevrouw,zij,haar,"{'INSZ': 'dotted', 'RIZIV': 'spaced', 'IBAN': 'plain', 'DATE_ENCOUNTER': 'dd/mm/yyyy', 'DATE_VALIDATION': 'dd.mm.yyyy', 'DATE_HISTORY': 'yyyy-mm-dd', 'DOB': 'masc_ordinal', 'TELEFOON': 'spaced', 'TELEFOON_MOBILE': 'spaced', 'STREET': 'letter', 'AGE': 'jarige'}"
CASE000802,M,35-49,flemish,Vlaams-Brabant,Vlaanderen,rural,Geert Van Damme,dr. Jan Janssens,dr. Stijn De Clercq,Nele Mertens,Nicht,43 jaar,man,10-05-2026,2026-05-12,30/10/2023,°25/12/1982,82.12.25-931.28,2-31851-76-004,BE12 3160 7941 6619,4751435355462228,Kerkstraat 56,3200,Aarschot,09 566 37 07,0478988830,geert.vandamme@proximus.be,https://www.azsintvincentius.be,AZ Sint-Vincentius,Oftalmologie,cataract incipiens bilateraal,syndroom van Guillain-Barre,Phalen-test,A. Radialis,Atorstatine 20 mg,Atorstatine 20 mg,lintvormige stoelgang,BD: 146/68,RYGB,no evidence of malignancy,,False,patient,patient,de heer,hij,zijn,"{'INSZ': 'dotted', 'RIZIV': 'dashed', 'IBAN': 'grouped', 'DATE_ENCOUNTER': 'dd-mm-yyyy', 'DATE_VALIDATION': 'yyyy-mm-dd', 'DATE_HISTORY': 'dd/mm/yyyy', 'DOB': 'degree', 'TELEFOON': 'spaced', 'TELEFOON_MOBILE': 'plain', 'STREET': 'plain', 'AGE': 'jaar'}"
CASE000803,F,80-95,flemish,Antwerpen,Vlaanderen,rural,Inge Lambert,dr. Filip Van Acker,dr. Grace Mbala,Nele Dubois,Grootmoeder,84-jarige,vrouw,28/05/2026,30/05/2026,20/01/2023,°12/8/1941,41.08.12-612.42,4 29145 80 030,BE17771995974914,4209434220824199,Kouterdries 185 bus 15,2860,Sint-Katelijne-Waver,02 401 50 76,0496 34 21 02,inge.lambert@proximus.be,https://www.ziekenhuissintblasius.be,Ziekenhuis Sint-Blasius,Reumatologie,reumatoide artritis,syndroom van Guillain-Barre,Romberg negatief,V. Saphena magna,Injectafer 1000 mg,Lambipol 100 mg,hamstringletsel links,3x/week,PTO,full range of motion,,False,patient,patiente,mevrouw,zij,haar,"{'INSZ': 'dotted', 'RIZIV': 'spaced', 'IBAN': 'plain', 'DATE_ENCOUNTER': 'dd/mm/yyyy', 'DATE_VALIDATION': 'dd/mm/yyyy', 'DATE_HISTORY': 'dd/mm/yyyy', 'DOB': 'degree', 'TELEFOON': 'spaced', 'TELEFOON_MOBILE': 'spaced', 'STREET': 'bus', 'AGE': 'jarige'}"
CASE000804,M,0-17,flemish,Antwerpen,Vlaanderen,urban,Kris Maes,dr. Marleen Coppens,dr. Sofie Lambert,Veerle De Backer,Zus,14-jarige,man,13/05/2026,14/05/2026,10/03/2022,°22/09/2011,11.09.22 349 90,2-25748-68-018,BE30 1128 2987 8184,4757901550880633,Zonnebaan 216,2000,Antwerpen,011/64.14.42,+32 (0)499/88.06.72,kris.maes@proximus.be,https://www.algemeenziekenhuisgroeninge.be,Algemeen Ziekenhuis Groeninge,Pneumologie,obstructief slaapapneusyndroom,teken van Lasegue,Schirmer-test,N. Medianus,Metformine viatris 500 mg,Progor retard 180 mg,beeld passend bij bursitis,FEV1/FVC 73.17,OS,watchful waiting,,False,patient,patient,de heer,hij,zijn,"{'INSZ': 'mixed', 'RIZIV': 'dashed', 'IBAN': 'grouped', 'DATE_ENCOUNTER': 'dd/mm/yyyy', 'DATE_VALIDATION': 'dd/mm/yyyy', 'DATE_HISTORY': 'dd/mm/yyyy', 'DOB': 'degree', 'TELEFOON': 'slash_dot', 'TELEFOON_MOBILE': 'intl_paren', 'STREET': 'plain', 'AGE': 'jarige'}"
CASE000805,F,18-34,flemish,Vlaams-Brabant,Vlaanderen,town,Marleen Verhoeven,dr. Elena Costa,dr. Els Lambert,Leen Wouters,Grootmoeder,30,vrouw,27/05/2026,27/05/2026,20/09/2020,°01-10-1995,95.10.01-128.64,3-89334-24-006,BE89 3718 9897 8391,4349166055773908,Dorpbaan 104,1500,Halle,058 04 60 65,0479 81 74 27,marleen.verhoeven@proximus.be,https://www.ziekenhuisvesalius.be,Ziekenhuis Vesalius,Pneumologie,obstructief slaapapneusyndroom,ziekte van Graves,teken van Tinel,m. Deltoideus,Lambipol 100 mg,Depakine chrono 500 mg,peervormige galblaas,18u,APO,Painful arc beiderzijds +,,False,patient,patiente,mevrouw,zij,haar,"{'INSZ': 'dotted', 'RIZIV': 'dashed', 'IBAN': 'grouped', 'DATE_ENCOUNTER': 'dd/mm/yyyy', 'DATE_VALIDATION': 'dd/mm/yyyy', 'DATE_HISTORY': 'dd/mm/yyyy', 'DOB': 'degree', 'TELEFOON': 'spaced', 'TELEFOON_MOBILE': 'spaced', 'STREET': 'plain', 'AGE': 'bare'}"
CASE000806,M,50-64,flemish,Antwerpen,Vlaanderen,town,Luc De Backer,dr. Kris De Backer,dr. Jan Janssens,Lode De Backer,Neef,62-jarige,man,22-05-2026,24/05/2026,02.02.2018,°21-06-1963,63.06.21 711 24,5-36535-69-030,BE41 4764 8989 0698,4384395372580151,Vijverkaai 101,2300,Turnhout,011-14 05 43,0477/35.48.79,luc.debacker@skynet.be,https://www.kliniekzeepreventorium.be,Kliniek Zeepreventorium,Orthopedie,carpaal tunnelsyndroom,ziekte van Hashimoto,teken van Tinel,V. Saphena magna,Nexiam 20 mg,Cose protect,as 165 graden,1 a 2 /d,RYGB,Painful arc beiderzijds +,,False,patient,patient,de heer,hij,zijn,"{'INSZ': 'mixed', 'RIZIV': 'dashed', 'IBAN': 'grouped', 'DATE_ENCOUNTER': 'dd-mm-yyyy', 'DATE_VALIDATION': 'dd/mm/yyyy', 'DATE_HISTORY': 'dd.mm.yyyy', 'DOB': 'degree', 'TELEFOON': 'dashed', 'TELEFOON_MOBILE': 'slash_dot', 'STREET': 'plain', 'AGE': 'jarige'}"
CASE000807,F,65-79,flemish,Oost-Vlaanderen,Vlaanderen,town,Lieve De Backer,dr. Agnieszka Nowak,dr. Veerle Lambert,Inge Jacobs,Moeder,65-jarige,vrouw,23/5/2026,25 mei 2026,7/10/2015,°17/04/1961,61.04.17-892.04,1-96139-92-008,BE73 4215 9063 2118,4642527531779104,Weverweg 152C,9700,Oudenaarde,011-26 49 13,+32 (0)495/75.61.33,lieve.debacker@proximus.be,https://www.kliniekzeepreventorium.be,Kliniek Zeepreventorium,Gynaecologie,myomateuze uterus,ziekte van Dupuytren,Goldmann applanatie,lig. Collaterale mediale,Toujeo solostar,Progor retard 180 mg,as 165 graden,spO2: 94%,antec.,blurr-test,,False,patient,patiente,mevrouw,zij,haar,"{'INSZ': 'dotted', 'RIZIV': 'dashed', 'IBAN': 'grouped', 'DATE_ENCOUNTER': 'd/m/yyyy', 'DATE_VALIDATION': 'text_nl', 'DATE_HISTORY': 'd/m/yyyy', 'DOB': 'degree', 'TELEFOON': 'dashed', 'TELEFOON_MOBILE': 'intl_paren', 'STREET': 'letter', 'AGE': 'jarige'}"
CASE000808,M,50-64,flemish,Oost-Vlaanderen,Vlaanderen,town,Luc Peeters,dr. Mehmet Kaya,dr. Luc Mertens,An Van den Berghe,Tante,54-jarige,man,20 mei 2026,21-05-2026,29 april 2018,º05/01/1972,72.01.05-303.96,4-12821-11-004,BE27142151139894,4989912638279417,Vijverring 147,9300,Aalst,050 04 78 91,0488145508,luc.peeters@proximus.be,https://www.kliniekdevoorzorg.be,Kliniek De Voorzorg,Endocrinologie,type 2 diabetes mellitus,ziekte van Graves,Bristol-schaal type 4,N. Medianus,Asaflow 80 mg,Cose protect,lintvormige stoelgang,18u,APO,blurr-test,,False,patient,patient,de heer,hij,zijn,"{'INSZ': 'dotted', 'RIZIV': 'dashed', 'IBAN': 'plain', 'DATE_ENCOUNTER': 'text_abbr', 'DATE_VALIDATION': 'dd-mm-yyyy', 'DATE_HISTORY': 'text_nl', 'DOB': 'masc_ordinal', 'TELEFOON': 'spaced', 'TELEFOON_MOBILE': 'plain', 'STREET': 'plain', 'AGE': 'jarige'}"
CASE000809,F,50-64,flemish,Oost-Vlaanderen,Vlaanderen,town,Ann Willems,dr. Rosa Fernandez,dr. Leen Wouters,Nele Claes,Dochter,58-jarige,vrouw,4 mei 2026,05-05-2026,26-05-2020,º19-02-1968,68.02.19-582.96,2-27121-53-007,BE44 0906 1778 0711,4139522549457033,Kerksteenweg 191,9100,Sint-Niklaas,012/23.68.86,0489 84 70 22,ann.willems@telenet.be,https://www.kliniekrivierenland.be,Kliniek Rivierenland,Pneumologie,"astma, goed gecontroleerd",syndroom van Guillain-Barre,Phalen-test,V. Saphena magna,Paracetamol 1 g,Glucagen hypokit,beeld passend bij bursitis,1/w,APO,shared decision making,,False,patient,patiente,mevrouw,zij,haar,"{'INSZ': 'dotted', 'RIZIV': 'dashed', 'IBAN': 'grouped', 'DATE_ENCOUNTER': 'text_nl', 'DATE_VALIDATION': 'dd-mm-yyyy', 'DATE_HISTORY': 'dd-mm-yyyy', 'DOB': 'masc_ordinal', 'TELEFOON': 'slash_dot', 'TELEFOON_MOBILE': 'spaced', 'STREET': 'plain', 'AGE': 'jarige'}"
CASE000810,M,50-64,flemish,Oost-Vlaanderen,Vlaanderen,town,Dirk Wouters,dr. Pieter Lambert,dr. Veerle Wouters,Dirk De Clercq,Zoon,63,man,17-04-2026,17 apr 2026,9/2025,º15-05-1963,63.05.15 715 96,3-74964-38-480,BE83 4054 1099 0034,4222945319651642,Hoevering 47,9100,Sint-Niklaas,012 72 86 42,0476/55.06.14,dirk.wouters@proximus.be,https://www.azdelta.be,AZ Delta,Oftalmologie,geen diabetische retinopathie,ziekte van Crohn,Glasgow Coma Scale 15,M. Biceps caput longum,Ozempic 1 mg,Metformine viatris 500 mg,beeld passend bij bursitis,1/d,co,SSp testen positief,,False,patient,patient,de heer,hij,zijn,"{'INSZ': 'mixed', 'RIZIV': 'dashed', 'IBAN': 'grouped', 'DATE_ENCOUNTER': 'dd-mm-yyyy', 'DATE_VALIDATION': 'text_abbr', 'DATE_HISTORY': 'm/yyyy', 'DOB': 'masc_ordinal', 'TELEFOON': 'spaced', 'TELEFOON_MOBILE': 'slash_dot', 'STREET': 'plain', 'AGE': 'bare'}"
CASE000811,F,50-64,central_african,Oost-Vlaanderen,Vlaanderen,town,Mireille Mbala,dr. Deniz Demir,dr. Yassine Bennani,Bernadette Tshibangu,Grootmoeder,62 jaar,vrouw,14 apr 2026,14/04/2026,15 maa 2023,°8 juli 1963,63.07.08-906.32,6 23840 64 003,BE73 9319 0686 3102,4528579401541501,Kouterring 40,9700,Oudenaarde,011/98.66.78,0473 93 54 70,mireille.mbala@gmail.com,https://www.jessaziekenhuis.be,Jessa Ziekenhuis,Dermatologie,psoriasis vulgaris,teken van Lasegue,Barthel-index 90,V. Saphena magna,Ozempic 1 mg,D-cure 25 000 ie,geel verkleurde sclerae,0.5 mg,z.n.,watchful waiting,,False,patient,patiente,mevrouw,zij,haar,"{'INSZ': 'dotted', 'RIZIV': 'spaced', 'IBAN': 'grouped', 'DATE_ENCOUNTER': 'text_abbr', 'DATE_VALIDATION': 'dd/mm/yyyy', 'DATE_HISTORY': 'text_abbr', 'DOB': 'degree', 'TELEFOON': 'slash_dot', 'TELEFOON_MOBILE': 'spaced', 'STREET': 'plain', 'AGE': 'jaar'}"
CASE000812,M,35-49,turkish,Oost-Vlaanderen,Vlaanderen,town,Tolga Aydin,dr. Katarzyna Ionescu,dr. Tine De Clercq,Elif Arslan,Nicht,47 jaar,man,08/05/2026,9 mei 2026,13/7/2025,º02-10-1978,78100280171,3-10556-38-008,BE32 2060 0460 0504,4303814760409623,Smidkaai 196/18,9300,Aalst,+32 (0)9/845.12.24,+32 471 22 28 66,tolga.aydin@gmail.com,https://www.znamiddelheim.be,ZNA Middelheim,Dermatologie,psoriasis vulgaris,ziekte van Parkinson,Barthel-index 90,M. Subscapularis,Lyumjev kwikpen,Progor retard 180 mg,molaire zwangerschap uitgesloten,12u,tvv,full range of motion,,False,patient,patient,de heer,hij,zijn,"{'INSZ': 'plain', 'RIZIV': 'dashed', 'IBAN': 'grouped', 'DATE_ENCOUNTER': 'dd/mm/yyyy', 'DATE_VALIDATION': 'text_nl', 'DATE_HISTORY': 'd/m/yyyy', 'DOB': 'masc_ordinal', 'TELEFOON': 'intl_paren', 'TELEFOON_MOBILE': 'intl', 'STREET': 'slash', 'AGE': 'jaar'}"
CASE000813,F,65-79,flemish,Antwerpen,Vlaanderen,town,Ann Mertens,dr. Marc Vermeulen,dr. Marleen Coppens,Lode Claes,Zoon,76,vrouw,13/05/2026,14-05-2026,10 maa 2022,°14-12-1949,49121426243,4-92681-79-003,BE24 5581 2319 0483,4047202888239794,Beekstraat 206,2500,Lier,014-94 27 91,+32 472 54 27 57,ann.mertens@gmail.com,https://www.klinieknikolaas.be,Kliniek Nikolaas,Gastro-enterologie,lichte chronische niet specifieke colitis,ziekte van Von Willebrand,Glasgow Coma Scale 15,lig. Collaterale mediale,Injectafer 1000 mg,Atorstatine 20 mg,geel verkleurde sclerae,HR: 68,NSAID,watchful waiting,,False,patient,patiente,mevrouw,zij,haar,"{'INSZ': 'plain', 'RIZIV': 'dashed', 'IBAN': 'grouped', 'DATE_ENCOUNTER': 'dd/mm/yyyy', 'DATE_VALIDATION': 'dd-mm-yyyy', 'DATE_HISTORY': 'text_abbr', 'DOB': 'degree', 'TELEFOON': 'dashed', 'TELEFOON_MOBILE': 'intl', 'STREET': 'plain', 'AGE': 'bare'}"
CASE000814,M,18-34,flemish,Vlaams-Brabant,Vlaanderen,town,Wim Claes,dr. Patrick Nkosi,dr. Elena Kowalski,Veerle Wouters,Zus,26 jaar,man,27 april 2026,2026-04-27,16/11/2016,º20 apr 2000,00.04.20-709.09,6 39048 85 004,BE74 6010 5512 6131,4748846748223281,Nieuwbaan 143A,1500,Halle,+32 51 50 82 75,0492/69.90.50,wim.claes@gmail.com,https://www.uzsintvincentius.be,UZ Sint-Vincentius,Fysische Geneeskunde en revalidatie,supraspinatuspeestendinose bilateraal,syndroom van Raynaud,Jaeger transfertest,N. Medianus,Asaflow 80 mg,Nexiam 20 mg,as 165 graden,22u,tvv,Painful arc beiderzijds +,,False,patient,patient,de heer,hij,zijn,"{'INSZ': 'dotted', 'RIZIV': 'spaced', 'IBAN': 'grouped', 'DATE_ENCOUNTER': 'text_nl', 'DATE_VALIDATION': 'yyyy-mm-dd', 'DATE_HISTORY': 'd/m/yyyy', 'DOB': 'masc_ordinal', 'TELEFOON': 'intl', 'TELEFOON_MOBILE': 'slash_dot', 'STREET': 'letter', 'AGE': 'jaar'}"
CASE000815,F,80-95,flemish,West-Vlaanderen,Vlaanderen,urban,Hilde Vermeulen,dr. Wim Wouters,dr. Luc Vermeulen,Bart Declercq,Vader,95 jaar,vrouw,21/05/2026,23/05/2026,29/08/2024,°05/12/1930,30.12.05-468.96,5-16520-05-006,BE67 1105 5310 1860,4429617247273184,Dorpberg 84 bus 17,8000,Brugge,012 09 24 43,+32 484 95 38 00,hilde.vermeulen@gmail.com,https://www.azturnhout.be,AZ Turnhout,Pneumologie,obstructief longlijden GOLD II,ziekte van Von Willebrand,Phalen-test,M. Biceps caput longum,Nexiam 20 mg,Metformine viatris 500 mg,as 165 graden,1 a 2 /d,RYGB,blurr-test,,False,patient,patiente,mevrouw,zij,haar,"{'INSZ': 'dotted', 'RIZIV': 'dashed', 'IBAN': 'grouped', 'DATE_ENCOUNTER': 'dd/mm/yyyy', 'DATE_VALIDATION': 'dd/mm/yyyy', 'DATE_HISTORY': 'dd/mm/yyyy', 'DOB': 'degree', 'TELEFOON': 'spaced', 'TELEFOON_MOBILE': 'intl', 'STREET': 'bus', 'AGE': 'jaar'}"
CASE000816,M,80-95,flemish,Vlaams-Brabant,Vlaanderen,town,Koen Claes,dr. Luc Wouters,dr. Dirk Wouters,Katrien Goossens,Nicht,91 jaar,man,16/04/2026,17/04/2026,13/07/2016,°29/08/1934,34.08.29-011.83,6 18641 25 003,BE41 5677 5884 8234,4241434564663971,Lindelei 89C,1800,Vilvoorde,+32 14 22 57 16,+32 (0)479/06.03.35,koen.claes@telenet.be,https://www.uzrivierenland.be,UZ Rivierenland,Reumatologie,osteoporose,teken van Lasegue,Snellen 1,m. Infraspinatus,Lyumjev kwikpen,Atorstatine 20 mg,as 165 graden,12u,PTO,SSp testen positief,,False,patient,patient,de heer,hij,zijn,"{'INSZ': 'dotted', 'RIZIV': 'spaced', 'IBAN': 'grouped', 'DATE_ENCOUNTER': 'dd/mm/yyyy', 'DATE_VALIDATION': 'dd/mm/yyyy', 'DATE_HISTORY': 'dd/mm/yyyy', 'DOB': 'degree', 'TELEFOON': 'intl', 'TELEFOON_MOBILE': 'intl_paren', 'STREET': 'letter', 'AGE': 'jaar'}"
CASE000817,F,50-64,flemish,West-Vlaanderen,Vlaanderen,town,Marleen Dubois,dr. Sofia Garcia,dr. Lore Van den Berghe,Stijn Coppens,Oom,60-jarige,vrouw,14/5/2026,2026-05-15,10/12/2017,°13/6/1965,65 06 13 804 19,8-61624-27-008,BE18 0167 9134 6959,4819836514690593,Beekplein 155,8900,Ieper,051 21 46 10,0491-65 24 40,marleen.dubois@telenet.be,https://www.kliniekzeepreventorium.be,Kliniek Zeepreventorium,Gastro-enterologie,refluxoesofagitis graad B,teken van Lasegue,Goldmann applanatie,lig. Collaterale mediale,Depakine chrono 500 mg,Progor retard 180 mg,boomstructuur van de bronchi,-0.25 ^ -0.25 as 165 graden,tvv,no evidence of malignancy,,False,patient,patiente,mevrouw,zij,haar,"{'INSZ': 'spaced', 'RIZIV': 'dashed', 'IBAN': 'grouped', 'DATE_ENCOUNTER': 'd/m/yyyy', 'DATE_VALIDATION': 'yyyy-mm-dd', 'DATE_HISTORY': 'dd/mm/yyyy', 'DOB': 'degree', 'TELEFOON': 'spaced', 'TELEFOON_MOBILE': 'dashed', 'STREET': 'plain', 'AGE': 'jarige'}"
CASE000818,M,0-17,eastern_european,Vlaams-Brabant,Vlaanderen,rural,Andrzej Jaeger,dr. Wouter Janssens,dr. Hamza El Habti,Andrzej Popescu,Zoon,14 jaar,man,2026-05-11,11/5/2026,26/05/2024,°11-02-2012,12.02.11 153 06,8 21867 14 003,BE95 7458 8664 8507,4170328032538366,Abdijvest 2,3200,Aarschot,053 92 41 97,0485/43.41.27,andrzej.jaeger@telenet.be,https://www.algemeenziekenhuiszeepreventorium.be,Algemeen Ziekenhuis Zeepreventorium,Reumatologie,osteoporose,syndroom van Raynaud,Schirmer-test,m. Infraspinatus,Injectafer 1000 mg,Cose protect,peervormige galblaas,1/w,ivm,SSp testen positief,,True,patient,patient,de heer,hij,zijn,"{'INSZ': 'mixed', 'RIZIV': 'spaced', 'IBAN': 'grouped', 'DATE_ENCOUNTER': 'yyyy-mm-dd', 'DATE_VALIDATION': 'd/m/yyyy', 'DATE_HISTORY': 'dd/mm/yyyy', 'DOB': 'degree', 'TELEFOON': 'spaced', 'TELEFOON_MOBILE': 'slash_dot', 'STREET': 'plain', 'AGE': 'jaar'}"
CASE000819,F,65-79,flemish,Antwerpen,Vlaanderen,urban,Hilde Vermeulen,dr. Geert Jacobs,dr. Lode Peeters,Kris De Backer,Zoon,73 jaar,vrouw,06/05/2026,2026-05-06,6 feb 2016,°14/05/1953,53.05.14-614.17,5 16570 52 480,BE51095449871960,4014612058498443,Bergdreef 78/1,2000,Antwerpen,054-62 91 36,0472 42 29 75,hilde.vermeulen@gmail.com,https://www.azdelta.be,AZ Delta,Oftalmologie,droge maculadegeneratie,ziekte van Graves,Goldmann applanatie,M. Supraspinatus,Depakine chrono 500 mg,Atorstatine 20 mg,beeld passend bij bursitis,100 e/ml 3 ml,OD,no evidence of malignancy,,False,patient,patiente,mevrouw,zij,haar,"{'INSZ': 'dotted', 'RIZIV': 'spaced', 'IBAN': 'plain', 'DATE_ENCOUNTER': 'dd/mm/yyyy', 'DATE_VALIDATION': 'yyyy-mm-dd', 'DATE_HISTORY': 'text_abbr', 'DOB': 'degree', 'TELEFOON': 'dashed', 'TELEFOON_MOBILE': 'spaced', 'STREET': 'slash', 'AGE': 'jaar'}"
CASE000820,M,18-34,flemish,Vlaams-Brabant,Vlaanderen,urban,Koen Wouters,dr. Inge Jacobs,dr. Pieter Lambert,Lieve Dubois,Grootmoeder,24-jarige,man,12 mei 2026,14/05/2026,16 juli 2017,°15 februari 2002,02021593162,9 48589 71 030,BE19 1549 9772 2941,4389754701121431,Bergvest 250 bus 17,3000,Leuven,058/56.36.66,+32 473 27 96 77,koen.wouters@proximus.be,https://www.azturnhout.be,AZ Turnhout,Pneumologie,obstructief slaapapneusyndroom,manoeuvre van Valsalva,Goldmann applanatie,M. Supraspinatus,Cose protect,Metformine viatris 500 mg,peervormige galblaas,25 000 ie,NSAID,no evidence of malignancy,,False,patient,patient,de heer,hij,zijn,"{'INSZ': 'plain', 'RIZIV': 'spaced', 'IBAN': 'grouped', 'DATE_ENCOUNTER': 'text_nl', 'DATE_VALIDATION': 'dd/mm/yyyy', 'DATE_HISTORY': 'text_nl', 'DOB': 'degree', 'TELEFOON': 'slash_dot', 'TELEFOON_MOBILE': 'intl', 'STREET': 'bus', 'AGE': 'jarige'}"
CASE000821,F,65-79,turkish,Antwerpen,Vlaanderen,urban,Gul Ozturk,dr. Ayse Celik,dr. Hilde De Smet,Deniz Celik,Moeder,79,vrouw,23-05-2026,23/05/2026,27/2/2023,°29/09/1946,46 09 29 604 40,93251246006,BE93 9503 3941 5491,4874545603186866,Zonneweg 119,2018,Antwerpen,+32 54 06 26 38,0477 79 14 76,gul.ozturk@proximus.be,https://www.algemeenziekenhuiszeepreventorium.be,Algemeen Ziekenhuis Zeepreventorium,Gynaecologie,myomateuze uterus,manoeuvre van Valsalva,Jaeger transfertest,lig. Collaterale mediale,Trianal suppo,Trianal suppo,hamstringletsel links,300 ie/ml 1.5 ml,ESWT,shared decision making,,False,patient,patiente,mevrouw,zij,haar,"{'INSZ': 'spaced', 'RIZIV': 'plain', 'IBAN': 'grouped', 'DATE_ENCOUNTER': 'dd-mm-yyyy', 'DATE_VALIDATION': 'dd/mm/yyyy', 'DATE_HISTORY': 'd/m/yyyy', 'DOB': 'degree', 'TELEFOON': 'intl', 'TELEFOON_MOBILE': 'spaced', 'STREET': 'plain', 'AGE': 'bare'}"
CASE000822,M,50-64,flemish,Oost-Vlaanderen,Vlaanderen,town,Wim Jacobs,dr. Katrien Declercq,dr. Griet Goossens,Femke Van Damme,Dochter,56,man,21-04-2026,21-04-2026,02/06/2024,°17-01-1970,70.01.17 045 49,8-69528-77-004,BE70 2825 9746 0848,4995121744756365,Hoevestraat 91C,9200,Dendermonde,+32 (0)58/44.27.18,0478-46 41 78,wim.jacobs@proximus.be,https://www.ziekenhuisrivierenland.be,Ziekenhuis Rivierenland,Fysische Geneeskunde en revalidatie,subacromiale bursitis,ziekte van Crohn,Glasgow Coma Scale 15,M. Supraspinatus,Injectafer 1000 mg,Asaflow 80 mg,hamstringletsel links,25 000 ie,PRP,watchful waiting,,False,patient,patient,de heer,hij,zijn,"{'INSZ': 'mixed', 'RIZIV': 'dashed', 'IBAN': 'grouped', 'DATE_ENCOUNTER': 'dd-mm-yyyy', 'DATE_VALIDATION': 'dd-mm-yyyy', 'DATE_HISTORY': 'dd/mm/yyyy', 'DOB': 'degree', 'TELEFOON': 'intl_paren', 'TELEFOON_MOBILE': 'dashed', 'STREET': 'letter', 'AGE': 'bare'}"
CASE000823,F,65-79,flemish,Antwerpen,Vlaanderen,rural,Inge De Boom,dr. Jan Goossens,dr. Katarzyna Popescu,Pieter Van Acker,Grootvader,77-jarige,vrouw,2026-05-23,25.05.2026,11 december 2016,°29/6/1948,48062972042,3-76783-62-018,BE62 2884 0636 6229,4554220548729124,Molenwal 186 bus 10,2400,Mol,058552292,0488042346,inge.deboom@gmail.com,https://www.kliniekvesalius.be,Kliniek Vesalius,Neurologie,"epilepsie, in remissie",syndroom van Guillain-Barre,Goldmann applanatie,M. Supraspinatus,Ibuprofen 400 mg,Progor retard 180 mg,boomstructuur van de bronchi,25 000 ie,RYGB,shared decision making,,True,patient,patiente,mevrouw,zij,haar,"{'INSZ': 'plain', 'RIZIV': 'dashed', 'IBAN': 'grouped', 'DATE_ENCOUNTER': 'yyyy-mm-dd', 'DATE_VALIDATION': 'dd.mm.yyyy', 'DATE_HISTORY': 'text_nl', 'DOB': 'degree', 'TELEFOON': 'plain', 'TELEFOON_MOBILE': 'plain', 'STREET': 'bus', 'AGE': 'jarige'}"
CASE000824,M,65-79,flemish,Vlaams-Brabant,Vlaanderen,town,Pieter Lambert,dr. Iwona Novak,dr. Griet Van den Berghe,Katrien Lambert,Zus,67 jaar,man,18/4/2026,19/04/2026,21-09-2022,°13 juni 1959,59.06.13-509.91,3 96395 44 480,BE55 2579 1667 7813,4761727460034100,Dorpkaai 212,1800,Vilvoorde,052/84.05.31,0490 52 42 69,pieter.lambert@proximus.be,https://www.klinieksintrembert.be,Kliniek Sint-Rembert,Reumatologie,osteoporose,teken van Lasegue,Glasgow Coma Scale 15,M. Subscapularis,Ventolin aerosol,Pantomed 40 mg,beeld passend bij bursitis,18u,i.o.m.,Painful arc beiderzijds +,,False,patient,patient,de heer,hij,zijn,"{'INSZ': 'dotted', 'RIZIV': 'spaced', 'IBAN': 'grouped', 'DATE_ENCOUNTER': 'd/m/yyyy', 'DATE_VALIDATION': 'dd/mm/yyyy', 'DATE_HISTORY': 'dd-mm-yyyy', 'DOB': 'degree', 'TELEFOON': 'slash_dot', 'TELEFOON_MOBILE': 'spaced', 'STREET': 'plain', 'AGE': 'jaar'}"
CASE000825,F,50-64,maghrebi,Oost-Vlaanderen,Vlaanderen,rural,Yasmine El Amrani,dr. Blaise Mbala,dr. Els Van Damme,Yassine Ouazzani,Vader,54 jaar,vrouw,14/5/2026,15/05/2026,17-02-2021,°1971-06-22,71.06.22-450.35,6-87350-89-006,BE42 1247 8525 8530,4376670806060503,Visserssteenweg 59 bus 16,9500,Geraardsbergen,052 15 22 34,0498/07.70.72,yasmine.elamrani@gmail.com,https://www.azdelta.be,AZ Delta,Algemene Heelkunde,ziekte van Von Willebrand,syndroom van Raynaud,Snellen 1,N. Medianus,Glucagen hypokit,D-cure 25 000 ie,beers-teken afwezig,18u,NSAID,no evidence of malignancy,,False,patient,patiente,mevrouw,zij,haar,"{'INSZ': 'dotted', 'RIZIV': 'dashed', 'IBAN': 'grouped', 'DATE_ENCOUNTER': 'd/m/yyyy', 'DATE_VALIDATION': 'dd/mm/yyyy', 'DATE_HISTORY': 'dd-mm-yyyy', 'DOB': 'degree', 'TELEFOON': 'spaced', 'TELEFOON_MOBILE': 'slash_dot', 'STREET': 'bus', 'AGE': 'jaar'}"
CASE000826,M,0-17,maghrebi,Vlaams-Brabant,Vlaanderen,town,Ismail El Habti,dr. Wouter Goossens,dr. Wim De Smet,Yassine Bouzid,Zoon,3 jaar,man,19-05-2026,20-05-2026,14/07/2018,º06/01/2023,23 01 06 267 72,1-82756-89-008,BE81609363448963,4709319579965914,Langeweg 213,1500,Halle,+32 3 968 85 60,+32 486 78 34 41,ismail.elhabti@skynet.be,https://www.azsintrembert.be,AZ Sint-Rembert,Fysische Geneeskunde en revalidatie,subacromiale bursitis,ziekte van Hashimoto,Goldmann applanatie,m. Deltoideus,Metformine viatris 500 mg,Ibuprofen 400 mg,hamstringletsel links,-0.25 ^ -0.25 as 165 graden,APO,Painful arc beiderzijds +,,False,patient,patient,de heer,hij,zijn,"{'INSZ': 'spaced', 'RIZIV': 'dashed', 'IBAN': 'plain', 'DATE_ENCOUNTER': 'dd-mm-yyyy', 'DATE_VALIDATION': 'dd-mm-yyyy', 'DATE_HISTORY': 'dd/mm/yyyy', 'DOB': 'masc_ordinal', 'TELEFOON': 'intl', 'TELEFOON_MOBILE': 'intl', 'STREET': 'plain', 'AGE': 'jaar'}"
CASE000827,F,65-79,flemish,Vlaams-Brabant,Vlaanderen,rural,Marleen Janssens,dr. Bilal El Amrani,dr. Griet De Smet,Marc Declercq,Zoon,69-jarige,vrouw,23-04-2026,24/4/2026,13 augustus 2025,°30/09/1956,56 09 30 256 83,5 66172 17 030,BE57677896493123,4195110945265829,Oudelaan 38,3200,Aarschot,04 708 44 44,0477/99.86.17,marleen.janssens@telenet.be,https://www.azdevoorzorg.be,AZ De Voorzorg,Fysische Geneeskunde en revalidatie,subacromiale bursitis,ziekte van Bechterew,teken van Tinel,N. Medianus,D-cure 25 000 ie,Nexiam 20 mg,as 165 graden,8u,RYGB,shared decision making,,False,patient,patient,mevrouw,zij,haar,"{'INSZ': 'spaced', 'RIZIV': 'spaced', 'IBAN': 'plain', 'DATE_ENCOUNTER': 'dd-mm-yyyy', 'DATE_VALIDATION': 'd/m/yyyy', 'DATE_HISTORY': 'text_nl', 'DOB': 'degree', 'TELEFOON': 'spaced', 'TELEFOON_MOBILE': 'slash_dot', 'STREET': 'plain', 'AGE': 'jarige'}"
CASE000828,M,50-64,flemish,West-Vlaanderen,Vlaanderen,town,Koen Jacobs,dr. Femke Willems,dr. Veerle Vermeulen,Kris Maes,Neef,58 jaar,man,22/04/2026,22/04/2026,11/10/2021,º19/9/1967,67.09.19-739.64,6 16162 79 007,BE28 5074 2085 2747,4746723979881180,Weversteenweg 21,8900,Ieper,09 593 35 85,0484 85 08 80,koen.jacobs@skynet.be,https://www.algemeenziekenhuissintvincentius.be,Algemeen Ziekenhuis Sint-Vincentius,Oftalmologie,droge maculadegeneratie,ziekte van Crohn,Snellen 1,lig. Collaterale mediale,Sipralexa 20 mg,Paracetamol 1 g,beeld passend bij bursitis,HR: 68,i.o.m.,SSp testen positief,,False,patient,patient,de heer,hij,zijn,"{'INSZ': 'dotted', 'RIZIV': 'spaced', 'IBAN': 'grouped', 'DATE_ENCOUNTER': 'dd/mm/yyyy', 'DATE_VALIDATION': 'dd/mm/yyyy', 'DATE_HISTORY': 'dd/mm/yyyy', 'DOB': 'masc_ordinal', 'TELEFOON': 'spaced', 'TELEFOON_MOBILE': 'spaced', 'STREET': 'plain', 'AGE': 'jaar'}"
CASE000829,F,50-64,flemish,Vlaams-Brabant,Vlaanderen,rural,Lieve De Clercq,dr. Elena Fernandez,dr. Hamza El Habti,An Van Damme,Tante,60-jarige,vrouw,17 mei 2026,19/05/2026,19-09-2018,º20-05-1966,66 05 20 564 63,12983746018,BE41126511387419,4068895899321917,Stationsdreef 207 bus 10,3200,Aarschot,+32 (0)15/73.42.89,0493/33.21.50,lieve.declercq@skynet.be,https://www.kliniekrivierenland.be,Kliniek Rivierenland,Gastro-enterologie,anale fissuur,syndroom van Sjogren,Snellen 1,m. Deltoideus,Nexiam 20 mg,Lyumjev kwikpen,geel verkleurde sclerae,100 e/ml 3 ml,OS,blurr-test,,False,patient,patiente,mevrouw,zij,haar,"{'INSZ': 'spaced', 'RIZIV': 'plain', 'IBAN': 'plain', 'DATE_ENCOUNTER': 'text_nl', 'DATE_VALIDATION': 'dd/mm/yyyy', 'DATE_HISTORY': 'dd-mm-yyyy', 'DOB': 'masc_ordinal', 'TELEFOON': 'intl_paren', 'TELEFOON_MOBILE': 'slash_dot', 'STREET': 'bus', 'AGE': 'jarige'}"
CASE000830,M,65-79,flemish,Limburg,Vlaanderen,rural,Jan Vermeulen,dr. Jonas Declercq,dr. Geert Claes,Geert De Smet,Neef,77-jarige,man,27 april 2026,27/4/2026,06/03/2025,º1949-02-08,49.02.08-601.08,11664051008,BE58 9233 1685 8331,4075308772269667,Hoevepad 65/9,3900,Pelt,046902891,0471 64 64 64,jan.vermeulen@gmail.com,https://www.azklina.be,AZ Klina,Gastro-enterologie,diverticulose sigmoid,syndroom van Sjogren,Schirmer-test,N. Medianus,Ventolin aerosol,Depakine chrono 500 mg,beeld passend bij bursitis,1/w,OS,watchful waiting,,False,patient,patiente,de heer,hij,zijn,"{'INSZ': 'dotted', 'RIZIV': 'plain', 'IBAN': 'grouped', 'DATE_ENCOUNTER': 'text_nl', 'DATE_VALIDATION': 'd/m/yyyy', 'DATE_HISTORY': 'dd/mm/yyyy', 'DOB': 'masc_ordinal', 'TELEFOON': 'plain', 'TELEFOON_MOBILE': 'spaced', 'STREET': 'slash', 'AGE': 'jarige'}"
CASE000831,F,50-64,flemish,Oost-Vlaanderen,Vlaanderen,rural,Katrien Van den Berghe,dr. Lore Coppens,dr. Wim De Clercq,Wouter Mertens,Grootvader,62,vrouw,23/5/2026,24-05-2026,20/06/2024,°26/01/1964,64.01.26 682 83,71345676030,BE90 2641 6257 3434,4569153930581873,Meersweg 14B,9500,Geraardsbergen,+32 (0)59/19.63.48,+32 477 02 04 38,katrien.vandenberghe@gmail.com,https://www.klinieksintlucas.be,Kliniek Sint-Lucas,Endocrinologie,hypothyreoidie,ziekte van Parkinson,Schirmer-test,M. Biceps caput longum,Metformine viatris 500 mg,Depakine chrono 500 mg,as 165 graden,1/w,RYGB,shared decision making,,False,patient,patiente,mevrouw,zij,haar,"{'INSZ': 'mixed', 'RIZIV': 'plain', 'IBAN': 'grouped', 'DATE_ENCOUNTER': 'd/m/yyyy', 'DATE_VALIDATION': 'dd-mm-yyyy', 'DATE_HISTORY': 'dd/mm/yyyy', 'DOB': 'degree', 'TELEFOON': 'intl_paren', 'TELEFOON_MOBILE': 'intl', 'STREET': 'letter', 'AGE': 'bare'}"
CASE000832,M,50-64,southern_european,Vlaams-Brabant,Vlaanderen,town,Rafael Esposito,dr. Kaan Kaya,dr. Veerle Claes,Giulia Silva,Tante,60 jaar,man,27/05/2026,2026-05-29,2024-12-29,°18 juni 1965,65.06.18-573.03,4-80723-09-003,BE96 2532 3428 9777,4387300603289793,Kouterlei 104 bus 8,1800,Vilvoorde,+32 58 91 24 15,+32 475 08 19 10,rafael.esposito@proximus.be,https://www.algemeenziekenhuismariamiddelares.be,Algemeen Ziekenhuis Maria Middelares,Neurologie,"epilepsie, in remissie",syndroom van Guillain-Barre,Goldmann applanatie,lig. Collaterale mediale,Pantomed 40 mg,Progor retard 180 mg,as 165 graden,pH 7.38,OD,watchful waiting,,False,patient,patient,de heer,hij,zijn,"{'INSZ': 'dotted', 'RIZIV': 'dashed', 'IBAN': 'grouped', 'DATE_ENCOUNTER': 'dd/mm/yyyy', 'DATE_VALIDATION': 'yyyy-mm-dd', 'DATE_HISTORY': 'yyyy-mm-dd', 'DOB': 'degree', 'TELEFOON': 'intl', 'TELEFOON_MOBILE': 'intl', 'STREET': 'bus', 'AGE': 'jaar'}"
CASE000833,F,50-64,flemish,Vlaams-Brabant,Vlaanderen,town,Lore Dubois,dr. An Claes,dr. Hilde Maes,Jan Coppens,Broer,63 jaar,vrouw,12/05/2026,14 mei 2026,26 maart 2022,°04/04/1963,63040438471,4 39457 50 008,BE37953304568856,4372367908213528,Wilgenweg 87,1500,Halle,058 61 33 33,0486 12 80 29,lore.dubois@skynet.be,https://www.uzrivierenland.be,UZ Rivierenland,Orthopedie,carpaal tunnelsyndroom,ziekte van Crohn,Humphrey - perimetrie,m. Infraspinatus,Glucagen hypokit,Ventolin aerosol,beeld passend bij bursitis,4.95*,z.n.,blurr-test,,False,patient,patiente,mevrouw,zij,haar,"{'INSZ': 'plain', 'RIZIV': 'spaced', 'IBAN': 'plain', 'DATE_ENCOUNTER': 'dd/mm/yyyy', 'DATE_VALIDATION': 'text_nl', 'DATE_HISTORY': 'text_nl', 'DOB': 'degree', 'TELEFOON': 'spaced', 'TELEFOON_MOBILE': 'spaced', 'STREET': 'plain', 'AGE': 'jaar'}"
CASE000834,M,0-17,flemish,Antwerpen,Vlaanderen,rural,Kris Graves,dr. Koen Peeters,dr. Koen Verhoeven,Griet Wouters,Grootmoeder,15-jarige,man,15-05-2026,16/05/2026,23-06-2015,°12/02/2011,11021225547,4-87193-38-003,BE13 5778 5671 3153,4075422489801470,Hoevepark 224,2860,Sint-Katelijne-Waver,+32 4 986 48 40,+32 498 74 23 87,kris.graves@gmail.com,https://www.algemeenziekenhuisheilighart.be,Algemeen Ziekenhuis Heilig Hart,Oftalmologie,cataract incipiens bilateraal,teken van Lasegue,Barthel-index 90,V. Saphena magna,Lambipol 100 mg,Sipralexa 20 mg,boomstructuur van de bronchi,FEV1/FVC 73.17,ESWT,SSp testen positief,,True,patient,patient,de heer,hij,zijn,"{'INSZ': 'plain', 'RIZIV': 'dashed', 'IBAN': 'grouped', 'DATE_ENCOUNTER': 'dd-mm-yyyy', 'DATE_VALIDATION': 'dd/mm/yyyy', 'DATE_HISTORY': 'dd-mm-yyyy', 'DOB': 'degree', 'TELEFOON': 'intl', 'TELEFOON_MOBILE': 'intl', 'STREET': 'plain', 'AGE': 'jarige'}"
CASE000835,F,35-49,flemish,Oost-Vlaanderen,Vlaanderen,town,Griet Goossens,dr. Sylvie Mukendi,dr. Femke Coppens,Bart Vermeulen,Broer,47,vrouw,15/5/2026,16-05-2026,16-12-2021,°08.11.1978,78 11 08 686 13,1 73780 44 004,BE70 5236 4861 8505,4960658552295094,Marktberg 209/11,9200,Dendermonde,053 71 07 06,0478012221,griet.goossens@proximus.be,https://www.azdevoorzorg.be,AZ De Voorzorg,Fysische Geneeskunde en revalidatie,lumbaal facettair syndroom,syndroom van Raynaud,Goldmann applanatie,A. Radialis,Asaflow 80 mg,Metformine viatris 500 mg,beers-teken afwezig,300 ie/ml 1.5 ml,OD,no evidence of malignancy,,False,patient,patiente,mevrouw,zij,haar,"{'INSZ': 'spaced', 'RIZIV': 'spaced', 'IBAN': 'grouped', 'DATE_ENCOUNTER': 'd/m/yyyy', 'DATE_VALIDATION': 'dd-mm-yyyy', 'DATE_HISTORY': 'dd-mm-yyyy', 'DOB': 'degree', 'TELEFOON': 'spaced', 'TELEFOON_MOBILE': 'plain', 'STREET': 'slash', 'AGE': 'bare'}"
CASE000836,M,65-79,maghrebi,Oost-Vlaanderen,Vlaanderen,town,Youssef Bouzid,dr. Femke Van den Berghe,dr. Koen Declercq,Hafida Alaoui,Tante,71-jarige,man,18/04/2026,18/04/2026,13/07/2015,°13-05-1955,55.05.13-049.72,3-31474-72-030,BE54771444084309,4631885340261018,Molendries 240,9300,Aalst,+32 4 013 33 43,0498-60 92 17,youssef.bouzid@proximus.be,https://www.klinieksintrembert.be,Kliniek Sint-Rembert,Gastro-enterologie,anale fissuur,syndroom van Cushing,Glasgow Coma Scale 15,N. Medianus,Lyumjev kwikpen,Sipralexa 20 mg,boomstructuur van de bronchi,8u,APO,Painful arc beiderzijds +,,False,patient,patiente,de heer,hij,zijn,"{'INSZ': 'dotted', 'RIZIV': 'dashed', 'IBAN': 'plain', 'DATE_ENCOUNTER': 'dd/mm/yyyy', 'DATE_VALIDATION': 'dd/mm/yyyy', 'DATE_HISTORY': 'dd/mm/yyyy', 'DOB': 'degree', 'TELEFOON': 'intl', 'TELEFOON_MOBILE': 'dashed', 'STREET': 'plain', 'AGE': 'jarige'}"
CASE000837,F,65-79,flemish,Limburg,Vlaanderen,town,Lore De Backer,dr. Marc Lambert,dr. Patrick Kabongo,Nele Verhoeven,Tante,77-jarige,vrouw,28/4/2026,28/04/2026,19/04/2021,°20 jun 1948,48.06.20-048.14,1 83445 79 004,BE28619689944884,4946357188683547,Hoevedries 132,3800,Sint-Truiden,+32 13 31 94 82,0490/97.17.59,lore.debacker@gmail.com,https://www.azdelta.be,AZ Delta,Fysische Geneeskunde en revalidatie,laterale epicondylitis rechts,syndroom van Sjogren,Romberg negatief,m. Deltoideus,Ozempic 1 mg,Pantomed 40 mg,geel verkleurde sclerae,BD: 146/68,tvv,blurr-test,,False,patient,patiente,mevrouw,zij,haar,"{'INSZ': 'dotted', 'RIZIV': 'spaced', 'IBAN': 'plain', 'DATE_ENCOUNTER': 'd/m/yyyy', 'DATE_VALIDATION': 'dd/mm/yyyy', 'DATE_HISTORY': 'dd/mm/yyyy', 'DOB': 'degree', 'TELEFOON': 'intl', 'TELEFOON_MOBILE': 'slash_dot', 'STREET': 'plain', 'AGE': 'jarige'}"
CASE000838,M,80-95,flemish,Antwerpen,Vlaanderen,urban,Jan Mertens,dr. Femke Verhoeven,dr. Dirk Dubois,Leen De Clercq,Zus,94 jaar,man,21-04-2026,2026-04-23,02/2019,°09/03/1932,32.03.09-695.19,2-07998-67-008,BE60 7723 7299 0539,4798857601966675,Abdijhof 43C,2018,Antwerpen,056 75 54 84,+32 470 36 19 08,jan.mertens@skynet.be,https://www.azsintblasius.be,AZ Sint-Blasius,Oftalmologie,cataract incipiens bilateraal,manoeuvre van Valsalva,Barthel-index 90,M. Subscapularis,Injectafer 1000 mg,Diltiazemzalf 2%,boomstructuur van de bronchi,2cc,PRP,shared decision making,,False,patient,patient,de heer,hij,zijn,"{'INSZ': 'dotted', 'RIZIV': 'dashed', 'IBAN': 'grouped', 'DATE_ENCOUNTER': 'dd-mm-yyyy', 'DATE_VALIDATION': 'yyyy-mm-dd', 'DATE_HISTORY': 'mm/yyyy', 'DOB': 'degree', 'TELEFOON': 'spaced', 'TELEFOON_MOBILE': 'intl', 'STREET': 'letter', 'AGE': 'jaar'}"
CASE000839,F,65-79,flemish,Vlaams-Brabant,Vlaanderen,town,Lore De Backer,dr. Piotr Zielinski,dr. Mehdi Cherkaoui,Griet Claes,Moeder,72 jaar,vrouw,20/5/2026,21/05/2026,2025-10-10,°14 aug 1953,53.08.14-810.36,8-12927-30-006,BE98 4153 5275 4504,4595474200289239,Wilgenberg 247/1,1500,Halle,+32 (0)52/05.46.78,+32 (0)456/84.36.64,lore.debacker@proximus.be,https://www.uzsintvincentius.be,UZ Sint-Vincentius,Endocrinologie,hypothyreoidie,ziekte van Dupuytren,Goldmann applanatie,lig. Collaterale mediale,Glucagen hypokit,Nexiam 20 mg,peervormige galblaas,T 37.2,OD,blurr-test,,False,patient,patiente,mevrouw,zij,haar,"{'INSZ': 'dotted', 'RIZIV': 'dashed', 'IBAN': 'grouped', 'DATE_ENCOUNTER': 'd/m/yyyy', 'DATE_VALIDATION': 'dd/mm/yyyy', 'DATE_HISTORY': 'yyyy-mm-dd', 'DOB': 'degree', 'TELEFOON': 'intl_paren', 'TELEFOON_MOBILE': 'intl_paren', 'STREET': 'slash', 'AGE': 'jaar'}"
CASE000840,M,65-79,turkish,West-Vlaanderen,Vlaanderen,town,Serkan Korkmaz,dr. Els Coppens,dr. Veerle Van Damme,Gul Sahin,Nicht,65,man,08-05-2026,08/05/2026,31/10/2023,º8/2/1961,61.02.08-141.41,1 90044 76 018,BE93 6304 8733 8567,4555079320082246,Nieuwvest 197,8800,Roeselare,03 780 06 84,0495523518,serkan.korkmaz@proximus.be,https://www.azmariamiddelares.be,AZ Maria Middelares,Cardiologie,boezemfibrilleren,ziekte van Hashimoto,Barthel-index 90,m. Infraspinatus,L-thyroxine 50 mcg,Atorstatine 20 mg,as 165 graden,3x/week,RYGB,no evidence of malignancy,,False,patient,patient,de heer,hij,zijn,"{'INSZ': 'dotted', 'RIZIV': 'spaced', 'IBAN': 'grouped', 'DATE_ENCOUNTER': 'dd-mm-yyyy', 'DATE_VALIDATION': 'dd/mm/yyyy', 'DATE_HISTORY': 'dd/mm/yyyy', 'DOB': 'masc_ordinal', 'TELEFOON': 'spaced', 'TELEFOON_MOBILE': 'plain', 'STREET': 'plain', 'AGE': 'bare'}"
CASE000841,F,65-79,flemish,Oost-Vlaanderen,Vlaanderen,rural,Sofie Peeters,dr. Mireille Kabongo,dr. Dirk Verhoeven,Hilde Jacobs,Zus,72-jarige,vrouw,16 april 2026,18/04/2026,31.12.2015,°14 apr 1954,54 04 14 382 69,1-64732-71-004,BE87137548515683,4101995321059785,Eikenplein 100/3,9600,Ronse,058 14 27 35,+32 474 12 91 34,sofie.peeters@proximus.be,https://www.imeldaziekenhuis.be,Imeldaziekenhuis,Oftalmologie,cataract incipiens bilateraal,ziekte van Hashimoto,Jaeger transfertest,V. Saphena magna,D-cure 25 000 ie,Nexiam 20 mg,boomstructuur van de bronchi,FEV1/FVC 73.17,OS,shared decision making,,False,patient,patiente,mevrouw,zij,haar,"{'INSZ': 'spaced', 'RIZIV': 'dashed', 'IBAN': 'plain', 'DATE_ENCOUNTER': 'text_nl', 'DATE_VALIDATION': 'dd/mm/yyyy', 'DATE_HISTORY': 'dd.mm.yyyy', 'DOB': 'degree', 'TELEFOON': 'spaced', 'TELEFOON_MOBILE': 'intl', 'STREET': 'slash', 'AGE': 'jarige'}"
CASE000842,M,65-79,flemish,Antwerpen,Vlaanderen,urban,Pieter De Backer,dr. Elena Romano,dr. Dirk Jacobs,Dirk Vermeulen,Broer,75-jarige,man,25.05.2026,25.05.2026,13/05/2018,°20-06-1950,50.06.20-309.86,8-07018-22-006,BE83 0335 6576 2981,4679167127944014,Weverpad 179B,2018,Antwerpen,053/29.39.72,0493 93 89 16,pieter.debacker@skynet.be,https://www.azzeepreventorium.be,AZ Zeepreventorium,Reumatologie,reumatoide artritis,ziekte van Von Willebrand,teken van Tinel,lig. Collaterale mediale,Lyumjev kwikpen,Ozempic 1 mg,boomstructuur van de bronchi,18u,NSAID,SSp testen positief,,False,patient,patient,de heer,hij,zijn,"{'INSZ': 'dotted', 'RIZIV': 'dashed', 'IBAN': 'grouped', 'DATE_ENCOUNTER': 'dd.mm.yyyy', 'DATE_VALIDATION': 'dd.mm.yyyy', 'DATE_HISTORY': 'dd/mm/yyyy', 'DOB': 'degree', 'TELEFOON': 'slash_dot', 'TELEFOON_MOBILE': 'spaced', 'STREET': 'letter', 'AGE': 'jarige'}"
CASE000843,F,50-64,flemish,Antwerpen,Vlaanderen,town,An Vermeulen,dr. Elena Esposito,dr. Wim Mertens,Jonas Janssens,Zoon,62 jaar,vrouw,28-05-2026,28-05-2026,02-05-2021,°07/07/1963,63 07 07 400 83,92379236008,BE58 7529 9235 0708,4729126981533453,Nieuwdreef 164 bus 15,2500,Lier,04-982 78 14,0471/43.84.95,an.vermeulen@skynet.be,https://www.kliniekrivierenland.be,Kliniek Rivierenland,Pneumologie,obstructief longlijden GOLD II,syndroom van Sjogren,Glasgow Coma Scale 15,m. Deltoideus,Lambipol 100 mg,Asaflow 80 mg,peervormige galblaas,3x,tvv,no evidence of malignancy,,False,patient,patiente,mevrouw,zij,haar,"{'INSZ': 'spaced', 'RIZIV': 'plain', 'IBAN': 'grouped', 'DATE_ENCOUNTER': 'dd-mm-yyyy', 'DATE_VALIDATION': 'dd-mm-yyyy', 'DATE_HISTORY': 'dd-mm-yyyy', 'DOB': 'degree', 'TELEFOON': 'dashed', 'TELEFOON_MOBILE': 'slash_dot', 'STREET': 'bus', 'AGE': 'jaar'}"
CASE000844,M,18-34,flemish,Antwerpen,Vlaanderen,town,Marc Mertens,dr. Nele Wouters,dr. Kris Wouters,Filip Vermeulen,Zoon,21-jarige,man,2026-04-19,2026-04-20,12 november 2024,°03-06-2004,04 06 03 795 46,73513132018,BE54 0384 1035 1776,4832995874279638,Wilgenlei 155,2440,Geel,+32 4 912 83 11,0496 73 36 74,marc.mertens@telenet.be,https://www.kliniekdamiaan.be,Kliniek Damiaan,Neurologie,"epilepsie, in remissie",syndroom van Raynaud,Barthel-index 90,N. Medianus,Ibuprofen 400 mg,Ozempic 1 mg,beeld passend bij bursitis,4.95*,OD,full range of motion,,False,patient,patient,de heer,hij,zijn,"{'INSZ': 'spaced', 'RIZIV': 'plain', 'IBAN': 'grouped', 'DATE_ENCOUNTER': 'yyyy-mm-dd', 'DATE_VALIDATION': 'yyyy-mm-dd', 'DATE_HISTORY': 'text_nl', 'DOB': 'degree', 'TELEFOON': 'intl', 'TELEFOON_MOBILE': 'spaced', 'STREET': 'plain', 'AGE': 'jarige'}"
CASE000845,F,65-79,flemish,Antwerpen,Vlaanderen,town,Ann Maes,dr. Ann Lambert,dr. Dirk Verhoeven,Nele Willems,Dochter,76,vrouw,22 mei 2026,22/05/2026,22.12.2020,º06/11/1949,49.11.06-920.06,97891905018,BE76246489006458,4283962577416168,Bakkerbaan 1,2500,Lier,+32 (0)4/075.56.94,0478-49 93 56,ann.maes@proximus.be,https://www.kliniekonzelievevrouw.be,Kliniek Onze-Lieve-Vrouw,Oftalmologie,open kamerhoek glaucoom,ziekte van Bechterew,Bristol-schaal type 4,A. Radialis,Ozempic 1 mg,Pantomed 40 mg,as 165 graden,BD: 146/68,RYGB,full range of motion,,False,patient,patiente,mevrouw,zij,haar,"{'INSZ': 'dotted', 'RIZIV': 'plain', 'IBAN': 'plain', 'DATE_ENCOUNTER': 'text_nl', 'DATE_VALIDATION': 'dd/mm/yyyy', 'DATE_HISTORY': 'dd.mm.yyyy', 'DOB': 'masc_ordinal', 'TELEFOON': 'intl_paren', 'TELEFOON_MOBILE': 'dashed', 'STREET': 'plain', 'AGE': 'bare'}"
CASE000846,M,35-49,flemish,West-Vlaanderen,Vlaanderen,rural,Dirk Vermeulen,dr. Femke Coppens,dr. Bart Wouters,Tine Mertens,Nicht,40-jarige,man,09-05-2026,10/05/2026,22-07-2023,°10/4/1986,86.04.10 931 21,4-30887-84-004,BE89 4567 4684 0313,4816549806184646,Veldring 106A,8700,Tielt,011/10.78.67,0495 05 47 27,dirk.vermeulen@gmail.com,https://www.uzdevoorzorg.be,UZ De Voorzorg,Oftalmologie,geen diabetische retinopathie,ziekte van Bechterew,Snellen 1,V. Saphena magna,Paracetamol 1 g,Progor retard 180 mg,lintvormige stoelgang,2cc,OD,full range of motion,,False,patient,patient,de heer,hij,zijn,"{'INSZ': 'mixed', 'RIZIV': 'dashed', 'IBAN': 'grouped', 'DATE_ENCOUNTER': 'dd-mm-yyyy', 'DATE_VALIDATION': 'dd/mm/yyyy', 'DATE_HISTORY': 'dd-mm-yyyy', 'DOB': 'degree', 'TELEFOON': 'slash_dot', 'TELEFOON_MOBILE': 'spaced', 'STREET': 'letter', 'AGE': 'jarige'}"
CASE000847,F,0-17,southern_european,Antwerpen,Vlaanderen,rural,Ana Garcia,dr. Lode Jacobs,dr. Giuseppe Fernandez,Sofia Garcia,Tante,12,vrouw,29/4/2026,29-04-2026,12/2018,°17-02-2014,14.02.17 862 32,14643040480,BE37 1756 7792 7841,4457244917648267,Gaverpark 84,2400,Mol,09 164 02 26,+32 496 84 94 16,ana.garcia@telenet.be,https://www.imeldaziekenhuis.be,Imeldaziekenhuis,Reumatologie,osteoporose,syndroom van Raynaud,Glasgow Coma Scale 15,m. Infraspinatus,Asaflow 80 mg,Cose protect,molaire zwangerschap uitgesloten,FEV1/FVC 73.17,nle,no evidence of malignancy,,False,patient,patiente,mevrouw,zij,haar,"{'INSZ': 'mixed', 'RIZIV': 'plain', 'IBAN': 'grouped', 'DATE_ENCOUNTER': 'd/m/yyyy', 'DATE_VALIDATION': 'dd-mm-yyyy', 'DATE_HISTORY': 'mm/yyyy', 'DOB': 'degree', 'TELEFOON': 'spaced', 'TELEFOON_MOBILE': 'intl', 'STREET': 'plain', 'AGE': 'bare'}"
CASE000848,M,80-95,flemish,Brussel-Hoofdstad,Brussel,urban,Lode Goossens,dr. Hamza Rahmani,dr. Ayse Ozturk,Marc De Backer,Broer,87-jarige,man,23 mei 2026,25/05/2026,03.11.2019,º28-07-1938,38.07.28-395.97,1-60301-40-030,BE09 4448 2397 5882,4063548539610489,Veldlei 187A,1030,Schaarbeek,09 380 40 44,0485095051,lode.goossens@telenet.be,https://www.imeldaziekenhuis.be,Imeldaziekenhuis,Algemene Heelkunde,ziekte van Von Willebrand,teken van Lasegue,Glasgow Coma Scale 15,M. Biceps caput longum,Ozempic 1 mg,Ibuprofen 400 mg,lintvormige stoelgang,22u,co,watchful waiting,,False,patient,patient,de heer,hij,zijn,"{'INSZ': 'dotted', 'RIZIV': 'dashed', 'IBAN': 'grouped', 'DATE_ENCOUNTER': 'text_nl', 'DATE_VALIDATION': 'dd/mm/yyyy', 'DATE_HISTORY': 'dd.mm.yyyy', 'DOB': 'masc_ordinal', 'TELEFOON': 'spaced', 'TELEFOON_MOBILE': 'plain', 'STREET': 'letter', 'AGE': 'jarige'}"
CASE000849,F,35-49,eastern_european,Antwerpen,Vlaanderen,rural,Elena Popescu,dr. Kris De Backer,dr. Pieter Coppens,Vasile Ionescu,Zoon,46,vrouw,7/5/2026,9/5/2026,25/08/2015,°1980-05-12,80.05.12-832.38,3-12069-77-003,BE44 1372 7374 1453,4733385683695705,Kasteelweg 203,2400,Mol,019/63.05.12,0472522556,elena.popescu@telenet.be,https://www.algemeenziekenhuissintlucas.be,Algemeen Ziekenhuis Sint-Lucas,Pneumologie,obstructief longlijden GOLD II,ziekte van Dupuytren,Humphrey - perimetrie,N. Medianus,Paracetamol 1 g,Atorstatine 20 mg,boomstructuur van de bronchi,22u,APO,Painful arc beiderzijds +,,False,patient,patiente,mevrouw,zij,haar,"{'INSZ': 'dotted', 'RIZIV': 'dashed', 'IBAN': 'grouped', 'DATE_ENCOUNTER': 'd/m/yyyy', 'DATE_VALIDATION': 'd/m/yyyy', 'DATE_HISTORY': 'dd/mm/yyyy', 'DOB': 'degree', 'TELEFOON': 'slash_dot', 'TELEFOON_MOBILE': 'plain', 'STREET': 'plain', 'AGE': 'bare'}"
CASE000850,M,50-64,flemish,West-Vlaanderen,Vlaanderen,town,Bart Goossens,dr. Tom Lambert,dr. Tomasz Kowalski,Lode De Smet,Zoon,59,man,24/5/2026,24 mei 2026,02/09/2018,°30 december 1966,66.12.30 517 53,2-96033-11-480,BE05 1493 2106 0675,4934571615633602,Hoevelaan 73 bus 11,8400,Oostende,089 07 00 96,0491 55 59 39,bart.goossens@gmail.com,https://www.azheilighart.be,AZ Heilig Hart,Urologie,epididymitis links,ziekte van Hashimoto,Humphrey - perimetrie,M. Biceps caput longum,Paracetamol 1 g,D-cure 25 000 ie,boomstructuur van de bronchi,BMI 20.808,NSAID,blurr-test,,False,patient,patient,de heer,hij,zijn,"{'INSZ': 'mixed', 'RIZIV': 'dashed', 'IBAN': 'grouped', 'DATE_ENCOUNTER': 'd/m/yyyy', 'DATE_VALIDATION': 'text_nl', 'DATE_HISTORY': 'dd/mm/yyyy', 'DOB': 'degree', 'TELEFOON': 'spaced', 'TELEFOON_MOBILE': 'spaced', 'STREET': 'bus', 'AGE': 'bare'}"
CASE000851,F,18-34,southern_european,Antwerpen,Vlaanderen,rural,Elena Fernandez,dr. Luc Vermeulen,dr. Kris Dubois,Paulo Ferrari,Neef,25-jarige,vrouw,03-05-2026,03/05/2026,05/02/2020,º22 september 2000,00092254056,88205563003,BE39 1472 0808 3552,4682930073703873,Zonnevest 52B,2400,Mol,054 78 58 73,0499/95.87.33,elena.fernandez@gmail.com,https://www.ziekenhuisdamiaan.be,Ziekenhuis Damiaan,Gastro-enterologie,ulcus anastomoticum,syndroom van Raynaud,Phalen-test,m. Deltoideus,L-thyroxine 50 mcg,Ventolin aerosol,molaire zwangerschap uitgesloten,1/d,co,no evidence of malignancy,,False,patient,patiente,mevrouw,zij,haar,"{'INSZ': 'plain', 'RIZIV': 'plain', 'IBAN': 'grouped', 'DATE_ENCOUNTER': 'dd-mm-yyyy', 'DATE_VALIDATION': 'dd/mm/yyyy', 'DATE_HISTORY': 'dd/mm/yyyy', 'DOB': 'masc_ordinal', 'TELEFOON': 'spaced', 'TELEFOON_MOBILE': 'slash_dot', 'STREET': 'letter', 'AGE': 'jarige'}"
CASE000852,M,35-49,flemish,Limburg,Vlaanderen,town,Filip De Backer,dr. Marleen Willems,dr. Leen De Backer,Femke Coppens,Dochter,42 jaar,man,26/04/2026,28/4/2026,15/1/2020,º1984-01-23,84 01 23 779 11,9 70287 04 030,BE34055072049993,4894338053634718,Dorpdries 189,3800,Sint-Truiden,055004270,0477-77 52 96,filip.debacker@gmail.com,https://www.znamiddelheim.be,ZNA Middelheim,Oftalmologie,open kamerhoek glaucoom,syndroom van Guillain-Barre,Glasgow Coma Scale 15,M. Biceps caput longum,Metformine viatris 500 mg,Pantomed 40 mg,beers-teken afwezig,2/d,i.o.m.,watchful waiting,,False,patient,patient,de heer,hij,zijn,"{'INSZ': 'spaced', 'RIZIV': 'spaced', 'IBAN': 'plain', 'DATE_ENCOUNTER': 'dd/mm/yyyy', 'DATE_VALIDATION': 'd/m/yyyy', 'DATE_HISTORY': 'd/m/yyyy', 'DOB': 'masc_ordinal', 'TELEFOON': 'plain', 'TELEFOON_MOBILE': 'dashed', 'STREET': 'plain', 'AGE': 'jaar'}"
CASE000853,F,65-79,flemish,Oost-Vlaanderen,Vlaanderen,rural,Ann Willems,dr. Vasile Kaminski,dr. Marleen Dubois,Rik Coppens,Vader,69,vrouw,22/05/2026,24-05-2026,25.05.2025,°08-04-1957,57.04.08-534.63,51922021008,BE31 4200 6012 3127,4578653578666737,Oudepad 43,9600,Ronse,013/05.66.32,0475-35 54 27,ann.willems@gmail.com,https://www.kliniekheilighart.be,Kliniek Heilig Hart,Fysische Geneeskunde en revalidatie,lumbaal facettair syndroom,ziekte van Dupuytren,Snellen 1,M. Supraspinatus,Lyumjev kwikpen,Glucagen hypokit,geel verkleurde sclerae,FEV1/FVC 73.17,NSAID,SSp testen positief,,False,patient,patiente,mevrouw,zij,haar,"{'INSZ': 'dotted', 'RIZIV': 'plain', 'IBAN': 'grouped', 'DATE_ENCOUNTER': 'dd/mm/yyyy', 'DATE_VALIDATION': 'dd-mm-yyyy', 'DATE_HISTORY': 'dd.mm.yyyy', 'DOB': 'degree', 'TELEFOON': 'slash_dot', 'TELEFOON_MOBILE': 'dashed', 'STREET': 'plain', 'AGE': 'bare'}"
CASE000854,M,50-64,southern_european,Oost-Vlaanderen,Vlaanderen,rural,Paulo Esposito,dr. Katrien Van Acker,dr. Bart Van Damme,Maria Costa,Zus,55-jarige,man,2026-05-14,15/05/2026,04/08/2024,°1970-10-07,70 10 07 429 28,1-11807-34-006,BE98245660665929,4477716315938099,Dorppad 229,9500,Geraardsbergen,059/11.62.59,0497-78 95 57,paulo.esposito@gmail.com,https://www.jessaziekenhuis.be,Jessa Ziekenhuis,Fysische Geneeskunde en revalidatie,supraspinatuspeestendinose bilateraal,ziekte van Parkinson,Bristol-schaal type 4,lig. Collaterale mediale,Ventolin aerosol,Sipralexa 20 mg,geel verkleurde sclerae,1/w,co,watchful waiting,,False,patient,patient,de heer,hij,zijn,"{'INSZ': 'spaced', 'RIZIV': 'dashed', 'IBAN': 'plain', 'DATE_ENCOUNTER': 'yyyy-mm-dd', 'DATE_VALIDATION': 'dd/mm/yyyy', 'DATE_HISTORY': 'dd/mm/yyyy', 'DOB': 'degree', 'TELEFOON': 'slash_dot', 'TELEFOON_MOBILE': 'dashed', 'STREET': 'plain', 'AGE': 'jarige'}"
CASE000855,F,50-64,flemish,Limburg,Vlaanderen,urban,Els Vermeulen,dr. Yassine El Fassi,dr. Rafael Costa,Femke De Smet,Grootmoeder,58-jarige,vrouw,05.05.2026,07-05-2026,16-05-2022,°20-01-1968,68012052222,9-32761-88-018,BE72 3201 8376 2668,4133733264081942,Schoolstraat 154,3500,Hasselt,019 86 68 81,0483822796,els.vermeulen@proximus.be,https://www.azalma.be,AZ Alma,Oftalmologie,geen diabetische retinopathie,syndroom van Raynaud,Glasgow Coma Scale 15,M. Biceps caput longum,Lyumjev kwikpen,Asaflow 80 mg,beers-teken afwezig,BD: 146/68,PPI,shared decision making,,False,patient,patiente,mevrouw,zij,haar,"{'INSZ': 'plain', 'RIZIV': 'dashed', 'IBAN': 'grouped', 'DATE_ENCOUNTER': 'dd.mm.yyyy', 'DATE_VALIDATION': 'dd-mm-yyyy', 'DATE_HISTORY': 'dd-mm-yyyy', 'DOB': 'degree', 'TELEFOON': 'spaced', 'TELEFOON_MOBILE': 'plain', 'STREET': 'plain', 'AGE': 'jarige'}"
CASE000856,M,35-49,flemish,Vlaams-Brabant,Vlaanderen,town,Wouter Verhoeven,dr. Marleen Verhoeven,dr. Serge Kabongo,Veerle Mertens,Moeder,44-jarige,man,30-04-2026,2026-04-30,20 mei 2025,º1982-04-04,82.04.04-293.76,5-47424-44-018,BE26 9927 9109 6642,4557538825784372,Oudeweg 78,1930,Zaventem,+32 55 65 45 66,0471/24.56.06,wouter.verhoeven@telenet.be,https://www.znamiddelheim.be,ZNA Middelheim,Orthopedie,gonartrose bilateraal,ziekte van Crohn,Romberg negatief,m. Infraspinatus,Paracetamol 1 g,Diltiazemzalf 2%,molaire zwangerschap uitgesloten,T 37.2,antec.,no evidence of malignancy,,False,patient,patient,de heer,hij,zijn,"{'INSZ': 'dotted', 'RIZIV': 'dashed', 'IBAN': 'grouped', 'DATE_ENCOUNTER': 'dd-mm-yyyy', 'DATE_VALIDATION': 'yyyy-mm-dd', 'DATE_HISTORY': 'text_abbr', 'DOB': 'masc_ordinal', 'TELEFOON': 'intl', 'TELEFOON_MOBILE': 'slash_dot', 'STREET': 'plain', 'AGE': 'jarige'}"
CASE000857,F,18-34,central_african,Vlaams-Brabant,Vlaanderen,town,Josiane Mwamba,dr. Elif Aydin,dr. Khadija Cherkaoui,Didier Mbala,Oom,33 jaar,vrouw,2026-04-17,2026-04-18,26/12/2024,°30 augustus 1992,92.08.30-412.94,9-69288-33-006,BE53119235040164,4742378376231473,Kerklaan 10,1930,Zaventem,089-00 37 08,0472385426,josiane.mwamba@telenet.be,https://www.klinieksintvincentius.be,Kliniek Sint-Vincentius,Orthopedie,carpaal tunnelsyndroom,ziekte van Crohn,Jaeger transfertest,A. Radialis,Paracetamol 1 g,Asaflow 80 mg,molaire zwangerschap uitgesloten,3x,NSAID,no evidence of malignancy,,False,patient,patiente,mevrouw,zij,haar,"{'INSZ': 'dotted', 'RIZIV': 'dashed', 'IBAN': 'plain', 'DATE_ENCOUNTER': 'yyyy-mm-dd', 'DATE_VALIDATION': 'yyyy-mm-dd', 'DATE_HISTORY': 'dd/mm/yyyy', 'DOB': 'degree', 'TELEFOON': 'dashed', 'TELEFOON_MOBILE': 'plain', 'STREET': 'plain', 'AGE': 'jaar'}"
CASE000858,M,35-49,southern_european,Antwerpen,Vlaanderen,town,Marco Romano,dr. Stijn Verhoeven,dr. Chantal Mbala,Miguel Ferrari,Grootvader,37-jarige,man,21-05-2026,21 mei 2026,30-08-2019,°20-11-1988,88.11.20 603 43,5-09600-38-018,BE28 4002 5699 1957,4288239275413879,Oudekaai 179 bus 5,2200,Herentals,014/45.91.98,0473922727,marco.romano@telenet.be,https://www.znamiddelheim.be,ZNA Middelheim,Orthopedie,gonartrose bilateraal,ziekte van Graves,teken van Tinel,m. Deltoideus,Nexiam 20 mg,Asaflow 80 mg,molaire zwangerschap uitgesloten,T 37.2,OD,full range of motion,,False,patient,patient,de heer,hij,zijn,"{'INSZ': 'mixed', 'RIZIV': 'dashed', 'IBAN': 'grouped', 'DATE_ENCOUNTER': 'dd-mm-yyyy', 'DATE_VALIDATION': 'text_nl', 'DATE_HISTORY': 'dd-mm-yyyy', 'DOB': 'degree', 'TELEFOON': 'slash_dot', 'TELEFOON_MOBILE': 'plain', 'STREET': 'bus', 'AGE': 'jarige'}"
CASE000859,F,18-34,eastern_european,West-Vlaanderen,Vlaanderen,urban,Agnieszka Kowalski,dr. Burak Korkmaz,dr. Stijn Jacobs,Andrzej Zielinski,Oom,27 jaar,vrouw,29-04-2026,01-05-2026,11-06-2019,°21-02-1999,99.02.21-392.04,1-10811-60-003,BE17 9160 1324 9986,4143692009125851,Kasteellei 176,8500,Kortrijk,089 53 72 44,0488-92 15 20,agnieszka.kowalski@skynet.be,https://www.ziekenhuisdamiaan.be,Ziekenhuis Damiaan,Dermatologie,atopisch eczeem,syndroom van Raynaud,Snellen 1,M. Subscapularis,Trianal suppo,Injectafer 1000 mg,beeld passend bij bursitis,300 ie/ml 1.5 ml,i.o.m.,blurr-test,,False,patient,patiente,mevrouw,zij,haar,"{'INSZ': 'dotted', 'RIZIV': 'dashed', 'IBAN': 'grouped', 'DATE_ENCOUNTER': 'dd-mm-yyyy', 'DATE_VALIDATION': 'dd-mm-yyyy', 'DATE_HISTORY': 'dd-mm-yyyy', 'DOB': 'degree', 'TELEFOON': 'spaced', 'TELEFOON_MOBILE': 'dashed', 'STREET': 'plain', 'AGE': 'jaar'}"
CASE000860,M,65-79,flemish,Vlaams-Brabant,Vlaanderen,rural,Marc Van Peer,dr. Lore De Backer,dr. Chantal Kalala,Marleen Van den Berghe,Zus,74-jarige,man,28 mei 2026,29-05-2026,13/10/2017,°06.11.1951,51.11.06 115 77,6-72280-27-003,BE58731409426527,4195372817740897,Vijverpark 146C,3200,Aarschot,+32 (0)11/35.62.70,0472 02 84 46,marc.vanpeer@proximus.be,https://www.algemeenziekenhuisvesalius.be,Algemeen Ziekenhuis Vesalius,Gastro-enterologie,status na gastric bypass (RYGB),syndroom van Guillain-Barre,Barthel-index 90,lig. Collaterale mediale,Progor retard 180 mg,Paracetamol 1 g,boomstructuur van de bronchi,1/w,ESWT,SSp testen positief,,True,patient,patient,de heer,hij,zijn,"{'INSZ': 'mixed', 'RIZIV': 'dashed', 'IBAN': 'plain', 'DATE_ENCOUNTER': 'text_abbr', 'DATE_VALIDATION': 'dd-mm-yyyy', 'DATE_HISTORY': 'dd/mm/yyyy', 'DOB': 'degree', 'TELEFOON': 'intl_paren', 'TELEFOON_MOBILE': 'spaced', 'STREET': 'letter', 'AGE': 'jarige'}"
CASE000861,F,35-49,flemish,Antwerpen,Vlaanderen,urban,Leen Coppens,dr. Geert De Clercq,dr. Krzysztof Ionescu,Tine De Backer,Grootmoeder,46-jarige,vrouw,23-04-2026,25-04-2026,22.10.2015,º07/01/1980,80.01.07-362.48,6-13321-10-004,BE20 7412 5808 2039,4836194102829630,Kouterplein 100 bus 16,2800,Mechelen,04 130 09 32,0486 37 51 22,leen.coppens@telenet.be,https://www.kliniekdamiaan.be,Kliniek Damiaan,Fysische Geneeskunde en revalidatie,supraspinatuspeestendinose bilateraal,ziekte van Parkinson,Phalen-test,m. Deltoideus,Trianal suppo,Ibuprofen 400 mg,peervormige galblaas,0.5 mg,PRP,blurr-test,,False,patient,patiente,mevrouw,zij,haar,"{'INSZ': 'dotted', 'RIZIV': 'dashed', 'IBAN': 'grouped', 'DATE_ENCOUNTER': 'dd-mm-yyyy', 'DATE_VALIDATION': 'dd-mm-yyyy', 'DATE_HISTORY': 'dd.mm.yyyy', 'DOB': 'masc_ordinal', 'TELEFOON': 'spaced', 'TELEFOON_MOBILE': 'spaced', 'STREET': 'bus', 'AGE': 'jarige'}"
CASE000862,M,18-34,flemish,Limburg,Vlaanderen,rural,Rik De Clercq,dr. Filip De Clercq,dr. Leen Vermeulen,Leen Peeters,Zus,23 jaar,man,14 apr 2026,14 apr 2026,2024-01-27,º26/10/2002,02.10.26 071 66,7-65947-62-004,BE22 7023 9656 0723,4009911971580858,Langeplein 126A,3700,Tongeren,02 243 65 21,0471 56 81 34,rik.declercq@telenet.be,https://www.uzheilighart.be,UZ Heilig Hart,Pneumologie,obstructief slaapapneusyndroom,ziekte van Crohn,Humphrey - perimetrie,N. Medianus,Asaflow 80 mg,Paracetamol 1 g,hamstringletsel links,3x/week,NSAID,shared decision making,,False,patient,patient,de heer,hij,zijn,"{'INSZ': 'mixed', 'RIZIV': 'dashed', 'IBAN': 'grouped', 'DATE_ENCOUNTER': 'text_abbr', 'DATE_VALIDATION': 'text_abbr', 'DATE_HISTORY': 'yyyy-mm-dd', 'DOB': 'masc_ordinal', 'TELEFOON': 'spaced', 'TELEFOON_MOBILE': 'spaced', 'STREET': 'letter', 'AGE': 'jaar'}"
CASE000863,F,65-79,central_african,Antwerpen,Vlaanderen,rural,Josiane Tshibangu,dr. Geert De Clercq,dr. Patrick Bope,Grace Kalala,Grootmoeder,65,vrouw,2026-05-22,23/05/2026,21-01-2019,º16/04/1961,61.04.16-996.27,2-12690-31-004,BE48 3007 8306 6834,4799052334750914,Vissersdreef 156 bus 10,2400,Mol,059 34 83 59,0475-59 42 29,josiane.tshibangu@gmail.com,https://www.kliniekzeepreventorium.be,Kliniek Zeepreventorium,NKO,chronische rhinosinusitis,teken van Lasegue,Goldmann applanatie,N. Medianus,Depakine chrono 500 mg,Lambipol 100 mg,as 165 graden,22u,PRP,watchful waiting,,False,patient,patiente,mevrouw,zij,haar,"{'INSZ': 'dotted', 'RIZIV': 'dashed', 'IBAN': 'grouped', 'DATE_ENCOUNTER': 'yyyy-mm-dd', 'DATE_VALIDATION': 'dd/mm/yyyy', 'DATE_HISTORY': 'dd-mm-yyyy', 'DOB': 'masc_ordinal', 'TELEFOON': 'spaced', 'TELEFOON_MOBILE': 'dashed', 'STREET': 'bus', 'AGE': 'bare'}"
CASE000864,M,65-79,eastern_european,Oost-Vlaanderen,Vlaanderen,rural,Andrzej Dimitrov,dr. Katrien Van Damme,dr. Iwona Dimitrov,Magdalena Zielinski,Tante,73 jaar,man,25-05-2026,27-05-2026,23 jun 2021,°29/09/1952,52.09.29-177.11,9-15918-53-003,BE52 0225 4809 4199,4481444394469266,Meerskaai 179,9400,Ninove,+32 (0)59/61.69.00,0483/31.33.91,andrzej.dimitrov@gmail.com,https://www.znamiddelheim.be,ZNA Middelheim,Gastro-enterologie,status na gastric bypass (RYGB),ziekte van Parkinson,Phalen-test,M. Supraspinatus,Trianal suppo,Progor retard 180 mg,geel verkleurde sclerae,4.95*,co,Painful arc beiderzijds +,,False,patient,patient,de heer,hij,zijn,"{'INSZ': 'dotted', 'RIZIV': 'dashed', 'IBAN': 'grouped', 'DATE_ENCOUNTER': 'dd-mm-yyyy', 'DATE_VALIDATION': 'dd-mm-yyyy', 'DATE_HISTORY': 'text_abbr', 'DOB': 'degree', 'TELEFOON': 'intl_paren', 'TELEFOON_MOBILE': 'slash_dot', 'STREET': 'plain', 'AGE': 'jaar'}"
CASE000865,F,35-49,southern_european,Limburg,Vlaanderen,urban,Ana Santos,dr. Antonio Fernandez,dr. Katrien Claes,Miguel Esposito,Grootvader,49-jarige,vrouw,27/05/2026,27 mei 2026,12/12/2024,°1977-03-05,77030584264,9-22147-32-480,BE29487485476458,4660506890255283,Oudepark 237B,3500,Hasselt,014584009,0486 23 81 42,ana.santos@gmail.com,https://www.znamiddelheim.be,ZNA Middelheim,Endocrinologie,hypothyreoidie,syndroom van Sjogren,Romberg negatief,V. Saphena magna,Metformine viatris 500 mg,Asaflow 80 mg,lintvormige stoelgang,BMI 20.808,RYGB,SSp testen positief,,False,patient,patiente,mevrouw,zij,haar,"{'INSZ': 'plain', 'RIZIV': 'dashed', 'IBAN': 'plain', 'DATE_ENCOUNTER': 'dd/mm/yyyy', 'DATE_VALIDATION': 'text_nl', 'DATE_HISTORY': 'dd/mm/yyyy', 'DOB': 'degree', 'TELEFOON': 'plain', 'TELEFOON_MOBILE': 'spaced', 'STREET': 'letter', 'AGE': 'jarige'}"
CASE000866,M,50-64,eastern_european,West-Vlaanderen,Vlaanderen,urban,Andrzej Wisniewski,dr. Femke Goossens,dr. Wouter Goossens,Piotr Nowak,Broer,52,man,18 mei 2026,2026-05-19,8 juni 2024,°10 april 1974,74.04.10-289.23,5-69870-05-003,BE53580930294785,4268201202152628,Vissersvest 24,8500,Kortrijk,04-650 37 15,0496 03 01 61,andrzej.wisniewski@telenet.be,https://www.algemeenziekenhuisheilighart.be,Algemeen Ziekenhuis Heilig Hart,NKO,chronische rhinosinusitis,syndroom van Guillain-Barre,Bristol-schaal type 4,A. Radialis,Paracetamol 1 g,Injectafer 1000 mg,molaire zwangerschap uitgesloten,T 37.2,nle,SSp testen positief,,False,patient,patient,de heer,hij,zijn,"{'INSZ': 'dotted', 'RIZIV': 'dashed', 'IBAN': 'plain', 'DATE_ENCOUNTER': 'text_abbr', 'DATE_VALIDATION': 'yyyy-mm-dd', 'DATE_HISTORY': 'text_nl', 'DOB': 'degree', 'TELEFOON': 'dashed', 'TELEFOON_MOBILE': 'spaced', 'STREET': 'plain', 'AGE': 'bare'}"
CASE000867,F,18-34,flemish,West-Vlaanderen,Vlaanderen,rural,Lieve Peeters,dr. Leen Vermeulen,dr. Marleen Coppens,Sofie Jacobs,Nicht,34-jarige,vrouw,22-05-2026,22/05/2026,2025,°3 aug 1991,91080382681,6-17454-48-007,BE05361756979712,4391782640834448,Koutersteenweg 31,8700,Tielt,03 760 61 71,+32 (0)484/43.88.07,lieve.peeters@skynet.be,https://www.algemeenziekenhuissintvincentius.be,Algemeen Ziekenhuis Sint-Vincentius,Neurologie,migraine met aura,syndroom van Raynaud,Snellen 1,M. Subscapularis,Ventolin aerosol,Ventolin aerosol,molaire zwangerschap uitgesloten,T 37.2,OS,no evidence of malignancy,,False,patient,patiente,mevrouw,zij,haar,"{'INSZ': 'plain', 'RIZIV': 'dashed', 'IBAN': 'plain', 'DATE_ENCOUNTER': 'dd-mm-yyyy', 'DATE_VALIDATION': 'dd/mm/yyyy', 'DATE_HISTORY': 'yyyy', 'DOB': 'degree', 'TELEFOON': 'spaced', 'TELEFOON_MOBILE': 'intl_paren', 'STREET': 'plain', 'AGE': 'jarige'}"
CASE000868,M,18-34,flemish,Oost-Vlaanderen,Vlaanderen,urban,Wouter Van den Berghe,dr. Hamza Idrissi,dr. Rik Maes,Sofie Willems,Grootmoeder,34,man,28/05/2026,29.05.2026,31/8/2017,°11-04-1992,92.04.11-403.63,4-44914-25-008,BE38 4863 3347 1219,4245311571826526,Kerkdreef 63 bus 18,9000,Gent,012934877,0485 05 12 28,wouter.vandenberghe@skynet.be,https://www.imeldaziekenhuis.be,Imeldaziekenhuis,Gastro-enterologie,ferriprieve anaemie,syndroom van Guillain-Barre,Humphrey - perimetrie,M. Biceps caput longum,Sipralexa 20 mg,Ventolin aerosol,hamstringletsel links,3x,ivm,shared decision making,,False,patient,patient,de heer,hij,zijn,"{'INSZ': 'dotted', 'RIZIV': 'dashed', 'IBAN': 'grouped', 'DATE_ENCOUNTER': 'dd/mm/yyyy', 'DATE_VALIDATION': 'dd.mm.yyyy', 'DATE_HISTORY': 'd/m/yyyy', 'DOB': 'degree', 'TELEFOON': 'plain', 'TELEFOON_MOBILE': 'spaced', 'STREET': 'bus', 'AGE': 'bare'}"
CASE000869,F,50-64,flemish,Vlaams-Brabant,Vlaanderen,rural,Els Declercq,dr. Yassine El Amrani,dr. Marleen Coppens,Koen De Smet,Broer,63 jaar,vrouw,2 mei 2026,3 mei 2026,17/12/2024,°9 sep 1962,62.09.09-720.84,2-69660-97-008,BE23608202460208,4207113503366894,Hoevehof 155,3200,Aarschot,+32 (0)12/39.68.39,0471216420,els.declercq@proximus.be,https://www.znamiddelheim.be,ZNA Middelheim,Neurologie,perifere polyneuropathie,manoeuvre van Valsalva,Schirmer-test,M. Subscapularis,Injectafer 1000 mg,Diltiazemzalf 2%,boomstructuur van de bronchi,3x,nle,full range of motion,,False,patient,patiente,mevrouw,zij,haar,"{'INSZ': 'dotted', 'RIZIV': 'dashed', 'IBAN': 'plain', 'DATE_ENCOUNTER': 'text_nl', 'DATE_VALIDATION': 'text_nl', 'DATE_HISTORY': 'dd/mm/yyyy', 'DOB': 'degree', 'TELEFOON': 'intl_paren', 'TELEFOON_MOBILE': 'plain', 'STREET': 'plain', 'AGE': 'jaar'}"
CASE000870,M,50-64,eastern_european,West-Vlaanderen,Vlaanderen,rural,Andrzej Marinescu,dr. Ana Moreira,dr. Esra Dogan,Miroslav Kowalski,Oom,52 jaar,man,24/05/2026,26/05/2026,24/11/2023,°23 dec 1973,73.12.23-093.58,5 03927 85 008,BE04 3404 6930 5410,4423997767532995,Veldkaai 194,8700,Tielt,050 71 20 07,0472/49.71.05,andrzej.marinescu@skynet.be,https://www.azmariamiddelares.be,AZ Maria Middelares,Oftalmologie,open kamerhoek glaucoom,manoeuvre van Valsalva,Humphrey - perimetrie,V. Saphena magna,Injectafer 1000 mg,Ozempic 1 mg,beeld passend bij bursitis,spO2: 94%,co,no evidence of malignancy,,False,patient,patient,de heer,hij,zijn,"{'INSZ': 'dotted', 'RIZIV': 'spaced', 'IBAN': 'grouped', 'DATE_ENCOUNTER': 'dd/mm/yyyy', 'DATE_VALIDATION': 'dd/mm/yyyy', 'DATE_HISTORY': 'dd/mm/yyyy', 'DOB': 'degree', 'TELEFOON': 'spaced', 'TELEFOON_MOBILE': 'slash_dot', 'STREET': 'plain', 'AGE': 'jaar'}"
CASE000871,F,18-34,flemish,West-Vlaanderen,Vlaanderen,urban,Hilde Jacobs,dr. Tom Wouters,dr. Jan Vermeulen,Sofie De Backer,Tante,27 jaar,vrouw,27/04/2026,27/04/2026,16/01/2020,°14/01/1999,99.01.14-708.85,5-15571-81-007,BE60 9341 4793 5622,4578141277015331,Kerkdries 87,8500,Kortrijk,04 901 75 24,0470/09.58.46,hilde.jacobs@gmail.com,https://www.azalma.be,AZ Alma,Oftalmologie,droge maculadegeneratie,manoeuvre van Valsalva,Jaeger transfertest,V. Saphena magna,L-thyroxine 50 mcg,Cose protect,peervormige galblaas,-0.25 ^ -0.25 as 165 graden,ESWT,blurr-test,,False,patient,patiente,mevrouw,zij,haar,"{'INSZ': 'dotted', 'RIZIV': 'dashed', 'IBAN': 'grouped', 'DATE_ENCOUNTER': 'dd/mm/yyyy', 'DATE_VALIDATION': 'dd/mm/yyyy', 'DATE_HISTORY': 'dd/mm/yyyy', 'DOB': 'degree', 'TELEFOON': 'spaced', 'TELEFOON_MOBILE': 'slash_dot', 'STREET': 'plain', 'AGE': 'jaar'}"
CASE000872,M,50-64,maghrebi,Oost-Vlaanderen,Vlaanderen,rural,Ismail Alaoui,dr. Tolga Celik,dr. Geert Willems,Yassine El Habti,Neef,51-jarige,man,18/05/2026,18/05/2026,4 jun 2018,°30-04-1975,75.04.30-647.56,9-91767-58-007,BE85413688931004,4758344173098185,Meersweg 143 bus 11,9400,Ninove,019 33 43 26,0495 86 27 23,ismail.alaoui@telenet.be,https://www.azdamiaan.be,AZ Damiaan,Fysische Geneeskunde en revalidatie,lumbaal facettair syndroom,syndroom van Cushing,Barthel-index 90,M. Subscapularis,Nexiam 20 mg,Paracetamol 1 g,peervormige galblaas,22u,ESWT,shared decision making,,False,patient,patient,de heer,hij,zijn,"{'INSZ': 'dotted', 'RIZIV': 'dashed', 'IBAN': 'plain', 'DATE_ENCOUNTER': 'dd/mm/yyyy', 'DATE_VALIDATION': 'dd/mm/yyyy', 'DATE_HISTORY': 'text_abbr', 'DOB': 'degree', 'TELEFOON': 'spaced', 'TELEFOON_MOBILE': 'spaced', 'STREET': 'bus', 'AGE': 'jarige'}"
CASE000873,F,50-64,flemish,Oost-Vlaanderen,Vlaanderen,urban,Inge Verhoeven,dr. Karim El Amrani,dr. Tolga Celik,An Van Acker,Moeder,53 jaar,vrouw,19 apr 2026,19-04-2026,07/03/2021,°06-08-1972,72 08 06 962 38,4-66511-59-018,BE96847266627908,4139311653126455,Vijverlei 140/16,9000,Gent,03/348.33.75,+32 (0)496/57.81.80,inge.verhoeven@gmail.com,https://www.algemeenziekenhuisonzelievevrouw.be,Algemeen Ziekenhuis Onze-Lieve-Vrouw,Fysische Geneeskunde en revalidatie,laterale epicondylitis rechts,syndroom van Cushing,Barthel-index 90,A. Radialis,Pantomed 40 mg,Progor retard 180 mg,lintvormige stoelgang,2/d,i.o.m.,full range of motion,,False,patient,patiente,mevrouw,zij,haar,"{'INSZ': 'spaced', 'RIZIV': 'dashed', 'IBAN': 'plain', 'DATE_ENCOUNTER': 'text_abbr', 'DATE_VALIDATION': 'dd-mm-yyyy', 'DATE_HISTORY': 'dd/mm/yyyy', 'DOB': 'degree', 'TELEFOON': 'slash_dot', 'TELEFOON_MOBILE': 'intl_paren', 'STREET': 'slash', 'AGE': 'jaar'}"
CASE000874,M,65-79,flemish,Vlaams-Brabant,Vlaanderen,town,Tom Goossens,dr. Ann Declercq,dr. Sara El Amrani,Jonas Jacobs,Zoon,66 jaar,man,13/05/2026,15-05-2026,11/2022,º19-07-1959,59.07.19 143 90,1-24775-64-006,BE07 0349 2795 2809,4987568192995913,Hogedries 117,1930,Zaventem,09-630 70 99,0499/36.69.69,tom.goossens@telenet.be,https://www.azklina.be,AZ Klina,Gastro-enterologie,ferriprieve anaemie,ziekte van Von Willebrand,Jaeger transfertest,V. Saphena magna,Nexiam 20 mg,Cose protect,boomstructuur van de bronchi,300 ie/ml 1.5 ml,APO,SSp testen positief,,False,patient,patiente,de heer,hij,zijn,"{'INSZ': 'mixed', 'RIZIV': 'dashed', 'IBAN': 'grouped', 'DATE_ENCOUNTER': 'dd/mm/yyyy', 'DATE_VALIDATION': 'dd-mm-yyyy', 'DATE_HISTORY': 'm/yyyy', 'DOB': 'masc_ordinal', 'TELEFOON': 'dashed', 'TELEFOON_MOBILE': 'slash_dot', 'STREET': 'plain', 'AGE': 'jaar'}"
CASE000875,F,50-64,eastern_european,Antwerpen,Vlaanderen,town,Magdalena Novak,dr. Sofie Mertens,dr. Tom Peeters,Ionut Popescu,Zoon,52-jarige,vrouw,13/5/2026,15/5/2026,25/01/2018,°04-12-1973,73.12.04-846.69,20248650030,BE56 3409 3520 4107,4226008884391346,Kortesteenweg 174,2500,Lier,016 96 59 78,0491 02 06 67,magdalena.novak@gmail.com,https://www.algemeenziekenhuissintvincentius.be,Algemeen Ziekenhuis Sint-Vincentius,Fysische Geneeskunde en revalidatie,bekkenbodemhypertonie,syndroom van Sjogren,Humphrey - perimetrie,M. Biceps caput longum,Progor retard 180 mg,Lambipol 100 mg,beers-teken afwezig,300 ie/ml 1.5 ml,co,watchful waiting,,False,patient,patiente,mevrouw,zij,haar,"{'INSZ': 'dotted', 'RIZIV': 'plain', 'IBAN': 'grouped', 'DATE_ENCOUNTER': 'd/m/yyyy', 'DATE_VALIDATION': 'd/m/yyyy', 'DATE_HISTORY': 'dd/mm/yyyy', 'DOB': 'degree', 'TELEFOON': 'spaced', 'TELEFOON_MOBILE': 'spaced', 'STREET': 'plain', 'AGE': 'jarige'}"
CASE000876,M,35-49,flemish,Brussel-Hoofdstad,Brussel,urban,Jonas Wouters,dr. Tom Vermeulen,dr. Luc Peeters,Lode Mertens,Grootvader,47-jarige,man,19.04.2026,21 april 2026,07-06-2023,°14/06/1978,78.06.14 867 05,8 83205 77 004,BE64103247644011,4942236532714725,Vissersdreef 3,1000,Brussel,+32 14 09 77 66,0477130406,jonas.wouters@proximus.be,https://www.uzsintvincentius.be,UZ Sint-Vincentius,Dermatologie,atopisch eczeem,ziekte van Von Willebrand,Romberg negatief,A. Radialis,Lyumjev kwikpen,Lambipol 100 mg,boomstructuur van de bronchi,1 a 2 /d,tvv,SSp testen positief,,False,patient,patiente,de heer,hij,zijn,"{'INSZ': 'mixed', 'RIZIV': 'spaced', 'IBAN': 'plain', 'DATE_ENCOUNTER': 'dd.mm.yyyy', 'DATE_VALIDATION': 'text_nl', 'DATE_HISTORY': 'dd-mm-yyyy', 'DOB': 'degree', 'TELEFOON': 'intl', 'TELEFOON_MOBILE': 'plain', 'STREET': 'plain', 'AGE': 'jarige'}"
CASE000877,F,65-79,flemish,Oost-Vlaanderen,Vlaanderen,town,Leen De Smet,dr. Cem Yilmaz,dr. Cem Demir,Lore Van den Berghe,Grootmoeder,79 jaar,vrouw,27/05/2026,28 mei 2026,12 augustus 2023,°05-02-1947,47.02.05-674.80,4-31476-77-480,BE33 5985 9896 7753,4342264101442300,Wilgenring 124A,9100,Sint-Niklaas,+32 4 788 22 33,0483 67 54 17,leen.desmet@proximus.be,https://www.uzrivierenland.be,UZ Rivierenland,Oftalmologie,cataract incipiens bilateraal,ziekte van Bechterew,Phalen-test,N. Medianus,Pantomed 40 mg,Pantomed 40 mg,as 165 graden,1/d,antec.,Painful arc beiderzijds +,,False,patient,patiente,mevrouw,zij,haar,"{'INSZ': 'dotted', 'RIZIV': 'dashed', 'IBAN': 'grouped', 'DATE_ENCOUNTER': 'dd/mm/yyyy', 'DATE_VALIDATION': 'text_nl', 'DATE_HISTORY': 'text_nl', 'DOB': 'degree', 'TELEFOON': 'intl', 'TELEFOON_MOBILE': 'spaced', 'STREET': 'letter', 'AGE': 'jaar'}"
CASE000878,M,18-34,flemish,Limburg,Vlaanderen,rural,Bart De Backer,dr. Jan Goossens,dr. Hafida Rahmani,An Mertens,Tante,21,man,16/4/2026,18 apr 2026,2019,°1/2/2005,05.02.01-645.55,7-57016-69-004,BE44908151102777,4469482545763449,Bakkerhof 59,3630,Maasmechelen,055469265,0493-05 23 70,bart.debacker@gmail.com,https://www.algemeenziekenhuisonzelievevrouw.be,Algemeen Ziekenhuis Onze-Lieve-Vrouw,Endocrinologie,type 2 diabetes mellitus,ziekte van Hashimoto,Glasgow Coma Scale 15,M. Subscapularis,Atorstatine 20 mg,Atorstatine 20 mg,geel verkleurde sclerae,12u,nle,watchful waiting,,False,patient,patient,de heer,hij,zijn,"{'INSZ': 'dotted', 'RIZIV': 'dashed', 'IBAN': 'plain', 'DATE_ENCOUNTER': 'd/m/yyyy', 'DATE_VALIDATION': 'text_abbr', 'DATE_HISTORY': 'yyyy', 'DOB': 'degree', 'TELEFOON': 'plain', 'TELEFOON_MOBILE': 'dashed', 'STREET': 'plain', 'AGE': 'bare'}"
CASE000879,F,35-49,southern_european,Oost-Vlaanderen,Vlaanderen,town,Giulia Ferrari,dr. Mohamed El Habti,dr. Leen Dubois,Lucia Rossi,Nicht,49 jaar,vrouw,28 apr 2026,28-04-2026,15.07.2021,°20/03/1977,77.03.20-564.86,3-02270-79-003,BE18 9354 7423 7360,4718106319854485,Nieuwweg 26B,9200,Dendermonde,02 532 38 84,0491 78 43 47,giulia.ferrari@telenet.be,https://www.kliniekgroeninge.be,Kliniek Groeninge,Neurologie,"epilepsie, in remissie",ziekte van Bechterew,Phalen-test,lig. Collaterale mediale,Sipralexa 20 mg,Metformine viatris 500 mg,as 165 graden,1 a 2 /d,PRP,watchful waiting,,False,patient,patiente,mevrouw,zij,haar,"{'INSZ': 'dotted', 'RIZIV': 'dashed', 'IBAN': 'grouped', 'DATE_ENCOUNTER': 'text_abbr', 'DATE_VALIDATION': 'dd-mm-yyyy', 'DATE_HISTORY': 'dd.mm.yyyy', 'DOB': 'degree', 'TELEFOON': 'spaced', 'TELEFOON_MOBILE': 'spaced', 'STREET': 'letter', 'AGE': 'jaar'}"
CASE000880,M,65-79,flemish,Limburg,Vlaanderen,rural,Luc Van den Berghe,dr. Lore Claes,dr. Ann Declercq,Griet Lambert,Dochter,71-jarige,man,13-05-2026,15-05-2026,09/10/2020,°23 november 1954,54.11.23-817.92,16235127003,BE50 6227 9704 5578,4373668031697605,Abdijpad 178/16,3900,Pelt,03 543 36 06,0476 63 52 07,luc.vandenberghe@gmail.com,https://www.algemeenziekenhuismariamiddelares.be,Algemeen Ziekenhuis Maria Middelares,Fysische Geneeskunde en revalidatie,supraspinatuspeestendinose bilateraal,syndroom van Cushing,Barthel-index 90,M. Biceps caput longum,Metformine viatris 500 mg,Sipralexa 20 mg,as 165 graden,1/d,PRP,SSp testen positief,,False,patient,patient,de heer,hij,zijn,"{'INSZ': 'dotted', 'RIZIV': 'plain', 'IBAN': 'grouped', 'DATE_ENCOUNTER': 'dd-mm-yyyy', 'DATE_VALIDATION': 'dd-mm-yyyy', 'DATE_HISTORY': 'dd/mm/yyyy', 'DOB': 'degree', 'TELEFOON': 'spaced', 'TELEFOON_MOBILE': 'spaced', 'STREET': 'slash', 'AGE': 'jarige'}"
CASE000881,F,65-79,flemish,Limburg,Vlaanderen,urban,Sofie Wouters,dr. Geert Maes,dr. Bart De Backer,Wim Vermeulen,Neef,76-jarige,vrouw,20/05/2026,21.05.2026,24/01/2022,º24 augustus 1949,49.08.24-312.53,9-16227-35-004,BE08 7913 9443 8014,4644458164946158,Marktlaan 20,3500,Hasselt,09 931 33 36,0483 22 68 03,sofie.wouters@skynet.be,https://www.kliniekzeepreventorium.be,Kliniek Zeepreventorium,Fysische Geneeskunde en revalidatie,laterale epicondylitis rechts,ziekte van Hashimoto,Glasgow Coma Scale 15,A. Radialis,Diltiazemzalf 2%,Glucagen hypokit,molaire zwangerschap uitgesloten,-0.25 ^ -0.25 as 165 graden,ESWT,SSp testen positief,,False,patient,patiente,mevrouw,zij,haar,"{'INSZ': 'dotted', 'RIZIV': 'dashed', 'IBAN': 'grouped', 'DATE_ENCOUNTER': 'dd/mm/yyyy', 'DATE_VALIDATION': 'dd.mm.yyyy', 'DATE_HISTORY': 'dd/mm/yyyy', 'DOB': 'masc_ordinal', 'TELEFOON': 'spaced', 'TELEFOON_MOBILE': 'spaced', 'STREET': 'plain', 'AGE': 'jarige'}"
CASE000882,M,35-49,flemish,Oost-Vlaanderen,Vlaanderen,rural,Stijn De Clercq,dr. Anas El Amrani,dr. Karim Bouzid,Nele Peeters,Moeder,47-jarige,man,14/04/2026,2026-04-16,14/10/2019,°03/10/1978,78.10.03-935.04,67671455480,BE37339589874589,4124662569512510,Meerslaan 210,9600,Ronse,089 79 76 47,+32 479 88 71 52,stijn.declercq@gmail.com,https://www.uzsintblasius.be,UZ Sint-Blasius,Fysische Geneeskunde en revalidatie,supraspinatuspeestendinose bilateraal,ziekte van Dupuytren,Jaeger transfertest,V. Saphena magna,Ibuprofen 400 mg,Asaflow 80 mg,peervormige galblaas,2cc,ESWT,shared decision making,,False,patient,patient,de heer,hij,zijn,"{'INSZ': 'dotted', 'RIZIV': 'plain', 'IBAN': 'plain', 'DATE_ENCOUNTER': 'dd/mm/yyyy', 'DATE_VALIDATION': 'yyyy-mm-dd', 'DATE_HISTORY': 'dd/mm/yyyy', 'DOB': 'degree', 'TELEFOON': 'spaced', 'TELEFOON_MOBILE': 'intl', 'STREET': 'plain', 'AGE': 'jarige'}"
CASE000883,F,65-79,southern_european,Limburg,Vlaanderen,town,Lucia Moreira,dr. Griet Claes,dr. Stijn De Backer,Ana Garcia,Dochter,67 jaar,vrouw,07/05/2026,09/05/2026,19/08/2019,º18-09-1958,58.09.18-654.87,7-80515-44-006,BE63 8672 9319 0884,4607818295219384,Hoeveweg 48B,3600,Genk,058/41.93.62,+32 498 89 26 11,lucia.moreira@proximus.be,https://www.azdamiaan.be,AZ Damiaan,Oftalmologie,cataract incipiens bilateraal,ziekte van Parkinson,Jaeger transfertest,M. Subscapularis,Trianal suppo,Lambipol 100 mg,geel verkleurde sclerae,1/w,OD,blurr-test,,False,patient,patiente,mevrouw,zij,haar,"{'INSZ': 'dotted', 'RIZIV': 'dashed', 'IBAN': 'grouped', 'DATE_ENCOUNTER': 'dd/mm/yyyy', 'DATE_VALIDATION': 'dd/mm/yyyy', 'DATE_HISTORY': 'dd/mm/yyyy', 'DOB': 'masc_ordinal', 'TELEFOON': 'slash_dot', 'TELEFOON_MOBILE': 'intl', 'STREET': 'letter', 'AGE': 'jaar'}"
CASE000884,M,18-34,southern_european,West-Vlaanderen,Vlaanderen,town,Angelo Rossi,dr. Luc Willems,dr. Wouter Goossens,Carmela Ferrari,Dochter,29-jarige,man,11/05/2026,12 mei 2026,16-05-2016,º27/12/1996,96.12.27-681.27,8-95273-37-007,BE95504812183690,4924011628016802,Bloemkaai 40,8900,Ieper,02 920 18 87,+32 498 53 81 76,angelo.rossi@gmail.com,https://www.uzrivierenland.be,UZ Rivierenland,Orthopedie,gonartrose bilateraal,syndroom van Sjogren,Jaeger transfertest,V. Saphena magna,Glucagen hypokit,Cose protect,lintvormige stoelgang,spO2: 94%,PRP,full range of motion,,False,patient,patient,de heer,hij,zijn,"{'INSZ': 'dotted', 'RIZIV': 'dashed', 'IBAN': 'plain', 'DATE_ENCOUNTER': 'dd/mm/yyyy', 'DATE_VALIDATION': 'text_abbr', 'DATE_HISTORY': 'dd-mm-yyyy', 'DOB': 'masc_ordinal', 'TELEFOON': 'spaced', 'TELEFOON_MOBILE': 'intl', 'STREET': 'plain', 'AGE': 'jarige'}"
CASE000885,F,18-34,flemish,Vlaams-Brabant,Vlaanderen,town,Veerle Lambert,dr. Marc Mertens,dr. Katrien Vermeulen,Femke De Clercq,Zus,18-jarige,vrouw,14/05/2026,16/5/2026,21/12/2018,º05-12-2007,07120521688,8-12088-93-004,BE72 6901 9523 1299,4611857001092077,Bakkerdreef 38,1700,Dilbeek,089 30 04 49,0491345270,veerle.lambert@skynet.be,https://www.ziekenhuissintblasius.be,Ziekenhuis Sint-Blasius,Algemene Heelkunde,ziekte van Von Willebrand,syndroom van Guillain-Barre,Glasgow Coma Scale 15,A. Radialis,Sipralexa 20 mg,Ozempic 1 mg,molaire zwangerschap uitgesloten,BMI 20.808,nle,Painful arc beiderzijds +,,False,patient,patiente,mevrouw,zij,haar,"{'INSZ': 'plain', 'RIZIV': 'dashed', 'IBAN': 'grouped', 'DATE_ENCOUNTER': 'dd/mm/yyyy', 'DATE_VALIDATION': 'd/m/yyyy', 'DATE_HISTORY': 'dd/mm/yyyy', 'DOB': 'masc_ordinal', 'TELEFOON': 'spaced', 'TELEFOON_MOBILE': 'plain', 'STREET': 'plain', 'AGE': 'jarige'}"
CASE000886,M,80-95,flemish,Vlaams-Brabant,Vlaanderen,town,Kris Declercq,dr. Veerle Maes,dr. Leen Declercq,Bart Lambert,Oom,90,man,27.05.2026,28.05.2026,17/09/2023,°03/09/1935,35090316162,9 09312 63 004,BE86 3981 3422 1767,4120459387959633,Oudelaan 16,1500,Halle,+32 (0)55/13.11.03,+32 (0)489/03.58.59,kris.declercq@proximus.be,https://www.uzsintvincentius.be,UZ Sint-Vincentius,NKO,chronische rhinosinusitis,ziekte van Graves,Goldmann applanatie,N. Medianus,Metformine viatris 500 mg,Sipralexa 20 mg,beers-teken afwezig,3x/week,ivm,full range of motion,,False,patient,patient,de heer,hij,zijn,"{'INSZ': 'plain', 'RIZIV': 'spaced', 'IBAN': 'grouped', 'DATE_ENCOUNTER': 'dd.mm.yyyy', 'DATE_VALIDATION': 'dd.mm.yyyy', 'DATE_HISTORY': 'dd/mm/yyyy', 'DOB': 'degree', 'TELEFOON': 'intl_paren', 'TELEFOON_MOBILE': 'intl_paren', 'STREET': 'plain', 'AGE': 'bare'}"
CASE000887,F,18-34,flemish,Antwerpen,Vlaanderen,rural,Nele Lambert,dr. Rik Maes,dr. Pieter Van Damme,Leen Claes,Grootmoeder,19-jarige,vrouw,25/04/2026,25/04/2026,01-03-2021,°18-10-2006,06.10.18-858.88,8-48985-56-008,BE80 2894 6586 9454,4397944740158664,Marktwal 230,2860,Sint-Katelijne-Waver,051/27.57.14,0472 22 47 44,nele.lambert@proximus.be,https://www.imeldaziekenhuis.be,Imeldaziekenhuis,Reumatologie,reumatoide artritis,manoeuvre van Valsalva,Jaeger transfertest,lig. Collaterale mediale,Toujeo solostar,Progor retard 180 mg,hamstringletsel links,HR: 68,NSAID,shared decision making,,False,patient,patiente,mevrouw,zij,haar,"{'INSZ': 'dotted', 'RIZIV': 'dashed', 'IBAN': 'grouped', 'DATE_ENCOUNTER': 'dd/mm/yyyy', 'DATE_VALIDATION': 'dd/mm/yyyy', 'DATE_HISTORY': 'dd-mm-yyyy', 'DOB': 'degree', 'TELEFOON': 'slash_dot', 'TELEFOON_MOBILE': 'spaced', 'STREET': 'plain', 'AGE': 'jarige'}"
CASE000888,M,65-79,southern_european,Limburg,Vlaanderen,urban,Marco Ferrari,dr. Wim Willems,dr. Carmela Moreira,Rafael Rossi,Neef,76-jarige,man,2026-05-25,25.05.2026,12 jun 2016,°1 apr 1950,50.04.01-119.56,4-23592-07-006,BE76 7588 0378 4217,4116993478776296,Nieuwlaan 155,3500,Hasselt,+32 (0)4/951.10.96,+32 456 90 57 03,marco.ferrari@gmail.com,https://www.uzgroeninge.be,UZ Groeninge,Gastro-enterologie,diverticulose sigmoid,syndroom van Raynaud,Phalen-test,lig. Collaterale mediale,Trianal suppo,Lambipol 100 mg,beeld passend bij bursitis,T 37.2,tvv,blurr-test,,False,patient,patient,de heer,hij,zijn,"{'INSZ': 'dotted', 'RIZIV': 'dashed', 'IBAN': 'grouped', 'DATE_ENCOUNTER': 'yyyy-mm-dd', 'DATE_VALIDATION': 'dd.mm.yyyy', 'DATE_HISTORY': 'text_abbr', 'DOB': 'degree', 'TELEFOON': 'intl_paren', 'TELEFOON_MOBILE': 'intl', 'STREET': 'plain', 'AGE': 'jarige'}"
CASE000889,F,65-79,flemish,Antwerpen,Vlaanderen,town,Katrien Mertens,dr. Marc Van den Berghe,dr. Deniz Celik,Tom De Smet,Oom,79-jarige,vrouw,16-04-2026,17-04-2026,27-05-2021,º7 sep 1946,46.09.07-526.02,99309291480,BE52 1039 0765 9096,4046084674072485,Hogesteenweg 111C,2440,Geel,03 132 81 56,+32 (0)486/64.23.28,katrien.mertens@telenet.be,https://www.azdelta.be,AZ Delta,Neurologie,perifere polyneuropathie,ziekte van Dupuytren,Humphrey - perimetrie,V. Saphena magna,Injectafer 1000 mg,Trianal suppo,lintvormige stoelgang,3x/week,nle,no evidence of malignancy,,False,patient,patiente,mevrouw,zij,haar,"{'INSZ': 'dotted', 'RIZIV': 'plain', 'IBAN': 'grouped', 'DATE_ENCOUNTER': 'dd-mm-yyyy', 'DATE_VALIDATION': 'dd-mm-yyyy', 'DATE_HISTORY': 'dd-mm-yyyy', 'DOB': 'masc_ordinal', 'TELEFOON': 'spaced', 'TELEFOON_MOBILE': 'intl_paren', 'STREET': 'letter', 'AGE': 'jarige'}"
CASE000890,M,50-64,flemish,Antwerpen,Vlaanderen,rural,Lode Jacobs,dr. Lode Dubois,dr. Ilham Cherkaoui,Katrien Goossens,Tante,54-jarige,man,26 mei 2026,27-05-2026,20/3/2025,º1971-12-30,71123016723,98040967006,BE51426034830007,4697816266714160,Veldring 49,2400,Mol,+32 16 07 36 61,0498/76.90.51,lode.jacobs@skynet.be,https://www.kliniekrivierenland.be,Kliniek Rivierenland,Fysische Geneeskunde en revalidatie,bekkenbodemhypertonie,ziekte van Bechterew,Bristol-schaal type 4,N. Medianus,Cose protect,Injectafer 1000 mg,beeld passend bij bursitis,2/d,tvv,blurr-test,,False,patient,patient,de heer,hij,zijn,"{'INSZ': 'plain', 'RIZIV': 'plain', 'IBAN': 'plain', 'DATE_ENCOUNTER': 'text_nl', 'DATE_VALIDATION': 'dd-mm-yyyy', 'DATE_HISTORY': 'd/m/yyyy', 'DOB': 'masc_ordinal', 'TELEFOON': 'intl', 'TELEFOON_MOBILE': 'slash_dot', 'STREET': 'plain', 'AGE': 'jarige'}"
CASE000891,F,80-95,eastern_european,West-Vlaanderen,Vlaanderen,rural,Katarzyna Wisniewski,dr. Griet Van Acker,dr. Serge Ilunga,Miroslav Zielinski,Vader,83 jaar,vrouw,12-05-2026,14 mei 2026,7/11/2018,°09-04-1943,43040926607,2-51546-72-030,BE69 5733 2750 4240,4927812598339919,Weversteenweg 230 bus 12,8700,Tielt,09 873 70 14,0495 64 58 61,katarzyna.wisniewski@gmail.com,https://www.azalma.be,AZ Alma,Oftalmologie,geen diabetische retinopathie,syndroom van Cushing,Bristol-schaal type 4,M. Supraspinatus,Depakine chrono 500 mg,Ventolin aerosol,as 165 graden,22u,NSAID,Painful arc beiderzijds +,,False,patient,patiente,mevrouw,zij,haar,"{'INSZ': 'plain', 'RIZIV': 'dashed', 'IBAN': 'grouped', 'DATE_ENCOUNTER': 'dd-mm-yyyy', 'DATE_VALIDATION': 'text_abbr', 'DATE_HISTORY': 'd/m/yyyy', 'DOB': 'degree', 'TELEFOON': 'spaced', 'TELEFOON_MOBILE': 'spaced', 'STREET': 'bus', 'AGE': 'jaar'}"
CASE000892,M,18-34,maghrebi,Vlaams-Brabant,Vlaanderen,town,Mohamed Benali,dr. Ismail Idrissi,dr. Sofie Van Acker,Nadia Idrissi,Grootmoeder,22-jarige,man,18 april 2026,20-04-2026,05/07/2020,°15/11/2003,03.11.15-161.43,5-42032-04-008,BE39477437062463,4413106660297290,Weverdries 227,1800,Vilvoorde,02 716 27 66,0489/91.89.39,mohamed.benali@proximus.be,https://www.azalma.be,AZ Alma,Reumatologie,osteoporose,ziekte van Graves,Humphrey - perimetrie,M. Supraspinatus,Progor retard 180 mg,Depakine chrono 500 mg,beeld passend bij bursitis,-0.25 ^ -0.25 as 165 graden,PRP,Painful arc beiderzijds +,,False,patient,patient,de heer,hij,zijn,"{'INSZ': 'dotted', 'RIZIV': 'dashed', 'IBAN': 'plain', 'DATE_ENCOUNTER': 'text_nl', 'DATE_VALIDATION': 'dd-mm-yyyy', 'DATE_HISTORY': 'dd/mm/yyyy', 'DOB': 'degree', 'TELEFOON': 'spaced', 'TELEFOON_MOBILE': 'slash_dot', 'STREET': 'plain', 'AGE': 'jarige'}"
CASE000893,F,65-79,flemish,Vlaams-Brabant,Vlaanderen,town,Tine Coppens,dr. Grace Nkosi,dr. Yassine Ouazzani,Lode Dubois,Broer,65-jarige,vrouw,07-05-2026,9 mei 2026,23 mei 2016,°8 mei 1961,61.05.08-978.01,2-93822-88-030,BE42528961089304,4741586795240872,Bloemberg 94,1700,Dilbeek,058702307,0472/05.95.42,tine.coppens@proximus.be,https://www.uzsintjozef.be,UZ Sint-Jozef,Gastro-enterologie,lichte chronische niet specifieke colitis,ziekte van Crohn,teken van Tinel,N. Medianus,Asaflow 80 mg,Pantomed 40 mg,molaire zwangerschap uitgesloten,100 e/ml 3 ml,ivm,SSp testen positief,,False,patient,patiente,mevrouw,zij,haar,"{'INSZ': 'dotted', 'RIZIV': 'dashed', 'IBAN': 'plain', 'DATE_ENCOUNTER': 'dd-mm-yyyy', 'DATE_VALIDATION': 'text_abbr', 'DATE_HISTORY': 'text_nl', 'DOB': 'degree', 'TELEFOON': 'plain', 'TELEFOON_MOBILE': 'slash_dot', 'STREET': 'plain', 'AGE': 'jarige'}"
CASE000894,M,35-49,southern_european,Antwerpen,Vlaanderen,town,Giuseppe Esposito,dr. Ann Wouters,dr. Rachid Cherkaoui,Sofia Esposito,Dochter,38 jaar,man,24/5/2026,2026-05-26,19 mei 2016,º18 aug 1987,87.08.18-997.55,4-46985-88-030,BE40 9641 8997 8545,4936875741228767,Schoolhof 193A,2440,Geel,04/808.96.58,0479527819,giuseppe.esposito@gmail.com,https://www.azvesalius.be,AZ Vesalius,NKO,chronische rhinosinusitis,ziekte van Von Willebrand,Bristol-schaal type 4,m. Deltoideus,Metformine viatris 500 mg,Nexiam 20 mg,lintvormige stoelgang,1/w,z.n.,full range of motion,,False,patient,patient,de heer,hij,zijn,"{'INSZ': 'dotted', 'RIZIV': 'dashed', 'IBAN': 'grouped', 'DATE_ENCOUNTER': 'd/m/yyyy', 'DATE_VALIDATION': 'yyyy-mm-dd', 'DATE_HISTORY': 'text_abbr', 'DOB': 'masc_ordinal', 'TELEFOON': 'slash_dot', 'TELEFOON_MOBILE': 'plain', 'STREET': 'letter', 'AGE': 'jaar'}"
CASE000895,F,65-79,southern_european,Vlaams-Brabant,Vlaanderen,rural,Maria Costa,dr. Salvatore Santos,dr. Ilham Idrissi,Lucia Rossi,Zus,68-jarige,vrouw,15/05/2026,15 mei 2026,22-02-2019,°19 mei 1958,58.05.19-952.22,8-39326-15-004,BE65365719064688,4502615542771415,Abdijbaan 172 bus 5,3200,Aarschot,04/660.90.28,+32 (0)499/38.08.08,maria.costa@telenet.be,https://www.azklina.be,AZ Klina,NKO,chronische rhinosinusitis,syndroom van Raynaud,teken van Tinel,M. Subscapularis,Ventolin aerosol,Diltiazemzalf 2%,lintvormige stoelgang,3x,OD,watchful waiting,,False,patient,patiente,mevrouw,zij,haar,"{'INSZ': 'dotted', 'RIZIV': 'dashed', 'IBAN': 'plain', 'DATE_ENCOUNTER': 'dd/mm/yyyy', 'DATE_VALIDATION': 'text_nl', 'DATE_HISTORY': 'dd-mm-yyyy', 'DOB': 'degree', 'TELEFOON': 'slash_dot', 'TELEFOON_MOBILE': 'intl_paren', 'STREET': 'bus', 'AGE': 'jarige'}"
CASE000896,M,80-95,central_african,Brussel-Hoofdstad,Brussel,urban,Didier Tshibangu,dr. Wouter Jacobs,dr. Elena Novak,Joseph Kalala,Vader,80,man,23 apr 2026,23-04-2026,2024,°5 augustus 1945,45.08.05-311.55,37486540030,BE98 2531 6969 3949,4290811609629390,Weverhof 259,1030,Schaarbeek,+32 (0)56/52.65.70,+32 484 52 17 67,didier.tshibangu@proximus.be,https://www.azklina.be,AZ Klina,Fysische Geneeskunde en revalidatie,supraspinatuspeestendinose bilateraal,syndroom van Cushing,Bristol-schaal type 4,A. Radialis,D-cure 25 000 ie,Lambipol 100 mg,as 165 graden,1/w,OS,shared decision making,,False,patient,patient,de heer,hij,zijn,"{'INSZ': 'dotted', 'RIZIV': 'plain', 'IBAN': 'grouped', 'DATE_ENCOUNTER': 'text_abbr', 'DATE_VALIDATION': 'dd-mm-yyyy', 'DATE_HISTORY': 'yyyy', 'DOB': 'degree', 'TELEFOON': 'intl_paren', 'TELEFOON_MOBILE': 'intl', 'STREET': 'plain', 'AGE': 'bare'}"
CASE000897,F,80-95,flemish,Oost-Vlaanderen,Vlaanderen,rural,Lieve Mertens,dr. Zuzana Kowalski,dr. Femke Dubois,Filip Lambert,Vader,80-jarige,vrouw,2026-05-04,04-05-2026,19/01/2018,°5 feb 1946,46020591611,52838670004,BE62312401643938,4315308703302462,Abdijdries 192,9500,Geraardsbergen,+32 (0)4/990.56.03,+32 485 51 97 17,lieve.mertens@gmail.com,https://www.imeldaziekenhuis.be,Imeldaziekenhuis,Neurologie,"epilepsie, in remissie",syndroom van Guillain-Barre,Phalen-test,A. Radialis,Diltiazemzalf 2%,Ibuprofen 400 mg,beers-teken afwezig,25 000 ie,RYGB,full range of motion,,False,patient,patiente,mevrouw,zij,haar,"{'INSZ': 'plain', 'RIZIV': 'plain', 'IBAN': 'plain', 'DATE_ENCOUNTER': 'yyyy-mm-dd', 'DATE_VALIDATION': 'dd-mm-yyyy', 'DATE_HISTORY': 'dd/mm/yyyy', 'DOB': 'degree', 'TELEFOON': 'intl_paren', 'TELEFOON_MOBILE': 'intl', 'STREET': 'plain', 'AGE': 'jarige'}"
CASE000898,M,18-34,flemish,Vlaams-Brabant,Vlaanderen,town,Jan Mertens,dr. Lucia Ferrari,dr. Inge Jacobs,Femke Janssens,Nicht,34 jaar,man,12 mei 2026,12/5/2026,22-08-2022,°23/07/1991,91.07.23-827.55,1-80432-85-003,BE57 2536 3007 0558,4369341152564162,Abdijpark 21 bus 6,1800,Vilvoorde,+32 (0)51/75.06.36,+32 (0)483/26.72.79,jan.mertens@proximus.be,https://www.azmariamiddelares.be,AZ Maria Middelares,Fysische Geneeskunde en revalidatie,laterale epicondylitis rechts,ziekte van Von Willebrand,Phalen-test,m. Deltoideus,Lambipol 100 mg,L-thyroxine 50 mcg,beeld passend bij bursitis,spO2: 94%,OD,Painful arc beiderzijds +,,False,patient,patient,de heer,hij,zijn,"{'INSZ': 'dotted', 'RIZIV': 'dashed', 'IBAN': 'grouped', 'DATE_ENCOUNTER': 'text_abbr', 'DATE_VALIDATION': 'd/m/yyyy', 'DATE_HISTORY': 'dd-mm-yyyy', 'DOB': 'degree', 'TELEFOON': 'intl_paren', 'TELEFOON_MOBILE': 'intl_paren', 'STREET': 'bus', 'AGE': 'jaar'}"
CASE000899,F,35-49,flemish,Oost-Vlaanderen,Vlaanderen,town,Lieve De Backer,dr. Wouter Vermeulen,dr. Kaan Yilmaz,Lieve Mertens,Nicht,41 jaar,vrouw,2026-05-24,2026-05-24,12.07.2020,°17 januari 1985,85 01 17 440 66,6-14515-77-007,BE61 7778 7289 8960,4986886359412303,Meerslei 81,9100,Sint-Niklaas,019/60.99.70,0492 79 47 46,lieve.debacker@gmail.com,https://www.ziekenhuisonzelievevrouw.be,Ziekenhuis Onze-Lieve-Vrouw,Pneumologie,obstructief longlijden GOLD II,ziekte van Graves,Phalen-test,lig. Collaterale mediale,Nexiam 20 mg,Ozempic 1 mg,boomstructuur van de bronchi,25 000 ie,nle,Painful arc beiderzijds +,,False,patient,patiente,mevrouw,zij,haar,"{'INSZ': 'spaced', 'RIZIV': 'dashed', 'IBAN': 'grouped', 'DATE_ENCOUNTER': 'yyyy-mm-dd', 'DATE_VALIDATION': 'yyyy-mm-dd', 'DATE_HISTORY': 'dd.mm.yyyy', 'DOB': 'degree', 'TELEFOON': 'slash_dot', 'TELEFOON_MOBILE': 'spaced', 'STREET': 'plain', 'AGE': 'jaar'}"
CASE000900,M,35-49,flemish,Antwerpen,Vlaanderen,urban,Rik Maes,dr. Dirk Mertens,dr. Jonas Wouters,Luc De Smet,Broer,37 jaar,man,11-05-2026,11 mei 2026,25/01/2023,°07-11-1988,88.11.07-279.78,2-07627-50-018,BE94473541084215,4916604009893680,Wilgenplein 80,2800,Mechelen,+32 (0)2/486.29.78,0474 81 64 36,rik.maes@gmail.com,https://www.imeldaziekenhuis.be,Imeldaziekenhuis,Algemene Heelkunde,ziekte van Von Willebrand,ziekte van Von Willebrand,Humphrey - perimetrie,lig. Collaterale mediale,Lyumjev kwikpen,D-cure 25 000 ie,molaire zwangerschap uitgesloten,T 37.2,SSp,no evidence of malignancy,,False,patient,patient,de heer,hij,zijn,"{'INSZ': 'dotted', 'RIZIV': 'dashed', 'IBAN': 'plain', 'DATE_ENCOUNTER': 'dd-mm-yyyy', 'DATE_VALIDATION': 'text_abbr', 'DATE_HISTORY': 'dd/mm/yyyy', 'DOB': 'degree', 'TELEFOON': 'intl_paren', 'TELEFOON_MOBILE': 'spaced', 'STREET': 'plain', 'AGE': 'jaar'}"
CASE000901,F,50-64,southern_european,Limburg,Vlaanderen,town,Ana Rossi,dr. Leen Declercq,dr. Wim Willems,Ana Moreira,Tante,64,vrouw,14.05.2026,14-05-2026,2020-11-10,°18 oktober 1961,61.10.18-316.10,9-16183-79-018,BE13 0381 1109 6553,4626055385558853,Lindering 107,3600,Genk,09/742.26.71,0490/32.30.97,ana.rossi@telenet.be,https://www.imeldaziekenhuis.be,Imeldaziekenhuis,Fysische Geneeskunde en revalidatie,laterale epicondylitis rechts,syndroom van Cushing,Bristol-schaal type 4,V. Saphena magna,Cose protect,Atorstatine 20 mg,boomstructuur van de bronchi,22u,nle,full range of motion,,False,patient,patiente,mevrouw,zij,haar,"{'INSZ': 'dotted', 'RIZIV': 'dashed', 'IBAN': 'grouped', 'DATE_ENCOUNTER': 'dd.mm.yyyy', 'DATE_VALIDATION': 'dd-mm-yyyy', 'DATE_HISTORY': 'yyyy-mm-dd', 'DOB': 'degree', 'TELEFOON': 'slash_dot', 'TELEFOON_MOBILE': 'slash_dot', 'STREET': 'plain', 'AGE': 'bare'}"
CASE000902,M,35-49,flemish,Oost-Vlaanderen,Vlaanderen,rural,Wouter Van Acker,dr. Emre Demir,dr. Kris Mertens,Bart Jacobs,Vader,46-jarige,man,22 mei 2026,24/05/2026,04/11/2015,°13 dec 1979,79 12 13 969 93,19592812480,BE45 9243 0666 4413,4380086665815396,Langestraat 76,9400,Ninove,+32 2 007 49 88,0490/61.09.01,wouter.vanacker@skynet.be,https://www.uzonzelievevrouw.be,UZ Onze-Lieve-Vrouw,Reumatologie,osteoporose,ziekte van Bechterew,Jaeger transfertest,M. Subscapularis,L-thyroxine 50 mcg,L-thyroxine 50 mcg,boomstructuur van de bronchi,2cc,ODS,shared decision making,,False,patient,patient,de heer,hij,zijn,"{'INSZ': 'spaced', 'RIZIV': 'plain', 'IBAN': 'grouped', 'DATE_ENCOUNTER': 'text_nl', 'DATE_VALIDATION': 'dd/mm/yyyy', 'DATE_HISTORY': 'dd/mm/yyyy', 'DOB': 'degree', 'TELEFOON': 'intl', 'TELEFOON_MOBILE': 'slash_dot', 'STREET': 'plain', 'AGE': 'jarige'}"
CASE000903,F,35-49,maghrebi,West-Vlaanderen,Vlaanderen,urban,Hafida Ouazzani,dr. Inge Janssens,dr. Wim Lambert,Anas Ouazzani,Vader,44-jarige,vrouw,2026-04-28,29-04-2026,02/12/2023,º31/10/1981,81.10.31-216.43,2 35629 81 003,BE53 6726 0056 9548,4587873405386767,Brouwershof 75 bus 3,8000,Brugge,011 75 88 22,0474 86 39 65,hafida.ouazzani@gmail.com,https://www.uzonzelievevrouw.be,UZ Onze-Lieve-Vrouw,Gastro-enterologie,ferriprieve anaemie,syndroom van Guillain-Barre,Snellen 1,M. Supraspinatus,Injectafer 1000 mg,Ibuprofen 400 mg,boomstructuur van de bronchi,25 000 ie,antec.,full range of motion,,False,patient,patiente,mevrouw,zij,haar,"{'INSZ': 'dotted', 'RIZIV': 'spaced', 'IBAN': 'grouped', 'DATE_ENCOUNTER': 'yyyy-mm-dd', 'DATE_VALIDATION': 'dd-mm-yyyy', 'DATE_HISTORY': 'dd/mm/yyyy', 'DOB': 'masc_ordinal', 'TELEFOON': 'spaced', 'TELEFOON_MOBILE': 'spaced', 'STREET': 'bus', 'AGE': 'jarige'}"
CASE000904,M,50-64,flemish,Antwerpen,Vlaanderen,urban,Stijn Lambert,dr. Emmanuel Nkosi,dr. Magdalena Wisniewski,Stijn Van Acker,Grootvader,50 jaar,man,26-05-2026,28 mei 2026,21-05-2023,°27-10-1975,75.10.27-145.11,7-54776-78-018,BE98 2563 0645 8803,4448175525391258,Brouwerslei 159,2018,Antwerpen,03-680 89 88,0497 07 75 97,stijn.lambert@proximus.be,https://www.klinieksintjozef.be,Kliniek Sint-Jozef,Cardiologie,boezemfibrilleren,ziekte van Parkinson,teken van Tinel,M. Biceps caput longum,Asaflow 80 mg,Lambipol 100 mg,beeld passend bij bursitis,0.5 mg,tvv,blurr-test,,False,patient,patient,de heer,hij,zijn,"{'INSZ': 'dotted', 'RIZIV': 'dashed', 'IBAN': 'grouped', 'DATE_ENCOUNTER': 'dd-mm-yyyy', 'DATE_VALIDATION': 'text_abbr', 'DATE_HISTORY': 'dd-mm-yyyy', 'DOB': 'degree', 'TELEFOON': 'dashed', 'TELEFOON_MOBILE': 'spaced', 'STREET': 'plain', 'AGE': 'jaar'}"
CASE000905,F,50-64,flemish,West-Vlaanderen,Vlaanderen,town,Lore Schirmer,dr. Tomasz Nowak,dr. Chantal Lumumba,Wim Verhoeven,Broer,56 jaar,vrouw,25 apr 2026,27-04-2026,01/2016,°14 maa 1970,70.03.14-394.95,1-23655-20-008,BE78 7537 8333 2483,4429673074686386,Eikenbaan 201,8900,Ieper,+32 4 718 88 06,+32 (0)493/88.44.09,lore.schirmer@gmail.com,https://www.ziekenhuissintrembert.be,Ziekenhuis Sint-Rembert,Neurologie,migraine met aura,syndroom van Raynaud,Phalen-test,m. Infraspinatus,Atorstatine 20 mg,Pantomed 40 mg,beers-teken afwezig,T 37.2,ESWT,blurr-test,,True,patient,patiente,mevrouw,zij,haar,"{'INSZ': 'dotted', 'RIZIV': 'dashed', 'IBAN': 'grouped', 'DATE_ENCOUNTER': 'text_abbr', 'DATE_VALIDATION': 'dd-mm-yyyy', 'DATE_HISTORY': 'mm/yyyy', 'DOB': 'degree', 'TELEFOON': 'intl', 'TELEFOON_MOBILE': 'intl_paren', 'STREET': 'plain', 'AGE': 'jaar'}"
CASE000906,M,65-79,flemish,West-Vlaanderen,Vlaanderen,rural,Wouter Dubois,dr. Ionut Marinescu,dr. Lode Janssens,Jonas Declercq,Vader,69 jaar,man,25/4/2026,26/4/2026,6 feb 2021,°16.10.1956,56.10.16-925.35,3-16328-86-007,BE35438558557428,4570839226303074,Gaverplein 25 bus 6,8600,Diksmuide,04 130 74 55,0492 04 81 01,wouter.dubois@skynet.be,https://www.uzsintrembert.be,UZ Sint-Rembert,Gastro-enterologie,coeliakie,ziekte van Hashimoto,Romberg negatief,m. Infraspinatus,Ibuprofen 400 mg,Depakine chrono 500 mg,hamstringletsel links,1 a 2 /d,ODS,shared decision making,,False,patient,patient,de heer,hij,zijn,"{'INSZ': 'dotted', 'RIZIV': 'dashed', 'IBAN': 'plain', 'DATE_ENCOUNTER': 'd/m/yyyy', 'DATE_VALIDATION': 'd/m/yyyy', 'DATE_HISTORY': 'text_abbr', 'DOB': 'degree', 'TELEFOON': 'spaced', 'TELEFOON_MOBILE': 'spaced', 'STREET': 'bus', 'AGE': 'jaar'}"
CASE000907,F,18-34,maghrebi,Oost-Vlaanderen,Vlaanderen,town,Ilham Ouazzani,dr. Koen Peeters,dr. Emmanuel Tshibangu,Amina Benali,Nicht,29-jarige,vrouw,27-05-2026,27/05/2026,14 sep 2017,º27.09.1996,96 09 27 052 53,6-33586-18-003,BE88312708917645,4427656570762142,Nieuwplein 236,9300,Aalst,+32 3 454 22 31,0495-63 66 14,ilham.ouazzani@telenet.be,https://www.azklina.be,AZ Klina,Pneumologie,"astma, goed gecontroleerd",ziekte van Bechterew,Goldmann applanatie,N. Medianus,Atorstatine 20 mg,Paracetamol 1 g,peervormige galblaas,1/w,OD,blurr-test,,False,patient,patiente,mevrouw,zij,haar,"{'INSZ': 'spaced', 'RIZIV': 'dashed', 'IBAN': 'plain', 'DATE_ENCOUNTER': 'dd-mm-yyyy', 'DATE_VALIDATION': 'dd/mm/yyyy', 'DATE_HISTORY': 'text_abbr', 'DOB': 'masc_ordinal', 'TELEFOON': 'intl', 'TELEFOON_MOBILE': 'dashed', 'STREET': 'plain', 'AGE': 'jarige'}"
CASE000908,M,0-17,flemish,Vlaams-Brabant,Vlaanderen,town,Marc Van den Berghe,dr. Svetlana Kaminski,dr. Stijn Maes,Marleen Lambert,Dochter,3-jarige,man,2026-05-04,4 mei 2026,2019-02-07,º15-01-2023,23 01 15 003 66,7-54951-97-006,BE20 8169 7920 7850,4555248993087135,Meersring 121,1800,Vilvoorde,04 342 51 70,0499/90.40.64,marc.vandenberghe@telenet.be,https://www.kliniekonzelievevrouw.be,Kliniek Onze-Lieve-Vrouw,Gastro-enterologie,coeliakie,ziekte van Dupuytren,Humphrey - perimetrie,A. Radialis,D-cure 25 000 ie,Diltiazemzalf 2%,beers-teken afwezig,1/d,OD,shared decision making,,False,patient,patient,de heer,hij,zijn,"{'INSZ': 'spaced', 'RIZIV': 'dashed', 'IBAN': 'grouped', 'DATE_ENCOUNTER': 'yyyy-mm-dd', 'DATE_VALIDATION': 'text_nl', 'DATE_HISTORY': 'yyyy-mm-dd', 'DOB': 'masc_ordinal', 'TELEFOON': 'spaced', 'TELEFOON_MOBILE': 'slash_dot', 'STREET': 'plain', 'AGE': 'jarige'}"
CASE000909,F,65-79,maghrebi,Vlaams-Brabant,Vlaanderen,town,Ilham Benali,dr. Koen Jacobs,dr. Geert Van Damme,Hafida Idrissi,Tante,66 jaar,vrouw,26-04-2026,26/04/2026,7 aug 2023,°13-03-1960,60.03.13-740.54,7-22823-21-007,BE27 9221 1014 9886,4158996099326341,Vijverbaan 188,1800,Vilvoorde,09 489 64 32,0478/99.50.75,ilham.benali@skynet.be,https://www.uzsintvincentius.be,UZ Sint-Vincentius,Cardiologie,boezemfibrilleren,ziekte van Von Willebrand,Barthel-index 90,M. Subscapularis,Depakine chrono 500 mg,Toujeo solostar,beeld passend bij bursitis,BD: 146/68,co,blurr-test,,False,patient,patiente,mevrouw,zij,haar,"{'INSZ': 'dotted', 'RIZIV': 'dashed', 'IBAN': 'grouped', 'DATE_ENCOUNTER': 'dd-mm-yyyy', 'DATE_VALIDATION': 'dd/mm/yyyy', 'DATE_HISTORY': 'text_abbr', 'DOB': 'degree', 'TELEFOON': 'spaced', 'TELEFOON_MOBILE': 'slash_dot', 'STREET': 'plain', 'AGE': 'jaar'}"
CASE000910,M,18-34,flemish,Antwerpen,Vlaanderen,urban,Dirk De Boom,dr. Chantal Nkosi,dr. Rachid Idrissi,Ann Dubois,Nicht,29,man,21/04/2026,23-04-2026,25 juni 2015,°17 oktober 1996,96101748722,96723846007,BE21067064071957,4675897015422707,Bergdreef 199C,2800,Mechelen,09/343.19.08,0487/89.27.35,dirk.deboom@proximus.be,https://www.klinieknikolaas.be,Kliniek Nikolaas,Dermatologie,atopisch eczeem,ziekte van Graves,Romberg negatief,lig. Collaterale mediale,Ibuprofen 400 mg,Toujeo solostar,beeld passend bij bursitis,2/d,OS,watchful waiting,,True,patient,patient,de heer,hij,zijn,"{'INSZ': 'plain', 'RIZIV': 'plain', 'IBAN': 'plain', 'DATE_ENCOUNTER': 'dd/mm/yyyy', 'DATE_VALIDATION': 'dd-mm-yyyy', 'DATE_HISTORY': 'text_nl', 'DOB': 'degree', 'TELEFOON': 'slash_dot', 'TELEFOON_MOBILE': 'slash_dot', 'STREET': 'letter', 'AGE': 'bare'}"
CASE000911,F,65-79,flemish,Vlaams-Brabant,Vlaanderen,town,Tine Dubois,dr. Antonio Rossi,dr. Lore Vermeulen,Bart Coppens,Vader,77-jarige,vrouw,17-04-2026,18/04/2026,7/2017,°15 augustus 1948,48 08 15 380 40,3 31437 12 003,BE15 6784 6345 3835,4392526555757683,Langeweg 253,1700,Dilbeek,057244709,0498/54.60.33,tine.dubois@telenet.be,https://www.znamiddelheim.be,ZNA Middelheim,Pneumologie,obstructief longlijden GOLD II,ziekte van Crohn,Jaeger transfertest,M. Biceps caput longum,Atorstatine 20 mg,Progor retard 180 mg,as 165 graden,HR: 68,OS,SSp testen positief,,False,patient,patiente,mevrouw,zij,haar,"{'INSZ': 'spaced', 'RIZIV': 'spaced', 'IBAN': 'grouped', 'DATE_ENCOUNTER': 'dd-mm-yyyy', 'DATE_VALIDATION': 'dd/mm/yyyy', 'DATE_HISTORY': 'm/yyyy', 'DOB': 'degree', 'TELEFOON': 'plain', 'TELEFOON_MOBILE': 'slash_dot', 'STREET': 'plain', 'AGE': 'jarige'}"
CASE000912,M,0-17,flemish,Antwerpen,Vlaanderen,town,Kris Willems,dr. Maria Fernandez,dr. Hafida Cherkaoui,Bart De Smet,Grootvader,8 jaar,man,16/5/2026,18 mei 2026,19.06.2022,°08.01.2018,18.01.08-705.51,2-57702-27-003,BE28816460307661,4058870491931878,Meerssteenweg 19,2500,Lier,+32 3 954 34 57,0472 17 71 36,kris.willems@skynet.be,https://www.uzsintrembert.be,UZ Sint-Rembert,Fysische Geneeskunde en revalidatie,subacromiale bursitis,ziekte van Parkinson,Goldmann applanatie,M. Supraspinatus,Ozempic 1 mg,Glucagen hypokit,molaire zwangerschap uitgesloten,2/d,ivm,blurr-test,,False,patient,patient,de heer,hij,zijn,"{'INSZ': 'dotted', 'RIZIV': 'dashed', 'IBAN': 'plain', 'DATE_ENCOUNTER': 'd/m/yyyy', 'DATE_VALIDATION': 'text_abbr', 'DATE_HISTORY': 'dd.mm.yyyy', 'DOB': 'degree', 'TELEFOON': 'intl', 'TELEFOON_MOBILE': 'spaced', 'STREET': 'plain', 'AGE': 'jaar'}"
CASE000913,F,35-49,flemish,Oost-Vlaanderen,Vlaanderen,rural,Leen De Backer,dr. Bilal Cherkaoui,dr. Sofie Goossens,Els Dubois,Grootmoeder,39,vrouw,18-05-2026,20-05-2026,11-10-2018,°3 dec 1986,86.12.03-544.92,73155123018,BE67 8227 8039 5891,4048919294476335,Oudelei 7,9500,Geraardsbergen,03 006 36 47,0499 67 61 07,leen.debacker@gmail.com,https://www.algemeenziekenhuiszeepreventorium.be,Algemeen Ziekenhuis Zeepreventorium,Dermatologie,atopisch eczeem,syndroom van Guillain-Barre,Barthel-index 90,M. Supraspinatus,Ventolin aerosol,Asaflow 80 mg,hamstringletsel links,25 000 ie,PRP,Painful arc beiderzijds +,,False,patient,patiente,mevrouw,zij,haar,"{'INSZ': 'dotted', 'RIZIV': 'plain', 'IBAN': 'grouped', 'DATE_ENCOUNTER': 'dd-mm-yyyy', 'DATE_VALIDATION': 'dd-mm-yyyy', 'DATE_HISTORY': 'dd-mm-yyyy', 'DOB': 'degree', 'TELEFOON': 'spaced', 'TELEFOON_MOBILE': 'spaced', 'STREET': 'plain', 'AGE': 'bare'}"
CASE000914,M,0-17,flemish,Limburg,Vlaanderen,urban,Dirk Jacobs,dr. Fatima Bouzid,dr. Sofie Jacobs,Ann Van Damme,Moeder,14-jarige,man,14-05-2026,15-05-2026,16/12/2023,°26-05-2012,12.05.26-377.32,6-09782-57-008,BE05011011673779,4845369810534057,Eikenweg 66,3500,Hasselt,010 70 94 19,0488 20 98 32,dirk.jacobs@skynet.be,https://www.uzzeepreventorium.be,UZ Zeepreventorium,Gastro-enterologie,status na gastric bypass (RYGB),syndroom van Raynaud,Romberg negatief,m. Deltoideus,Cose protect,Toujeo solostar,boomstructuur van de bronchi,2/d,z.n.,Painful arc beiderzijds +,,False,patient,patient,de heer,hij,zijn,"{'INSZ': 'dotted', 'RIZIV': 'dashed', 'IBAN': 'plain', 'DATE_ENCOUNTER': 'dd-mm-yyyy', 'DATE_VALIDATION': 'dd-mm-yyyy', 'DATE_HISTORY': 'd/m/yyyy', 'DOB': 'degree', 'TELEFOON': 'spaced', 'TELEFOON_MOBILE': 'spaced', 'STREET': 'plain', 'AGE': 'jarige'}"
CASE000915,F,50-64,flemish,Limburg,Vlaanderen,urban,Inge Maes,dr. Angelo Ferrari,dr. Veerle Goossens,Geert Mertens,Grootvader,59-jarige,vrouw,22-04-2026,24 april 2026,04/06/2019,°14-02-1967,67.02.14-564.49,9 83418 65 003,BE60 7844 9009 0374,4524503578354211,Veldpark 51 bus 17,3500,Hasselt,058 61 71 68,0498/70.24.43,inge.maes@telenet.be,https://www.azalma.be,AZ Alma,Algemene Heelkunde,ziekte van Von Willebrand,syndroom van Cushing,Goldmann applanatie,N. Medianus,Injectafer 1000 mg,Trianal suppo,as 165 graden,1/w,OD,SSp testen positief,,False,patient,patiente,mevrouw,zij,haar,"{'INSZ': 'dotted', 'RIZIV': 'spaced', 'IBAN': 'grouped', 'DATE_ENCOUNTER': 'dd-mm-yyyy', 'DATE_VALIDATION': 'text_nl', 'DATE_HISTORY': 'dd/mm/yyyy', 'DOB': 'degree', 'TELEFOON': 'spaced', 'TELEFOON_MOBILE': 'slash_dot', 'STREET': 'bus', 'AGE': 'jarige'}"
CASE000916,M,18-34,flemish,Oost-Vlaanderen,Vlaanderen,town,Jonas Dubois,dr. Katrien Jacobs,dr. Hilde Vermeulen,Nele Lambert,Moeder,32 jaar,man,28/05/2026,28/05/2026,10-07-2018,º29/09/1993,93.09.29-551.13,8-85359-57-030,BE52 3813 5322 4125,4875219326944642,Schoolkaai 81 bus 1,9700,Oudenaarde,04 850 13 67,0483 02 71 78,jonas.dubois@skynet.be,https://www.azsintlucas.be,AZ Sint-Lucas,Oftalmologie,cataract incipiens bilateraal,ziekte van Crohn,Snellen 1,M. Subscapularis,Cose protect,Glucagen hypokit,peervormige galblaas,1/d,nle,full range of motion,,False,patient,patient,de heer,hij,zijn,"{'INSZ': 'dotted', 'RIZIV': 'dashed', 'IBAN': 'grouped', 'DATE_ENCOUNTER': 'dd/mm/yyyy', 'DATE_VALIDATION': 'dd/mm/yyyy', 'DATE_HISTORY': 'dd-mm-yyyy', 'DOB': 'masc_ordinal', 'TELEFOON': 'spaced', 'TELEFOON_MOBILE': 'spaced', 'STREET': 'bus', 'AGE': 'jaar'}"
CASE000917,F,80-95,maghrebi,Antwerpen,Vlaanderen,urban,Ilham Idrissi,dr. Rosa Rossi,dr. Pieter Coppens,Bilal El Habti,Grootvader,86-jarige,vrouw,15/05/2026,15 mei 2026,06/06/2019,°10 okt 1939,39.10.10-272.26,2-47487-57-030,BE74 6850 5926 8376,4039081970476591,Kerkdreef 230,2018,Antwerpen,058 15 73 66,0470/85.77.94,ilham.idrissi@proximus.be,https://www.azmariamiddelares.be,AZ Maria Middelares,Dermatologie,atopisch eczeem,syndroom van Raynaud,Schirmer-test,M. Biceps caput longum,Diltiazemzalf 2%,Diltiazemzalf 2%,beers-teken afwezig,300 ie/ml 1.5 ml,OS,Painful arc beiderzijds +,,False,patient,patiente,mevrouw,zij,haar,"{'INSZ': 'dotted', 'RIZIV': 'dashed', 'IBAN': 'grouped', 'DATE_ENCOUNTER': 'dd/mm/yyyy', 'DATE_VALIDATION': 'text_nl', 'DATE_HISTORY': 'dd/mm/yyyy', 'DOB': 'degree', 'TELEFOON': 'spaced', 'TELEFOON_MOBILE': 'slash_dot', 'STREET': 'plain', 'AGE': 'jarige'}"
CASE000918,M,50-64,southern_european,Antwerpen,Vlaanderen,urban,Marco Esposito,dr. Rik Declercq,dr. Koen Peeters,Elena Ferrari,Dochter,51-jarige,man,23-04-2026,24 april 2026,28/02/2023,°21 augustus 1974,74 08 21 143 61,2 76109 50 004,BE15839091649786,4654139074432979,Brouwersbaan 152/8,2800,Mechelen,052474329,0483 57 45 40,marco.esposito@skynet.be,https://www.ziekenhuissintrembert.be,Ziekenhuis Sint-Rembert,Gastro-enterologie,ferriprieve anaemie,syndroom van Cushing,Snellen 1,M. Subscapularis,Lyumjev kwikpen,Toujeo solostar,geel verkleurde sclerae,1 a 2 /d,PTO,watchful waiting,,False,patient,patient,de heer,hij,zijn,"{'INSZ': 'spaced', 'RIZIV': 'spaced', 'IBAN': 'plain', 'DATE_ENCOUNTER': 'dd-mm-yyyy', 'DATE_VALIDATION': 'text_nl', 'DATE_HISTORY': 'dd/mm/yyyy', 'DOB': 'degree', 'TELEFOON': 'plain', 'TELEFOON_MOBILE': 'spaced', 'STREET': 'slash', 'AGE': 'jarige'}"
CASE000919,F,80-95,maghrebi,Antwerpen,Vlaanderen,town,Meryem El Fassi,dr. Els Willems,dr. Agnieszka Kowalski,Fatima Rahmani,Zus,80-jarige,vrouw,27/5/2026,29-05-2026,20/08/2022,°30/03/1946,46 03 30 396 79,8-97993-33-480,BE09 7536 5481 3381,4086919180981748,Koutervest 97,2200,Herentals,04/722.80.43,0472-56 94 37,meryem.elfassi@proximus.be,https://www.znamiddelheim.be,ZNA Middelheim,Gastro-enterologie,coeliakie,ziekte van Graves,Jaeger transfertest,lig. Collaterale mediale,Ozempic 1 mg,Ibuprofen 400 mg,boomstructuur van de bronchi,100 e/ml 3 ml,RYGB,Painful arc beiderzijds +,,False,patient,patiente,mevrouw,zij,haar,"{'INSZ': 'spaced', 'RIZIV': 'dashed', 'IBAN': 'grouped', 'DATE_ENCOUNTER': 'd/m/yyyy', 'DATE_VALIDATION': 'dd-mm-yyyy', 'DATE_HISTORY': 'dd/mm/yyyy', 'DOB': 'degree', 'TELEFOON': 'slash_dot', 'TELEFOON_MOBILE': 'dashed', 'STREET': 'plain', 'AGE': 'jarige'}"
CASE000920,M,18-34,flemish,Antwerpen,Vlaanderen,rural,Geert De Backer,dr. Luc Van den Berghe,dr. Angelo Fernandez,Tom Maes,Broer,19-jarige,man,14/4/2026,16/04/2026,23/07/2015,°20/02/2007,07022082526,3-55739-57-030,BE91 3595 3999 2530,4474907923285337,Hoevesteenweg 217,2860,Sint-Katelijne-Waver,04/405.74.48,+32 470 28 71 10,geert.debacker@gmail.com,https://www.ziekenhuisgroeninge.be,Ziekenhuis Groeninge,Oftalmologie,geen diabetische retinopathie,syndroom van Sjogren,Phalen-test,M. Subscapularis,Lambipol 100 mg,Asaflow 80 mg,molaire zwangerschap uitgesloten,25 000 ie,antec.,blurr-test,,False,patient,patient,de heer,hij,zijn,"{'INSZ': 'plain', 'RIZIV': 'dashed', 'IBAN': 'grouped', 'DATE_ENCOUNTER': 'd/m/yyyy', 'DATE_VALIDATION': 'dd/mm/yyyy', 'DATE_HISTORY': 'dd/mm/yyyy', 'DOB': 'degree', 'TELEFOON': 'slash_dot', 'TELEFOON_MOBILE': 'intl', 'STREET': 'plain', 'AGE': 'jarige'}"
CASE000921,F,65-79,maghrebi,Antwerpen,Vlaanderen,rural,Leila Bennani,dr. Veerle Willems,dr. Miroslav Wisniewski,Hamza Rahmani,Grootvader,65-jarige,vrouw,21-04-2026,22 april 2026,19-02-2018,°20/10/1960,60.10.20-300.42,71394968003,BE33917362331324,4756680734571075,Bergpad 73,2400,Mol,02 545 89 60,+32 477 81 58 62,leila.bennani@telenet.be,https://www.ziekenhuissintjozef.be,Ziekenhuis Sint-Jozef,Oftalmologie,geen diabetische retinopathie,syndroom van Guillain-Barre,Glasgow Coma Scale 15,M. Biceps caput longum,Depakine chrono 500 mg,Progor retard 180 mg,molaire zwangerschap uitgesloten,2/d,NSAID,full range of motion,,False,patient,patiente,mevrouw,zij,haar,"{'INSZ': 'dotted', 'RIZIV': 'plain', 'IBAN': 'plain', 'DATE_ENCOUNTER': 'dd-mm-yyyy', 'DATE_VALIDATION': 'text_nl', 'DATE_HISTORY': 'dd-mm-yyyy', 'DOB': 'degree', 'TELEFOON': 'spaced', 'TELEFOON_MOBILE': 'intl', 'STREET': 'plain', 'AGE': 'jarige'}"
CASE000922,M,18-34,flemish,Limburg,Vlaanderen,town,Wim Snellen,dr. Sofia Fernandez,dr. Femke Lambert,Kris De Smet,Neef,24-jarige,man,10/05/2026,12 mei 2026,8 okt 2022,º4 nov 2001,01.11.04-759.24,4 98618 59 006,BE18 4347 8764 5098,4565292781362480,Smidhof 127/4,3600,Genk,055-74 04 95,0470 50 82 76,wim.snellen@telenet.be,https://www.kliniekrivierenland.be,Kliniek Rivierenland,Oftalmologie,geen diabetische retinopathie,ziekte van Dupuytren,Schirmer-test,A. Radialis,Injectafer 1000 mg,Injectafer 1000 mg,boomstructuur van de bronchi,12u,z.n.,blurr-test,,True,patient,patient,de heer,hij,zijn,"{'INSZ': 'dotted', 'RIZIV': 'spaced', 'IBAN': 'grouped', 'DATE_ENCOUNTER': 'dd/mm/yyyy', 'DATE_VALIDATION': 'text_abbr', 'DATE_HISTORY': 'text_abbr', 'DOB': 'masc_ordinal', 'TELEFOON': 'dashed', 'TELEFOON_MOBILE': 'spaced', 'STREET': 'slash', 'AGE': 'jarige'}"
CASE000923,F,65-79,flemish,Oost-Vlaanderen,Vlaanderen,rural,Nele Willems,dr. Nadia Alaoui,dr. Giulia Romano,Sofie Van Acker,Moeder,65-jarige,vrouw,25 apr 2026,26/4/2026,08-11-2024,º19-10-1960,60101907605,9-02915-58-003,BE63 5428 1874 4539,4076678619866456,Gaverbaan 214,9400,Ninove,04 849 73 84,0489/14.09.07,nele.willems@skynet.be,https://www.azsintjozef.be,AZ Sint-Jozef,Cardiologie,boezemfibrilleren,syndroom van Sjogren,Glasgow Coma Scale 15,M. Supraspinatus,Pantomed 40 mg,L-thyroxine 50 mcg,boomstructuur van de bronchi,3x/week,PRP,shared decision making,,False,patient,patiente,mevrouw,zij,haar,"{'INSZ': 'plain', 'RIZIV': 'dashed', 'IBAN': 'grouped', 'DATE_ENCOUNTER': 'text_abbr', 'DATE_VALIDATION': 'd/m/yyyy', 'DATE_HISTORY': 'dd-mm-yyyy', 'DOB': 'masc_ordinal', 'TELEFOON': 'spaced', 'TELEFOON_MOBILE': 'slash_dot', 'STREET': 'plain', 'AGE': 'jarige'}"
CASE000924,M,50-64,flemish,Antwerpen,Vlaanderen,town,Luc Beers,dr. Leen Goossens,dr. Katrien Wouters,Bart Van Damme,Vader,54,man,28 april 2026,30-04-2026,10/2019,°29 mei 1972,72.05.29-059.36,74408403007,BE06 1775 1559 0295,4163861010830156,Visserssteenweg 80,2500,Lier,+32 4 758 70 12,0489 02 71 58,luc.beers@skynet.be,https://www.uzmariamiddelares.be,UZ Maria Middelares,Neurologie,migraine met aura,ziekte van Graves,Bristol-schaal type 4,M. Subscapularis,Pantomed 40 mg,Diltiazemzalf 2%,beeld passend bij bursitis,2/d,OS,full range of motion,,True,patient,patient,de heer,hij,zijn,"{'INSZ': 'dotted', 'RIZIV': 'plain', 'IBAN': 'grouped', 'DATE_ENCOUNTER': 'text_nl', 'DATE_VALIDATION': 'dd-mm-yyyy', 'DATE_HISTORY': 'mm/yyyy', 'DOB': 'degree', 'TELEFOON': 'intl', 'TELEFOON_MOBILE': 'spaced', 'STREET': 'plain', 'AGE': 'bare'}"
CASE000925,F,50-64,flemish,Limburg,Vlaanderen,town,Katrien Van den Berghe,dr. Griet Van Acker,dr. Hilde Van den Berghe,Filip Van Damme,Neef,56 jaar,vrouw,18/05/2026,18-05-2026,12-12-2023,º30-08-1969,69.08.30-556.49,3-07368-25-018,BE62 4573 3186 5938,4956880859665219,Marktkaai 119,3600,Genk,03/786.98.56,0497/72.49.88,katrien.vandenberghe@gmail.com,https://www.aznikolaas.be,AZ Nikolaas,NKO,chronische rhinosinusitis,syndroom van Sjogren,Bristol-schaal type 4,m. Deltoideus,Ventolin aerosol,Injectafer 1000 mg,beers-teken afwezig,2cc,ODS,shared decision making,,False,patient,patiente,mevrouw,zij,haar,"{'INSZ': 'dotted', 'RIZIV': 'dashed', 'IBAN': 'grouped', 'DATE_ENCOUNTER': 'dd/mm/yyyy', 'DATE_VALIDATION': 'dd-mm-yyyy', 'DATE_HISTORY': 'dd-mm-yyyy', 'DOB': 'masc_ordinal', 'TELEFOON': 'slash_dot', 'TELEFOON_MOBILE': 'slash_dot', 'STREET': 'plain', 'AGE': 'jaar'}"
CASE000926,M,50-64,flemish,Vlaams-Brabant,Vlaanderen,town,Rik Mertens,dr. Samira Benali,dr. Serkan Yilmaz,Wouter Coppens,Broer,51 jaar,man,18-04-2026,19 apr 2026,03/02/2017,°12-04-1975,75.04.12 229 44,46324428006,BE16 9422 1446 5435,4606993232367363,Velddries 126,1930,Zaventem,04-091 79 26,+32 473 79 90 68,rik.mertens@proximus.be,https://www.azdamiaan.be,AZ Damiaan,Pneumologie,obstructief slaapapneusyndroom,ziekte van Hashimoto,Schirmer-test,M. Biceps caput longum,D-cure 25 000 ie,Cose protect,lintvormige stoelgang,12u,ESWT,Painful arc beiderzijds +,,False,patient,patient,de heer,hij,zijn,"{'INSZ': 'mixed', 'RIZIV': 'plain', 'IBAN': 'grouped', 'DATE_ENCOUNTER': 'dd-mm-yyyy', 'DATE_VALIDATION': 'text_abbr', 'DATE_HISTORY': 'dd/mm/yyyy', 'DOB': 'degree', 'TELEFOON': 'dashed', 'TELEFOON_MOBILE': 'intl', 'STREET': 'plain', 'AGE': 'jaar'}"
CASE000927,F,18-34,southern_european,Antwerpen,Vlaanderen,town,Giulia Esposito,dr. Tom De Backer,dr. Leen Goossens,Sofia Costa,Moeder,22-jarige,vrouw,13-05-2026,14/05/2026,23-07-2022,°08-03-2004,04 03 08 800 64,9-36150-94-030,BE28279770240434,4314173361239336,Stationshof 193 bus 14,2440,Geel,+32 (0)12/22.80.02,+32 493 60 07 80,giulia.esposito@telenet.be,https://www.uzsintrembert.be,UZ Sint-Rembert,Endocrinologie,hypothyreoidie,teken van Lasegue,Barthel-index 90,m. Deltoideus,Ozempic 1 mg,Ibuprofen 400 mg,hamstringletsel links,BMI 20.808,tvv,SSp testen positief,,False,patient,patiente,mevrouw,zij,haar,"{'INSZ': 'spaced', 'RIZIV': 'dashed', 'IBAN': 'plain', 'DATE_ENCOUNTER': 'dd-mm-yyyy', 'DATE_VALIDATION': 'dd/mm/yyyy', 'DATE_HISTORY': 'dd-mm-yyyy', 'DOB': 'degree', 'TELEFOON': 'intl_paren', 'TELEFOON_MOBILE': 'intl', 'STREET': 'bus', 'AGE': 'jarige'}"
CASE000928,M,65-79,southern_european,Vlaams-Brabant,Vlaanderen,urban,Rafael Fernandez,dr. Geert De Clercq,dr. Karim Ouazzani,Angelo Rossi,Broer,75,man,27 mei 2026,27/05/2026,06/09/2024,°28-03-1951,51032829950,3-38484-46-003,BE21 0932 1151 9318,4030067991346805,Abdijbaan 114,3000,Leuven,010128184,0490/78.28.81,rafael.fernandez@gmail.com,https://www.azturnhout.be,AZ Turnhout,NKO,chronische rhinosinusitis,ziekte van Hashimoto,Snellen 1,A. Radialis,Progor retard 180 mg,Sipralexa 20 mg,geel verkleurde sclerae,1 a 2 /d,ESWT,watchful waiting,,False,patient,patient,de heer,hij,zijn,"{'INSZ': 'plain', 'RIZIV': 'dashed', 'IBAN': 'grouped', 'DATE_ENCOUNTER': 'text_abbr', 'DATE_VALIDATION': 'dd/mm/yyyy', 'DATE_HISTORY': 'dd/mm/yyyy', 'DOB': 'degree', 'TELEFOON': 'plain', 'TELEFOON_MOBILE': 'slash_dot', 'STREET': 'plain', 'AGE': 'bare'}"
CASE000929,F,65-79,flemish,Oost-Vlaanderen,Vlaanderen,urban,Ann Janssens,dr. Iwona Wisniewski,dr. Sofie De Backer,Lore Janssens,Grootmoeder,72,vrouw,15/05/2026,17/5/2026,19/06/2022,°16/11/1953,53111692477,11701168007,BE32434258366577,4530361004605108,Groenekaai 256/18,9000,Gent,058/07.35.26,0485-45 22 79,ann.janssens@telenet.be,https://www.uzsintvincentius.be,UZ Sint-Vincentius,Cardiologie,boezemfibrilleren,ziekte van Crohn,Barthel-index 90,N. Medianus,Asaflow 80 mg,Atorstatine 20 mg,beers-teken afwezig,pH 7.38,nle,blurr-test,,False,patient,patiente,mevrouw,zij,haar,"{'INSZ': 'plain', 'RIZIV': 'plain', 'IBAN': 'plain', 'DATE_ENCOUNTER': 'dd/mm/yyyy', 'DATE_VALIDATION': 'd/m/yyyy', 'DATE_HISTORY': 'dd/mm/yyyy', 'DOB': 'degree', 'TELEFOON': 'slash_dot', 'TELEFOON_MOBILE': 'dashed', 'STREET': 'slash', 'AGE': 'bare'}"
CASE000930,M,65-79,flemish,West-Vlaanderen,Vlaanderen,town,Filip Peeters,dr. Wouter Wouters,dr. Ann Goossens,Ann Wouters,Dochter,67-jarige,man,10-05-2026,10 mei 2026,09-07-2018,º13/11/1958,58.11.13 879 26,7-09365-93-018,BE07 9775 9701 9991,4352882808231432,Gaverlei 220/16,8800,Roeselare,03-288 89 48,0488 71 78 38,filip.peeters@telenet.be,https://www.algemeenziekenhuissintvincentius.be,Algemeen Ziekenhuis Sint-Vincentius,Cardiologie,boezemfibrilleren,ziekte van Hashimoto,Jaeger transfertest,N. Medianus,Lyumjev kwikpen,Atorstatine 20 mg,beeld passend bij bursitis,FEV1/FVC 73.17,PPI,shared decision making,,False,patient,patient,de heer,hij,zijn,"{'INSZ': 'mixed', 'RIZIV': 'dashed', 'IBAN': 'grouped', 'DATE_ENCOUNTER': 'dd-mm-yyyy', 'DATE_VALIDATION': 'text_nl', 'DATE_HISTORY': 'dd-mm-yyyy', 'DOB': 'masc_ordinal', 'TELEFOON': 'dashed', 'TELEFOON_MOBILE': 'spaced', 'STREET': 'slash', 'AGE': 'jarige'}"
CASE000931,F,65-79,flemish,Limburg,Vlaanderen,town,Ann Coppens,dr. Adil Idrissi,dr. Leen Wouters,An Coppens,Nicht,78-jarige,vrouw,30 april 2026,2/5/2026,2020-02-16,°01-06-1948,48.06.01-446.89,1-74142-70-030,BE65 2708 7230 2019,4954957117049444,Korteweg 63,3600,Genk,+32 (0)9/698.74.22,0477-67 36 38,ann.coppens@telenet.be,https://www.aznikolaas.be,AZ Nikolaas,NKO,chronische rhinosinusitis,ziekte van Graves,Goldmann applanatie,A. Radialis,Glucagen hypokit,Metformine viatris 500 mg,molaire zwangerschap uitgesloten,1/w,z.n.,shared decision making,,False,patient,patiente,mevrouw,zij,haar,"{'INSZ': 'dotted', 'RIZIV': 'dashed', 'IBAN': 'grouped', 'DATE_ENCOUNTER': 'text_nl', 'DATE_VALIDATION': 'd/m/yyyy', 'DATE_HISTORY': 'yyyy-mm-dd', 'DOB': 'degree', 'TELEFOON': 'intl_paren', 'TELEFOON_MOBILE': 'dashed', 'STREET': 'plain', 'AGE': 'jarige'}"
CASE000932,M,80-95,flemish,Oost-Vlaanderen,Vlaanderen,town,Dirk Van Damme,dr. Esther Tshibangu,dr. Jan Janssens,Tine Janssens,Zus,87 jaar,man,4 mei 2026,6 mei 2026,21-02-2018,°04/07/1938,38.07.04 899 22,4-05261-05-003,BE09 9218 7522 1836,4497248325957485,Bakkerlei 18B,9200,Dendermonde,+32 (0)58/27.29.42,+32 (0)492/69.09.14,dirk.vandamme@proximus.be,https://www.azheilighart.be,AZ Heilig Hart,Cardiologie,boezemfibrilleren,manoeuvre van Valsalva,Humphrey - perimetrie,M. Supraspinatus,Lambipol 100 mg,Injectafer 1000 mg,molaire zwangerschap uitgesloten,4.95*,APO,blurr-test,,False,patient,patient,de heer,hij,zijn,"{'INSZ': 'mixed', 'RIZIV': 'dashed', 'IBAN': 'grouped', 'DATE_ENCOUNTER': 'text_abbr', 'DATE_VALIDATION': 'text_abbr', 'DATE_HISTORY': 'dd-mm-yyyy', 'DOB': 'degree', 'TELEFOON': 'intl_paren', 'TELEFOON_MOBILE': 'intl_paren', 'STREET': 'letter', 'AGE': 'jaar'}"
CASE000933,F,65-79,turkish,Oost-Vlaanderen,Vlaanderen,rural,Elif Demir,dr. Nele De Clercq,dr. Zeynep Korkmaz,Esra Dogan,Zus,67-jarige,vrouw,25/04/2026,25/04/2026,20-06-2020,°28/02/1959,59.02.28-454.56,4-73767-78-004,BE65 0995 9922 6643,4194893336399601,Kasteelpad 215 bus 16,9400,Ninove,04 472 72 45,0488497675,elif.demir@telenet.be,https://www.azturnhout.be,AZ Turnhout,Reumatologie,osteoporose,syndroom van Raynaud,Schirmer-test,lig. Collaterale mediale,Glucagen hypokit,Progor retard 180 mg,lintvormige stoelgang,100 e/ml 3 ml,SSp,no evidence of malignancy,,False,patient,patiente,mevrouw,zij,haar,"{'INSZ': 'dotted', 'RIZIV': 'dashed', 'IBAN': 'grouped', 'DATE_ENCOUNTER': 'dd/mm/yyyy', 'DATE_VALIDATION': 'dd/mm/yyyy', 'DATE_HISTORY': 'dd-mm-yyyy', 'DOB': 'degree', 'TELEFOON': 'spaced', 'TELEFOON_MOBILE': 'plain', 'STREET': 'bus', 'AGE': 'jarige'}"
CASE000934,M,50-64,maghrebi,West-Vlaanderen,Vlaanderen,town,Youssef Bennani,dr. Lucia Silva,dr. Griet Mertens,Fatima Bouzid,Dochter,55 jaar,man,05-05-2026,05-05-2026,2/2019,°20/06/1970,70.06.20-139.94,5-85026-78-030,BE75 7713 2026 2655,4918055470068872,Gaverkaai 31,8400,Oostende,054 91 74 99,0496783544,youssef.bennani@skynet.be,https://www.azklina.be,AZ Klina,Oftalmologie,cataract incipiens bilateraal,ziekte van Dupuytren,Snellen 1,M. Subscapularis,Cose protect,Depakine chrono 500 mg,peervormige galblaas,1/d,i.o.m.,watchful waiting,,False,patient,patient,de heer,hij,zijn,"{'INSZ': 'dotted', 'RIZIV': 'dashed', 'IBAN': 'grouped', 'DATE_ENCOUNTER': 'dd-mm-yyyy', 'DATE_VALIDATION': 'dd-mm-yyyy', 'DATE_HISTORY': 'm/yyyy', 'DOB': 'degree', 'TELEFOON': 'spaced', 'TELEFOON_MOBILE': 'plain', 'STREET': 'plain', 'AGE': 'jaar'}"
CASE000935,F,35-49,flemish,Vlaams-Brabant,Vlaanderen,town,Femke De Backer,dr. Giulia Ferrari,dr. Cem Sahin,Geert De Backer,Neef,49 jaar,vrouw,17-05-2026,18/05/2026,20-06-2022,°1977-01-28,77.01.28 552 38,9-89881-04-004,BE22 9704 9547 1338,4140650580953169,Weverring 78,1700,Dilbeek,051/27.89.43,0495 71 60 20,femke.debacker@proximus.be,https://www.azturnhout.be,AZ Turnhout,Cardiologie,arteriele hypertensie,syndroom van Guillain-Barre,Snellen 1,N. Medianus,Trianal suppo,Ibuprofen 400 mg,hamstringletsel links,0.5 mg,z.n.,shared decision making,,False,patient,patiente,mevrouw,zij,haar,"{'INSZ': 'mixed', 'RIZIV': 'dashed', 'IBAN': 'grouped', 'DATE_ENCOUNTER': 'dd-mm-yyyy', 'DATE_VALIDATION': 'dd/mm/yyyy', 'DATE_HISTORY': 'dd-mm-yyyy', 'DOB': 'degree', 'TELEFOON': 'slash_dot', 'TELEFOON_MOBILE': 'spaced', 'STREET': 'plain', 'AGE': 'jaar'}"
CASE000936,M,35-49,flemish,Antwerpen,Vlaanderen,urban,Bart De Smet,dr. Wim Mertens,dr. Blaise Kabongo,Ann Mertens,Moeder,46 jaar,man,21-05-2026,23/05/2026,01-11-2022,°05-10-1979,79.10.05-583.26,8-32200-60-480,BE71 3928 0683 8186,4475833566388288,Eikenkaai 197,2800,Mechelen,+32 (0)58/13.82.31,+32 497 12 78 52,bart.desmet@skynet.be,https://www.azklina.be,AZ Klina,Urologie,benigne prostaathyperplasie,ziekte van Parkinson,Romberg negatief,M. Biceps caput longum,Sipralexa 20 mg,Paracetamol 1 g,lintvormige stoelgang,100 e/ml 3 ml,tvv,full range of motion,,False,patient,patient,de heer,hij,zijn,"{'INSZ': 'dotted', 'RIZIV': 'dashed', 'IBAN': 'grouped', 'DATE_ENCOUNTER': 'dd-mm-yyyy', 'DATE_VALIDATION': 'dd/mm/yyyy', 'DATE_HISTORY': 'dd-mm-yyyy', 'DOB': 'degree', 'TELEFOON': 'intl_paren', 'TELEFOON_MOBILE': 'intl', 'STREET': 'plain', 'AGE': 'jaar'}"
CASE000937,F,50-64,eastern_european,Oost-Vlaanderen,Vlaanderen,town,Svetlana Zielinski,dr. Emmanuel Nkosi,dr. Marc Wouters,Miroslav Popescu,Broer,54-jarige,vrouw,27-05-2026,27/05/2026,1/12/2015,°19 augustus 1971,71081913467,17626680008,BE06 6473 8610 8997,4218096124920180,Hogeplein 94 bus 3,9100,Sint-Niklaas,050/92.65.11,0496 64 07 22,svetlana.zielinski@proximus.be,https://www.ziekenhuisheilighart.be,Ziekenhuis Heilig Hart,Fysische Geneeskunde en revalidatie,subacromiale bursitis,syndroom van Cushing,Goldmann applanatie,N. Medianus,Trianal suppo,Injectafer 1000 mg,boomstructuur van de bronchi,1/d,co,Painful arc beiderzijds +,,False,patient,patiente,mevrouw,zij,haar,"{'INSZ': 'plain', 'RIZIV': 'plain', 'IBAN': 'grouped', 'DATE_ENCOUNTER': 'dd-mm-yyyy', 'DATE_VALIDATION': 'dd/mm/yyyy', 'DATE_HISTORY': 'd/m/yyyy', 'DOB': 'degree', 'TELEFOON': 'slash_dot', 'TELEFOON_MOBILE': 'spaced', 'STREET': 'bus', 'AGE': 'jarige'}"
CASE000938,M,50-64,southern_european,Vlaams-Brabant,Vlaanderen,town,Giuseppe Santos,dr. Tine Claes,dr. Inge De Smet,Rafael Romano,Neef,57 jaar,man,28-05-2026,29/05/2026,10/03/2022,°1968-09-18,68.09.18-329.40,3-73497-50-003,BE27 6606 9680 6840,4674001847669954,Vissersplein 50 bus 13,1700,Dilbeek,097184461,0476 17 57 38,giuseppe.santos@skynet.be,https://www.aznikolaas.be,AZ Nikolaas,Reumatologie,osteoporose,ziekte van Graves,Barthel-index 90,A. Radialis,Asaflow 80 mg,Pantomed 40 mg,geel verkleurde sclerae,1 a 2 /d,ODS,shared decision making,,False,patient,patient,de heer,hij,zijn,"{'INSZ': 'dotted', 'RIZIV': 'dashed', 'IBAN': 'grouped', 'DATE_ENCOUNTER': 'dd-mm-yyyy', 'DATE_VALIDATION': 'dd/mm/yyyy', 'DATE_HISTORY': 'dd/mm/yyyy', 'DOB': 'degree', 'TELEFOON': 'plain', 'TELEFOON_MOBILE': 'spaced', 'STREET': 'bus', 'AGE': 'jaar'}"
CASE000939,F,80-95,flemish,Antwerpen,Vlaanderen,town,An Lambert,dr. Jonas De Clercq,dr. Kris Declercq,Katrien Declercq,Grootmoeder,95 jaar,vrouw,2026-04-18,18-04-2026,19 augustus 2020,º28/06/1930,30 06 28 536 72,2-96160-78-030,BE32 6487 9763 2256,4684263361891350,Brouwerslaan 14,2300,Turnhout,02/667.74.81,0476 01 90 80,an.lambert@proximus.be,https://www.azdelta.be,AZ Delta,Pneumologie,"astma, goed gecontroleerd",manoeuvre van Valsalva,Phalen-test,N. Medianus,Pantomed 40 mg,Toujeo solostar,lintvormige stoelgang,1 a 2 /d,z.n.,full range of motion,,False,patient,patiente,mevrouw,zij,haar,"{'INSZ': 'spaced', 'RIZIV': 'dashed', 'IBAN': 'grouped', 'DATE_ENCOUNTER': 'yyyy-mm-dd', 'DATE_VALIDATION': 'dd-mm-yyyy', 'DATE_HISTORY': 'text_nl', 'DOB': 'masc_ordinal', 'TELEFOON': 'slash_dot', 'TELEFOON_MOBILE': 'spaced', 'STREET': 'plain', 'AGE': 'jaar'}"
CASE000940,M,18-34,turkish,Antwerpen,Vlaanderen,urban,Burak Arslan,dr. Rik Janssens,dr. Els Van Acker,Cem Dogan,Vader,34 jaar,man,23-05-2026,25 mei 2026,2021-04-12,°27.01.1992,92.01.27-127.32,3-75544-40-030,BE40 2793 9599 3654,4537670392749911,Hogeweg 114,2018,Antwerpen,012/34.72.09,0477/68.92.54,burak.arslan@proximus.be,https://www.ziekenhuissintvincentius.be,Ziekenhuis Sint-Vincentius,Cardiologie,arteriele hypertensie,syndroom van Sjogren,Glasgow Coma Scale 15,M. Supraspinatus,Trianal suppo,Pantomed 40 mg,molaire zwangerschap uitgesloten,1/d,OS,blurr-test,,False,patient,patiente,de heer,hij,zijn,"{'INSZ': 'dotted', 'RIZIV': 'dashed', 'IBAN': 'grouped', 'DATE_ENCOUNTER': 'dd-mm-yyyy', 'DATE_VALIDATION': 'text_nl', 'DATE_HISTORY': 'yyyy-mm-dd', 'DOB': 'degree', 'TELEFOON': 'slash_dot', 'TELEFOON_MOBILE': 'slash_dot', 'STREET': 'plain', 'AGE': 'jaar'}"
CASE000941,F,80-95,flemish,Vlaams-Brabant,Vlaanderen,town,Griet Van Damme,dr. Giulia Esposito,dr. Krzysztof Kowalski,Bart De Smet,Neef,86,vrouw,19 april 2026,19/04/2026,05/02/2023,º09-12-1939,39 12 09 200 45,5 70965 74 008,BE35 4052 0576 2954,4019246759579634,Hoeveberg 224,1500,Halle,050 82 77 59,+32 (0)456/57.77.23,griet.vandamme@skynet.be,https://www.ziekenhuiszeepreventorium.be,Ziekenhuis Zeepreventorium,Orthopedie,carpaal tunnelsyndroom,syndroom van Guillain-Barre,Humphrey - perimetrie,m. Infraspinatus,Trianal suppo,Lambipol 100 mg,molaire zwangerschap uitgesloten,3x/week,tvv,Painful arc beiderzijds +,,False,patient,patiente,mevrouw,zij,haar,"{'INSZ': 'spaced', 'RIZIV': 'spaced', 'IBAN': 'grouped', 'DATE_ENCOUNTER': 'text_nl', 'DATE_VALIDATION': 'dd/mm/yyyy', 'DATE_HISTORY': 'dd/mm/yyyy', 'DOB': 'masc_ordinal', 'TELEFOON': 'spaced', 'TELEFOON_MOBILE': 'intl_paren', 'STREET': 'plain', 'AGE': 'bare'}"
CASE000942,M,50-64,flemish,Oost-Vlaanderen,Vlaanderen,town,Dirk Claes,dr. Bernadette Kabongo,dr. Jonas Mertens,Koen Coppens,Vader,51 jaar,man,07/05/2026,07.05.2026,17/10/2016,°14/5/1975,75.05.14-323.91,4 59950 24 008,BE76 6964 8152 5359,4506601165586518,Kouterweg 143 bus 13,9200,Dendermonde,014 01 48 29,+32 488 78 23 46,dirk.claes@telenet.be,https://www.algemeenziekenhuissintblasius.be,Algemeen Ziekenhuis Sint-Blasius,Oftalmologie,droge maculadegeneratie,ziekte van Graves,Snellen 1,M. Supraspinatus,Ozempic 1 mg,Progor retard 180 mg,molaire zwangerschap uitgesloten,0.5 mg,ESWT,shared decision making,,False,patient,patient,de heer,hij,zijn,"{'INSZ': 'dotted', 'RIZIV': 'spaced', 'IBAN': 'grouped', 'DATE_ENCOUNTER': 'dd/mm/yyyy', 'DATE_VALIDATION': 'dd.mm.yyyy', 'DATE_HISTORY': 'd/m/yyyy', 'DOB': 'degree', 'TELEFOON': 'spaced', 'TELEFOON_MOBILE': 'intl', 'STREET': 'bus', 'AGE': 'jaar'}"
CASE000943,F,65-79,eastern_european,Vlaams-Brabant,Vlaanderen,town,Zuzana Kowalski,dr. Lore Willems,dr. Anas El Amrani,Ioana Kaminski,Dochter,75,vrouw,27/5/2026,29-05-2026,1 feb 2021,°07/07/1950,50070724067,61804143006,BE98269956446825,4009358717020056,Bakkerdreef 7,1700,Dilbeek,02 916 51 68,0478 61 23 13,zuzana.kowalski@proximus.be,https://www.algemeenziekenhuisgroeninge.be,Algemeen Ziekenhuis Groeninge,Gastro-enterologie,ulcus anastomoticum,ziekte van Hashimoto,teken van Tinel,M. Biceps caput longum,Ibuprofen 400 mg,Glucagen hypokit,beers-teken afwezig,25 000 ie,co,no evidence of malignancy,,False,patient,patient,mevrouw,zij,haar,"{'INSZ': 'plain', 'RIZIV': 'plain', 'IBAN': 'plain', 'DATE_ENCOUNTER': 'd/m/yyyy', 'DATE_VALIDATION': 'dd-mm-yyyy', 'DATE_HISTORY': 'text_abbr', 'DOB': 'degree', 'TELEFOON': 'spaced', 'TELEFOON_MOBILE': 'spaced', 'STREET': 'plain', 'AGE': 'bare'}"
CASE000944,M,80-95,eastern_european,Oost-Vlaanderen,Vlaanderen,town,Vasile Wisniewski,dr. Sofie Declercq,dr. Kris Willems,Tomasz Ionescu,Vader,90 jaar,man,28-05-2026,28 mei 2026,23 feb 2022,°23-08-1935,35.08.23-709.71,1-17401-66-007,BE33 6932 0727 8426,4876678453343358,Oudebaan 70,9700,Oudenaarde,051 73 09 81,+32 470 94 56 81,vasile.wisniewski@gmail.com,https://www.uzsintrembert.be,UZ Sint-Rembert,Fysische Geneeskunde en revalidatie,laterale epicondylitis rechts,teken van Lasegue,Schirmer-test,M. Supraspinatus,Pantomed 40 mg,Atorstatine 20 mg,geel verkleurde sclerae,BMI 20.808,SSp,no evidence of malignancy,,False,patient,patient,de heer,hij,zijn,"{'INSZ': 'dotted', 'RIZIV': 'dashed', 'IBAN': 'grouped', 'DATE_ENCOUNTER': 'dd-mm-yyyy', 'DATE_VALIDATION': 'text_nl', 'DATE_HISTORY': 'text_abbr', 'DOB': 'degree', 'TELEFOON': 'spaced', 'TELEFOON_MOBILE': 'intl', 'STREET': 'plain', 'AGE': 'jaar'}"
CASE000945,F,65-79,flemish,Vlaams-Brabant,Vlaanderen,town,Sofie Van Damme,dr. Fatima Rahmani,dr. Tom Goossens,Dirk Jacobs,Zoon,68-jarige,vrouw,13 mei 2026,15/05/2026,31/05/2018,°22 november 1957,57.11.22-920.82,9 80199 83 008,BE33 9576 9382 0480,4940097511029390,Marktdries 121,1930,Zaventem,+32 (0)10/27.32.26,0492165717,sofie.vandamme@proximus.be,https://www.algemeenziekenhuisnikolaas.be,Algemeen Ziekenhuis Nikolaas,Endocrinologie,hypothyreoidie,ziekte van Von Willebrand,Barthel-index 90,A. Radialis,Progor retard 180 mg,Depakine chrono 500 mg,lintvormige stoelgang,0.5 mg,i.o.m.,watchful waiting,,False,patient,patiente,mevrouw,zij,haar,"{'INSZ': 'dotted', 'RIZIV': 'spaced', 'IBAN': 'grouped', 'DATE_ENCOUNTER': 'text_nl', 'DATE_VALIDATION': 'dd/mm/yyyy', 'DATE_HISTORY': 'dd/mm/yyyy', 'DOB': 'degree', 'TELEFOON': 'intl_paren', 'TELEFOON_MOBILE': 'plain', 'STREET': 'plain', 'AGE': 'jarige'}"
CASE000946,M,80-95,flemish,Oost-Vlaanderen,Vlaanderen,town,Luc De Clercq,dr. Tom Willems,dr. Paulo Silva,Griet Claes,Zus,91-jarige,man,10/05/2026,12/05/2026,10/07/2023,°10/07/1934,34 07 10 249 20,9-68609-33-007,BE48 0419 4113 3745,4606231438744378,Nieuwlaan 149,9200,Dendermonde,09 202 07 52,0456/88.22.41,luc.declercq@skynet.be,https://www.znamiddelheim.be,ZNA Middelheim,Urologie,benigne prostaathyperplasie,ziekte van Von Willebrand,teken van Tinel,M. Supraspinatus,Progor retard 180 mg,Trianal suppo,as 165 graden,1 a 2 /d,nle,full range of motion,,False,patient,patient,de heer,hij,zijn,"{'INSZ': 'spaced', 'RIZIV': 'dashed', 'IBAN': 'grouped', 'DATE_ENCOUNTER': 'dd/mm/yyyy', 'DATE_VALIDATION': 'dd/mm/yyyy', 'DATE_HISTORY': 'dd/mm/yyyy', 'DOB': 'degree', 'TELEFOON': 'spaced', 'TELEFOON_MOBILE': 'slash_dot', 'STREET': 'plain', 'AGE': 'jarige'}"
CASE000947,F,0-17,flemish,Antwerpen,Vlaanderen,town,Veerle Goossens,dr. Lore Wouters,dr. Tom Coppens,An Goossens,Zus,15 jaar,vrouw,05-05-2026,6/5/2026,21/11/2018,º04/02/2011,11020407282,9-76619-74-008,BE35111793789375,4521200416485157,Eikenring 242,2440,Geel,+32 50 28 40 88,0489 46 52 86,veerle.goossens@proximus.be,https://www.aznikolaas.be,AZ Nikolaas,Orthopedie,gonartrose bilateraal,manoeuvre van Valsalva,Phalen-test,m. Deltoideus,Diltiazemzalf 2%,Injectafer 1000 mg,beeld passend bij bursitis,12u,PPI,Painful arc beiderzijds +,,False,patient,patiente,mevrouw,zij,haar,"{'INSZ': 'plain', 'RIZIV': 'dashed', 'IBAN': 'plain', 'DATE_ENCOUNTER': 'dd-mm-yyyy', 'DATE_VALIDATION': 'd/m/yyyy', 'DATE_HISTORY': 'dd/mm/yyyy', 'DOB': 'masc_ordinal', 'TELEFOON': 'intl', 'TELEFOON_MOBILE': 'spaced', 'STREET': 'plain', 'AGE': 'jaar'}"
CASE000948,M,0-17,maghrebi,Oost-Vlaanderen,Vlaanderen,rural,Adil El Habti,dr. Filip Van Acker,dr. Luc Vermeulen,Mohamed Rahmani,Neef,11 jaar,man,24-05-2026,24-05-2026,03-01-2022,º24 juni 2014,14.06.24 729 80,5-02706-45-006,BE18 2969 6616 7135,4461735360684471,Zonnehof 95,9400,Ninove,04/172.74.84,0492 87 23 59,adil.elhabti@telenet.be,https://www.uzvesalius.be,UZ Vesalius,Dermatologie,atopisch eczeem,ziekte van Bechterew,Romberg negatief,m. Deltoideus,Asaflow 80 mg,Trianal suppo,geel verkleurde sclerae,BMI 20.808,NSAID,full range of motion,,False,patient,patiente,de heer,hij,zijn,"{'INSZ': 'mixed', 'RIZIV': 'dashed', 'IBAN': 'grouped', 'DATE_ENCOUNTER': 'dd-mm-yyyy', 'DATE_VALIDATION': 'dd-mm-yyyy', 'DATE_HISTORY': 'dd-mm-yyyy', 'DOB': 'masc_ordinal', 'TELEFOON': 'slash_dot', 'TELEFOON_MOBILE': 'spaced', 'STREET': 'plain', 'AGE': 'jaar'}"
CASE000949,F,50-64,southern_european,Brussel-Hoofdstad,Brussel,urban,Lucia Esposito,dr. Els Mertens,dr. Onur Aydin,Marco Rossi,Grootvader,57-jarige,vrouw,24-04-2026,24 apr 2026,29-07-2022,°15/05/1969,69.05.15 704 39,9-71022-45-018,BE19 0784 3531 7100,4567659486378789,Oudeplein 142/19,1030,Schaarbeek,013/72.95.21,0486 56 66 18,lucia.esposito@proximus.be,https://www.algemeenziekenhuisvesalius.be,Algemeen Ziekenhuis Vesalius,Gynaecologie,myomateuze uterus,ziekte van Graves,Barthel-index 90,lig. Collaterale mediale,Glucagen hypokit,D-cure 25 000 ie,beers-teken afwezig,-0.25 ^ -0.25 as 165 graden,nle,watchful waiting,,False,patient,patiente,mevrouw,zij,haar,"{'INSZ': 'mixed', 'RIZIV': 'dashed', 'IBAN': 'grouped', 'DATE_ENCOUNTER': 'dd-mm-yyyy', 'DATE_VALIDATION': 'text_abbr', 'DATE_HISTORY': 'dd-mm-yyyy', 'DOB': 'degree', 'TELEFOON': 'slash_dot', 'TELEFOON_MOBILE': 'spaced', 'STREET': 'slash', 'AGE': 'jarige'}"
CASE000950,M,65-79,flemish,Brussel-Hoofdstad,Brussel,urban,Koen Van Damme,dr. Samira Idrissi,dr. Femke Claes,Griet Goossens,Tante,79 jaar,man,24 mei 2026,25/5/2026,22-06-2018,°02/11/1946,46.11.02-049.61,60661226030,BE88 0478 1755 7149,4825451434382503,Veldweg 15,1030,Schaarbeek,+32 14 45 91 23,0472 36 84 87,koen.vandamme@telenet.be,https://www.uzheilighart.be,UZ Heilig Hart,Endocrinologie,hypothyreoidie,teken van Lasegue,Phalen-test,M. Subscapularis,Atorstatine 20 mg,Progor retard 180 mg,geel verkleurde sclerae,2/d,APO,SSp testen positief,,False,patient,patient,de heer,hij,zijn,"{'INSZ': 'dotted', 'RIZIV': 'plain', 'IBAN': 'grouped', 'DATE_ENCOUNTER': 'text_nl', 'DATE_VALIDATION': 'd/m/yyyy', 'DATE_HISTORY': 'dd-mm-yyyy', 'DOB': 'degree', 'TELEFOON': 'intl', 'TELEFOON_MOBILE': 'spaced', 'STREET': 'plain', 'AGE': 'jaar'}"
CASE000951,F,18-34,turkish,Antwerpen,Vlaanderen,town,Merve Celik,dr. Filip Mertens,dr. An De Clercq,Emre Celik,Neef,27-jarige,vrouw,3 mei 2026,04-05-2026,3/2024,º22/07/1998,98.07.22-110.76,6-16620-09-003,BE72855705899067,4172098402709438,Groenelei 89,2200,Herentals,012 17 00 52,0492 50 01 79,merve.celik@telenet.be,https://www.jessaziekenhuis.be,Jessa Ziekenhuis,Nefrologie,chronische nierinsufficientie stadium 3,ziekte van Graves,Jaeger transfertest,m. Infraspinatus,D-cure 25 000 ie,Trianal suppo,lintvormige stoelgang,3x/week,nle,no evidence of malignancy,,False,patient,patiente,mevrouw,zij,haar,"{'INSZ': 'dotted', 'RIZIV': 'dashed', 'IBAN': 'plain', 'DATE_ENCOUNTER': 'text_abbr', 'DATE_VALIDATION': 'dd-mm-yyyy', 'DATE_HISTORY': 'm/yyyy', 'DOB': 'masc_ordinal', 'TELEFOON': 'spaced', 'TELEFOON_MOBILE': 'spaced', 'STREET': 'plain', 'AGE': 'jarige'}"
CASE000952,M,65-79,southern_european,Vlaams-Brabant,Vlaanderen,town,Rafael Garcia,dr. Marleen Van den Berghe,dr. Ilham El Amrani,Miguel Moreira,Zoon,70 jaar,man,28 mei 2026,30-05-2026,17/03/2021,º22 november 1955,55112235919,3 38853 65 030,BE24 9019 1788 1294,4454783990497913,Gaverlei 88 bus 14,1930,Zaventem,09-354 31 33,0472-88 18 87,rafael.garcia@telenet.be,https://www.uzdevoorzorg.be,UZ De Voorzorg,Neurologie,perifere polyneuropathie,syndroom van Sjogren,Snellen 1,M. Supraspinatus,L-thyroxine 50 mcg,Injectafer 1000 mg,geel verkleurde sclerae,2cc,SSp,no evidence of malignancy,,False,patient,patient,de heer,hij,zijn,"{'INSZ': 'plain', 'RIZIV': 'spaced', 'IBAN': 'grouped', 'DATE_ENCOUNTER': 'text_abbr', 'DATE_VALIDATION': 'dd-mm-yyyy', 'DATE_HISTORY': 'dd/mm/yyyy', 'DOB': 'masc_ordinal', 'TELEFOON': 'dashed', 'TELEFOON_MOBILE': 'dashed', 'STREET': 'bus', 'AGE': 'jaar'}"
CASE000953,F,0-17,flemish,West-Vlaanderen,Vlaanderen,rural,Marleen Peeters,dr. Wouter Van Damme,dr. Jonas Peeters,Wim Van den Berghe,Neef,14 jaar,vrouw,26/05/2026,2026-05-27,08/2022,º05-05-2012,12.05.05-356.04,6-12229-35-008,BE28897812635000,4890438100631057,Abdijdreef 227,8600,Diksmuide,019 55 26 37,+32 490 98 07 49,marleen.peeters@proximus.be,https://www.azturnhout.be,AZ Turnhout,Gastro-enterologie,lichte chronische niet specifieke colitis,ziekte van Von Willebrand,Romberg negatief,A. Radialis,Glucagen hypokit,Metformine viatris 500 mg,beeld passend bij bursitis,BMI 20.808,ODS,no evidence of malignancy,,False,patient,patiente,mevrouw,zij,haar,"{'INSZ': 'dotted', 'RIZIV': 'dashed', 'IBAN': 'plain', 'DATE_ENCOUNTER': 'dd/mm/yyyy', 'DATE_VALIDATION': 'yyyy-mm-dd', 'DATE_HISTORY': 'mm/yyyy', 'DOB': 'masc_ordinal', 'TELEFOON': 'spaced', 'TELEFOON_MOBILE': 'intl', 'STREET': 'plain', 'AGE': 'jaar'}"
CASE000954,M,50-64,maghrebi,Vlaams-Brabant,Vlaanderen,town,Ismail Cherkaoui,dr. Tomasz Nowak,dr. Marc Janssens,Rachid Bennani,Vader,63 jaar,man,20-04-2026,20/04/2026,2024,°12/08/1962,62081286140,7 31391 86 008,BE49 6848 8764 5659,4270592501887203,Bergring 113,1700,Dilbeek,019382238,0475 23 30 47,ismail.cherkaoui@gmail.com,https://www.algemeenziekenhuisonzelievevrouw.be,Algemeen Ziekenhuis Onze-Lieve-Vrouw,Orthopedie,carpaal tunnelsyndroom,manoeuvre van Valsalva,Phalen-test,N. Medianus,Pantomed 40 mg,Injectafer 1000 mg,as 165 graden,100 e/ml 3 ml,tvv,no evidence of malignancy,,False,patient,patient,de heer,hij,zijn,"{'INSZ': 'plain', 'RIZIV': 'spaced', 'IBAN': 'grouped', 'DATE_ENCOUNTER': 'dd-mm-yyyy', 'DATE_VALIDATION': 'dd/mm/yyyy', 'DATE_HISTORY': 'yyyy', 'DOB': 'degree', 'TELEFOON': 'plain', 'TELEFOON_MOBILE': 'spaced', 'STREET': 'plain', 'AGE': 'jaar'}"
CASE000955,F,50-64,flemish,Oost-Vlaanderen,Vlaanderen,town,Marleen Verhoeven,dr. Lieve Peeters,dr. Elena Romano,Koen Verhoeven,Zoon,51-jarige,vrouw,24-04-2026,25/04/2026,18-10-2021,º5 juni 1975,75060578008,9 19120 52 007,BE30 5128 2213 0677,4348584255614170,Dorphof 34 bus 7,9100,Sint-Niklaas,+32 (0)50/38.80.15,+32 472 45 00 01,marleen.verhoeven@proximus.be,https://www.algemeenziekenhuisnikolaas.be,Algemeen Ziekenhuis Nikolaas,Dermatologie,psoriasis vulgaris,syndroom van Sjogren,Romberg negatief,A. Radialis,Asaflow 80 mg,Glucagen hypokit,beers-teken afwezig,pH 7.38,APO,blurr-test,,False,patient,patiente,mevrouw,zij,haar,"{'INSZ': 'plain', 'RIZIV': 'spaced', 'IBAN': 'grouped', 'DATE_ENCOUNTER': 'dd-mm-yyyy', 'DATE_VALIDATION': 'dd/mm/yyyy', 'DATE_HISTORY': 'dd-mm-yyyy', 'DOB': 'masc_ordinal', 'TELEFOON': 'intl_paren', 'TELEFOON_MOBILE': 'intl', 'STREET': 'bus', 'AGE': 'jarige'}"
CASE000956,M,50-64,flemish,West-Vlaanderen,Vlaanderen,town,Filip Goossens,dr. Khadija El Habti,dr. Hafida Cherkaoui,Els Wouters,Tante,59 jaar,man,8/5/2026,10/05/2026,2019,º13-04-1967,67 04 13 071 04,7-44225-56-007,BE61 6310 2169 2161,4382106286852103,Kasteelring 41,8300,Knokke-Heist,019 42 59 51,0474715197,filip.goossens@telenet.be,https://www.imeldaziekenhuis.be,Imeldaziekenhuis,Fysische Geneeskunde en revalidatie,bekkenbodemhypertonie,syndroom van Cushing,Romberg negatief,M. Supraspinatus,Ozempic 1 mg,Trianal suppo,beeld passend bij bursitis,1/w,APO,blurr-test,,False,patient,patient,de heer,hij,zijn,"{'INSZ': 'spaced', 'RIZIV': 'dashed', 'IBAN': 'grouped', 'DATE_ENCOUNTER': 'd/m/yyyy', 'DATE_VALIDATION': 'dd/mm/yyyy', 'DATE_HISTORY': 'yyyy', 'DOB': 'masc_ordinal', 'TELEFOON': 'spaced', 'TELEFOON_MOBILE': 'plain', 'STREET': 'plain', 'AGE': 'jaar'}"
CASE000957,F,50-64,southern_european,Limburg,Vlaanderen,rural,Ana Esposito,dr. Serkan Celik,dr. Serkan Ozturk,Sofia Santos,Grootmoeder,63-jarige,vrouw,15 mei 2026,2026-05-17,1/5/2016,°1963-06-02,63.06.02-274.61,27643119030,BE26 5970 3260 4604,4798893736301520,Marktwal 23,3630,Maasmechelen,019/53.95.95,0456-15 59 20,ana.esposito@gmail.com,https://www.azturnhout.be,AZ Turnhout,Cardiologie,boezemfibrilleren,syndroom van Guillain-Barre,Goldmann applanatie,lig. Collaterale mediale,Nexiam 20 mg,Diltiazemzalf 2%,geel verkleurde sclerae,3x/week,z.n.,SSp testen positief,,False,patient,patiente,mevrouw,zij,haar,"{'INSZ': 'dotted', 'RIZIV': 'plain', 'IBAN': 'grouped', 'DATE_ENCOUNTER': 'text_nl', 'DATE_VALIDATION': 'yyyy-mm-dd', 'DATE_HISTORY': 'd/m/yyyy', 'DOB': 'degree', 'TELEFOON': 'slash_dot', 'TELEFOON_MOBILE': 'dashed', 'STREET': 'plain', 'AGE': 'jarige'}"
CASE000958,M,50-64,southern_european,Antwerpen,Vlaanderen,town,Giuseppe Silva,dr. Marc Willems,dr. Femke Verhoeven,Salvatore Esposito,Oom,59-jarige,man,27 mei 2026,27/05/2026,06-02-2024,º12 dec 1966,66121284967,3-57802-31-018,BE45044244527615,4146548193220618,Vissersbaan 103,2300,Turnhout,053/06.09.33,0492/68.48.45,giuseppe.silva@proximus.be,https://www.azsintrembert.be,AZ Sint-Rembert,Fysische Geneeskunde en revalidatie,lumbaal facettair syndroom,ziekte van Parkinson,Bristol-schaal type 4,N. Medianus,Asaflow 80 mg,D-cure 25 000 ie,geel verkleurde sclerae,25 000 ie,nle,no evidence of malignancy,,False,patient,patient,de heer,hij,zijn,"{'INSZ': 'plain', 'RIZIV': 'dashed', 'IBAN': 'plain', 'DATE_ENCOUNTER': 'text_nl', 'DATE_VALIDATION': 'dd/mm/yyyy', 'DATE_HISTORY': 'dd-mm-yyyy', 'DOB': 'masc_ordinal', 'TELEFOON': 'slash_dot', 'TELEFOON_MOBILE': 'slash_dot', 'STREET': 'plain', 'AGE': 'jarige'}"
CASE000959,F,65-79,flemish,West-Vlaanderen,Vlaanderen,town,Els Boom,dr. Els Maes,dr. Svetlana Marinescu,Hilde De Backer,Nicht,74 jaar,vrouw,26/05/2026,28-05-2026,10 november 2023,°14-01-1952,52.01.14-840.33,3 31789 48 030,BE49020963351418,4870162444516964,Vijverpad 249/17,8800,Roeselare,+32 9 398 31 12,0483 75 64 20,els.boom@telenet.be,https://www.jessaziekenhuis.be,Jessa Ziekenhuis,NKO,chronische rhinosinusitis,syndroom van Sjogren,Romberg negatief,M. Biceps caput longum,L-thyroxine 50 mcg,Metformine viatris 500 mg,beeld passend bij bursitis,0.5 mg,OD,no evidence of malignancy,,True,patient,patiente,mevrouw,zij,haar,"{'INSZ': 'dotted', 'RIZIV': 'spaced', 'IBAN': 'plain', 'DATE_ENCOUNTER': 'dd/mm/yyyy', 'DATE_VALIDATION': 'dd-mm-yyyy', 'DATE_HISTORY': 'text_nl', 'DOB': 'degree', 'TELEFOON': 'intl', 'TELEFOON_MOBILE': 'spaced', 'STREET': 'slash', 'AGE': 'jaar'}"
CASE000960,M,35-49,flemish,Antwerpen,Vlaanderen,town,Pieter Goossens,dr. Dirk Van den Berghe,dr. Marleen De Backer,Els Coppens,Zus,36 jaar,man,20.05.2026,22/5/2026,20/05/2017,º15/05/1990,90 05 15 961 29,7 64668 80 030,BE82 4898 8161 1699,4752326610382112,Schoolwal 32,2200,Herentals,059 22 05 38,0499 20 71 14,pieter.goossens@gmail.com,https://www.ziekenhuisdevoorzorg.be,Ziekenhuis De Voorzorg,Pneumologie,obstructief slaapapneusyndroom,ziekte van Parkinson,Snellen 1,N. Medianus,Atorstatine 20 mg,Paracetamol 1 g,peervormige galblaas,spO2: 94%,OS,Painful arc beiderzijds +,,False,patient,patient,de heer,hij,zijn,"{'INSZ': 'spaced', 'RIZIV': 'spaced', 'IBAN': 'grouped', 'DATE_ENCOUNTER': 'dd.mm.yyyy', 'DATE_VALIDATION': 'd/m/yyyy', 'DATE_HISTORY': 'dd/mm/yyyy', 'DOB': 'masc_ordinal', 'TELEFOON': 'spaced', 'TELEFOON_MOBILE': 'spaced', 'STREET': 'plain', 'AGE': 'jaar'}"
CASE000961,F,65-79,maghrebi,West-Vlaanderen,Vlaanderen,town,Khadija Ouazzani,dr. Esra Korkmaz,dr. An Van Damme,Sara Rahmani,Dochter,77,vrouw,24/05/2026,25-05-2026,26/10/2021,°3 augustus 1948,48.08.03-980.91,9-94168-82-004,BE53624485725023,4187007498900614,Langewal 249,8400,Oostende,04 478 29 24,+32 492 64 66 49,khadija.ouazzani@telenet.be,https://www.kliniekzeepreventorium.be,Kliniek Zeepreventorium,Fysische Geneeskunde en revalidatie,laterale epicondylitis rechts,ziekte van Parkinson,Snellen 1,M. Supraspinatus,Glucagen hypokit,Progor retard 180 mg,molaire zwangerschap uitgesloten,3x,tvv,full range of motion,,False,patient,patiente,mevrouw,zij,haar,"{'INSZ': 'dotted', 'RIZIV': 'dashed', 'IBAN': 'plain', 'DATE_ENCOUNTER': 'dd/mm/yyyy', 'DATE_VALIDATION': 'dd-mm-yyyy', 'DATE_HISTORY': 'dd/mm/yyyy', 'DOB': 'degree', 'TELEFOON': 'spaced', 'TELEFOON_MOBILE': 'intl', 'STREET': 'plain', 'AGE': 'bare'}"
CASE000962,M,35-49,eastern_european,Antwerpen,Vlaanderen,town,Dimitar Wisniewski,dr. Samira Bouzid,dr. Angelo Garcia,Iwona Kaminski,Dochter,36-jarige,man,2026-04-22,22/04/2026,25/10/2016,°08/11/1989,89.11.08-247.04,75299417480,BE65 7514 2598 4785,4041793953843078,Kortelei 69,2500,Lier,057 36 00 14,+32 477 22 31 16,dimitar.wisniewski@telenet.be,https://www.ziekenhuisgroeninge.be,Ziekenhuis Groeninge,Orthopedie,gonartrose bilateraal,syndroom van Cushing,Glasgow Coma Scale 15,m. Deltoideus,Depakine chrono 500 mg,Depakine chrono 500 mg,beeld passend bij bursitis,-0.25 ^ -0.25 as 165 graden,RYGB,blurr-test,,False,patient,patient,de heer,hij,zijn,"{'INSZ': 'dotted', 'RIZIV': 'plain', 'IBAN': 'grouped', 'DATE_ENCOUNTER': 'yyyy-mm-dd', 'DATE_VALIDATION': 'dd/mm/yyyy', 'DATE_HISTORY': 'dd/mm/yyyy', 'DOB': 'degree', 'TELEFOON': 'spaced', 'TELEFOON_MOBILE': 'intl', 'STREET': 'plain', 'AGE': 'jarige'}"
CASE000963,F,18-34,flemish,Antwerpen,Vlaanderen,urban,Sofie Jacobs,dr. Geert Janssens,dr. Lucia Ferrari,Femke Claes,Moeder,26-jarige,vrouw,24/5/2026,25 mei 2026,15-06-2016,°5 jul 1999,99.07.05-992.16,5 32577 50 006,BE66261706429106,4569832299181280,Bakkerwal 68,2800,Mechelen,+32 58 79 42 63,0479 00 93 45,sofie.jacobs@telenet.be,https://www.kliniekmariamiddelares.be,Kliniek Maria Middelares,Gastro-enterologie,refluxoesofagitis graad B,manoeuvre van Valsalva,Humphrey - perimetrie,m. Infraspinatus,Pantomed 40 mg,Injectafer 1000 mg,beeld passend bij bursitis,1/w,co,blurr-test,,False,patient,patiente,mevrouw,zij,haar,"{'INSZ': 'dotted', 'RIZIV': 'spaced', 'IBAN': 'plain', 'DATE_ENCOUNTER': 'd/m/yyyy', 'DATE_VALIDATION': 'text_nl', 'DATE_HISTORY': 'dd-mm-yyyy', 'DOB': 'degree', 'TELEFOON': 'intl', 'TELEFOON_MOBILE': 'spaced', 'STREET': 'plain', 'AGE': 'jarige'}"
CASE000964,M,50-64,flemish,Limburg,Vlaanderen,town,Geert Dubois,dr. Zuzana Novak,dr. Pieter Van Damme,Jonas Wouters,Neef,62 jaar,man,22 mei 2026,2026-05-23,10/06/2016,º1963-08-15,63.08.15-971.55,9-85337-86-480,BE53 9830 8526 2867,4491310465274042,Abdijring 95,3800,Sint-Truiden,053-58 44 57,0483 21 49 33,geert.dubois@proximus.be,https://www.klinieksintblasius.be,Kliniek Sint-Blasius,Pneumologie,"astma, goed gecontroleerd",ziekte van Bechterew,Schirmer-test,N. Medianus,Metformine viatris 500 mg,Lambipol 100 mg,geel verkleurde sclerae,FEV1/FVC 73.17,NSAID,no evidence of malignancy,,False,patient,patient,de heer,hij,zijn,"{'INSZ': 'dotted', 'RIZIV': 'dashed', 'IBAN': 'grouped', 'DATE_ENCOUNTER': 'text_abbr', 'DATE_VALIDATION': 'yyyy-mm-dd', 'DATE_HISTORY': 'dd/mm/yyyy', 'DOB': 'masc_ordinal', 'TELEFOON': 'dashed', 'TELEFOON_MOBILE': 'spaced', 'STREET': 'plain', 'AGE': 'jaar'}"
CASE000965,F,50-64,flemish,Antwerpen,Vlaanderen,town,Marleen Coppens,dr. Leen Claes,dr. Filip Jacobs,Katrien Willems,Nicht,52-jarige,vrouw,19/5/2026,20 mei 2026,05/10/2017,°21-04-1974,74.04.21 360 10,6-79868-05-008,BE46166553629469,4854362748187310,Marktsteenweg 45/3,2300,Turnhout,02 329 75 70,+32 470 79 56 15,marleen.coppens@gmail.com,https://www.klinieksintvincentius.be,Kliniek Sint-Vincentius,Fysische Geneeskunde en revalidatie,subacromiale bursitis,syndroom van Cushing,Glasgow Coma Scale 15,N. Medianus,Lyumjev kwikpen,Cose protect,lintvormige stoelgang,3x,OD,blurr-test,,False,patient,patiente,mevrouw,zij,haar,"{'INSZ': 'mixed', 'RIZIV': 'dashed', 'IBAN': 'plain', 'DATE_ENCOUNTER': 'd/m/yyyy', 'DATE_VALIDATION': 'text_abbr', 'DATE_HISTORY': 'dd/mm/yyyy', 'DOB': 'degree', 'TELEFOON': 'spaced', 'TELEFOON_MOBILE': 'intl', 'STREET': 'slash', 'AGE': 'jarige'}"
CASE000966,M,50-64,southern_european,Oost-Vlaanderen,Vlaanderen,rural,Rafael Ferrari,dr. Inge De Backer,dr. Nadine Kalala,Rosa Moreira,Dochter,60 jaar,man,17 april 2026,17-04-2026,2023-03-25,º25/11/1965,65.11.25-125.82,1-43514-46-006,BE03 0880 9786 4233,4162958107719671,Langedreef 52 bus 14,9400,Ninove,02/521.70.20,0477-72 61 98,rafael.ferrari@gmail.com,https://www.azheilighart.be,AZ Heilig Hart,Gastro-enterologie,ferriprieve anaemie,syndroom van Guillain-Barre,Schirmer-test,m. Infraspinatus,Paracetamol 1 g,Sipralexa 20 mg,as 165 graden,2/d,antec.,SSp testen positief,,False,patient,patient,de heer,hij,zijn,"{'INSZ': 'dotted', 'RIZIV': 'dashed', 'IBAN': 'grouped', 'DATE_ENCOUNTER': 'text_nl', 'DATE_VALIDATION': 'dd-mm-yyyy', 'DATE_HISTORY': 'yyyy-mm-dd', 'DOB': 'masc_ordinal', 'TELEFOON': 'slash_dot', 'TELEFOON_MOBILE': 'dashed', 'STREET': 'bus', 'AGE': 'jaar'}"
CASE000967,F,65-79,central_african,Oost-Vlaanderen,Vlaanderen,town,Mireille Mukendi,dr. Jonas Dubois,dr. Nele De Smet,Serge Mwamba,Broer,75,vrouw,08-05-2026,08-05-2026,15/11/2023,°21/09/1950,50.09.21-914.54,5 35714 17 030,BE47 2618 7262 7599,4104568826342423,Langevest 189,9300,Aalst,02 868 50 63,+32 489 86 43 53,mireille.mukendi@skynet.be,https://www.uzmariamiddelares.be,UZ Maria Middelares,Pneumologie,"astma, goed gecontroleerd",ziekte van Graves,Barthel-index 90,M. Subscapularis,Ventolin aerosol,Ventolin aerosol,lintvormige stoelgang,1/d,RYGB,SSp testen positief,,False,patient,patiente,mevrouw,zij,haar,"{'INSZ': 'dotted', 'RIZIV': 'spaced', 'IBAN': 'grouped', 'DATE_ENCOUNTER': 'dd-mm-yyyy', 'DATE_VALIDATION': 'dd-mm-yyyy', 'DATE_HISTORY': 'dd/mm/yyyy', 'DOB': 'degree', 'TELEFOON': 'spaced', 'TELEFOON_MOBILE': 'intl', 'STREET': 'plain', 'AGE': 'bare'}"
CASE000968,M,18-34,flemish,Antwerpen,Vlaanderen,town,Wouter Van den Berghe,dr. Dirk Maes,dr. Mehdi El Fassi,Rik De Clercq,Neef,24 jaar,man,19 mei 2026,20/05/2026,23/07/2024,º3/10/2001,01100317549,1-71919-62-030,BE53141471905365,4523584596383847,Meerswal 233 bus 8,2440,Geel,+32 55 89 52 97,0499 99 69 01,wouter.vandenberghe@gmail.com,https://www.ziekenhuismariamiddelares.be,Ziekenhuis Maria Middelares,Oftalmologie,open kamerhoek glaucoom,ziekte van Von Willebrand,Romberg negatief,m. Deltoideus,Cose protect,D-cure 25 000 ie,as 165 graden,pH 7.38,co,shared decision making,,False,patient,patient,de heer,hij,zijn,"{'INSZ': 'plain', 'RIZIV': 'dashed', 'IBAN': 'plain', 'DATE_ENCOUNTER': 'text_abbr', 'DATE_VALIDATION': 'dd/mm/yyyy', 'DATE_HISTORY': 'dd/mm/yyyy', 'DOB': 'masc_ordinal', 'TELEFOON': 'intl', 'TELEFOON_MOBILE': 'spaced', 'STREET': 'bus', 'AGE': 'jaar'}"
CASE000969,F,35-49,flemish,West-Vlaanderen,Vlaanderen,rural,Els De Smet,dr. Griet Declercq,dr. Stijn Mertens,Marleen Van den Berghe,Grootmoeder,41,vrouw,25.04.2026,2026-04-27,02/04/2019,°31/07/1984,84.07.31-812.71,9 38134 50 018,BE62100832356075,4464087981736182,Hoevehof 185,8600,Diksmuide,014797280,0474-63 58 95,els.desmet@proximus.be,https://www.azklina.be,AZ Klina,Neurologie,perifere polyneuropathie,syndroom van Guillain-Barre,teken van Tinel,M. Subscapularis,Metformine viatris 500 mg,Progor retard 180 mg,peervormige galblaas,3x/week,antec.,SSp testen positief,,False,patient,patiente,mevrouw,zij,haar,"{'INSZ': 'dotted', 'RIZIV': 'spaced', 'IBAN': 'plain', 'DATE_ENCOUNTER': 'dd.mm.yyyy', 'DATE_VALIDATION': 'yyyy-mm-dd', 'DATE_HISTORY': 'dd/mm/yyyy', 'DOB': 'degree', 'TELEFOON': 'plain', 'TELEFOON_MOBILE': 'dashed', 'STREET': 'plain', 'AGE': 'bare'}"
CASE000970,M,50-64,eastern_european,Antwerpen,Vlaanderen,urban,Piotr Marinescu,dr. Lieve Maes,dr. Yassine Ouazzani,Dimitar Marinescu,Neef,61 jaar,man,01/05/2026,01-05-2026,3 sep 2023,°26/04/1965,65.04.26 769 38,8 81023 28 480,BE21626929041333,4143646296905458,Wilgenweg 225 bus 14,2018,Antwerpen,019/37.01.93,0492/98.94.78,piotr.marinescu@skynet.be,https://www.znamiddelheim.be,ZNA Middelheim,Pneumologie,"astma, goed gecontroleerd",ziekte van Crohn,Barthel-index 90,M. Biceps caput longum,Cose protect,Toujeo solostar,as 165 graden,100 e/ml 3 ml,ESWT,blurr-test,,False,patient,patient,de heer,hij,zijn,"{'INSZ': 'mixed', 'RIZIV': 'spaced', 'IBAN': 'plain', 'DATE_ENCOUNTER': 'dd/mm/yyyy', 'DATE_VALIDATION': 'dd-mm-yyyy', 'DATE_HISTORY': 'text_abbr', 'DOB': 'degree', 'TELEFOON': 'slash_dot', 'TELEFOON_MOBILE': 'slash_dot', 'STREET': 'bus', 'AGE': 'jaar'}"
CASE000971,F,50-64,southern_european,Limburg,Vlaanderen,town,Lucia Rossi,dr. Jan De Clercq,dr. Tine Janssens,Angelo Silva,Oom,63-jarige,vrouw,18 april 2026,19-04-2026,25-11-2016,°08/06/1963,63.06.08 392 54,3-82879-77-008,BE89 8325 2226 2150,4742334128343702,Stationsvest 174 bus 19,3600,Genk,02 976 46 53,+32 497 63 85 47,lucia.rossi@skynet.be,https://www.algemeenziekenhuisonzelievevrouw.be,Algemeen Ziekenhuis Onze-Lieve-Vrouw,Gastro-enterologie,ferriprieve anaemie,syndroom van Guillain-Barre,teken van Tinel,M. Subscapularis,Sipralexa 20 mg,Trianal suppo,as 165 graden,300 ie/ml 1.5 ml,i.o.m.,full range of motion,,False,patient,patiente,mevrouw,zij,haar,"{'INSZ': 'mixed', 'RIZIV': 'dashed', 'IBAN': 'grouped', 'DATE_ENCOUNTER': 'text_nl', 'DATE_VALIDATION': 'dd-mm-yyyy', 'DATE_HISTORY': 'dd-mm-yyyy', 'DOB': 'degree', 'TELEFOON': 'spaced', 'TELEFOON_MOBILE': 'intl', 'STREET': 'bus', 'AGE': 'jarige'}"
CASE000972,M,80-95,flemish,Antwerpen,Vlaanderen,urban,Kris Van den Berghe,dr. Tom Mertens,dr. Katrien Van den Berghe,Rik Wouters,Grootvader,82 jaar,man,22/05/2026,22-05-2026,12/09/2020,°11/08/1943,43081115388,4 54560 79 004,BE22876922614131,4600789493506178,Kasteelpark 157,2000,Antwerpen,058 08 55 42,0485007880,kris.vandenberghe@gmail.com,https://www.azalma.be,AZ Alma,Orthopedie,carpaal tunnelsyndroom,ziekte van Parkinson,Goldmann applanatie,V. Saphena magna,Lyumjev kwikpen,Atorstatine 20 mg,lintvormige stoelgang,spO2: 94%,SSp,Painful arc beiderzijds +,,False,patient,patient,de heer,hij,zijn,"{'INSZ': 'plain', 'RIZIV': 'spaced', 'IBAN': 'plain', 'DATE_ENCOUNTER': 'dd/mm/yyyy', 'DATE_VALIDATION': 'dd-mm-yyyy', 'DATE_HISTORY': 'dd/mm/yyyy', 'DOB': 'degree', 'TELEFOON': 'spaced', 'TELEFOON_MOBILE': 'plain', 'STREET': 'plain', 'AGE': 'jaar'}"
CASE000973,F,50-64,flemish,Oost-Vlaanderen,Vlaanderen,rural,Tine De Backer,dr. Bart Janssens,dr. An Jacobs,Ann De Backer,Nicht,56,vrouw,08.05.2026,10/05/2026,02-02-2018,°24/10/1969,69.10.24-714.85,4-23254-54-007,BE18 0727 5289 9396,4005723953279183,Stationspad 209A,9600,Ronse,+32 (0)2/958.73.60,0486 89 29 33,tine.debacker@skynet.be,https://www.ziekenhuisnikolaas.be,Ziekenhuis Nikolaas,Gastro-enterologie,refluxoesofagitis graad B,syndroom van Sjogren,Goldmann applanatie,m. Infraspinatus,Depakine chrono 500 mg,Injectafer 1000 mg,geel verkleurde sclerae,3x,PPI,no evidence of malignancy,,False,patient,patiente,mevrouw,zij,haar,"{'INSZ': 'dotted', 'RIZIV': 'dashed', 'IBAN': 'grouped', 'DATE_ENCOUNTER': 'dd.mm.yyyy', 'DATE_VALIDATION': 'dd/mm/yyyy', 'DATE_HISTORY': 'dd-mm-yyyy', 'DOB': 'degree', 'TELEFOON': 'intl_paren', 'TELEFOON_MOBILE': 'spaced', 'STREET': 'letter', 'AGE': 'bare'}"
CASE000974,M,50-64,southern_european,Vlaams-Brabant,Vlaanderen,town,Angelo Silva,dr. Jonas De Smet,dr. Joseph Tshibangu,Giulia Santos,Zus,61 jaar,man,25/05/2026,25/05/2026,2023-06-01,°1964-09-04,64.09.04-829.70,9-89934-48-480,BE20579459862582,4369394995720202,Meersweg 253,1800,Vilvoorde,056 80 87 84,0489536079,angelo.silva@skynet.be,https://www.uzsintblasius.be,UZ Sint-Blasius,Endocrinologie,type 2 diabetes mellitus,ziekte van Graves,Jaeger transfertest,m. Infraspinatus,Atorstatine 20 mg,Nexiam 20 mg,beers-teken afwezig,3x/week,ESWT,shared decision making,,False,patient,patient,de heer,hij,zijn,"{'INSZ': 'dotted', 'RIZIV': 'dashed', 'IBAN': 'plain', 'DATE_ENCOUNTER': 'dd/mm/yyyy', 'DATE_VALIDATION': 'dd/mm/yyyy', 'DATE_HISTORY': 'yyyy-mm-dd', 'DOB': 'degree', 'TELEFOON': 'spaced', 'TELEFOON_MOBILE': 'plain', 'STREET': 'plain', 'AGE': 'jaar'}"
CASE000975,F,80-95,flemish,Oost-Vlaanderen,Vlaanderen,rural,Leen Claes,dr. Jonas Coppens,dr. Lieve Wouters,Dirk Janssens,Oom,82-jarige,vrouw,22/05/2026,23 mei 2026,2021-05-19,º18/9/1943,43.09.18-858.53,8 36004 39 004,BE71008049453708,4912062441850160,Eikenstraat 37,9600,Ronse,02 880 69 04,0489 75 10 13,leen.claes@gmail.com,https://www.jessaziekenhuis.be,Jessa Ziekenhuis,Pneumologie,obstructief longlijden GOLD II,syndroom van Cushing,Schirmer-test,m. Infraspinatus,Ozempic 1 mg,Asaflow 80 mg,molaire zwangerschap uitgesloten,100 e/ml 3 ml,OS,full range of motion,,False,patient,patiente,mevrouw,zij,haar,"{'INSZ': 'dotted', 'RIZIV': 'spaced', 'IBAN': 'plain', 'DATE_ENCOUNTER': 'dd/mm/yyyy', 'DATE_VALIDATION': 'text_abbr', 'DATE_HISTORY': 'yyyy-mm-dd', 'DOB': 'masc_ordinal', 'TELEFOON': 'spaced', 'TELEFOON_MOBILE': 'spaced', 'STREET': 'plain', 'AGE': 'jarige'}"
CASE000976,M,18-34,flemish,Limburg,Vlaanderen,town,Tom Van Acker,dr. Stijn Coppens,dr. Rik Declercq,Sofie Lambert,Zus,25,man,13/5/2026,14 mei 2026,28-10-2015,°25/04/2001,01.04.25-171.30,8 65827 92 008,BE08 4889 2644 8114,4406467651727755,Langebaan 49,3800,Sint-Truiden,+32 14 40 36 48,+32 471 01 88 21,tom.vanacker@skynet.be,https://www.uznikolaas.be,UZ Nikolaas,Endocrinologie,type 2 diabetes mellitus,ziekte van Parkinson,Barthel-index 90,m. Infraspinatus,Lyumjev kwikpen,Lambipol 100 mg,as 165 graden,HR: 68,OS,full range of motion,,False,patient,patient,de heer,hij,zijn,"{'INSZ': 'dotted', 'RIZIV': 'spaced', 'IBAN': 'grouped', 'DATE_ENCOUNTER': 'd/m/yyyy', 'DATE_VALIDATION': 'text_abbr', 'DATE_HISTORY': 'dd-mm-yyyy', 'DOB': 'degree', 'TELEFOON': 'intl', 'TELEFOON_MOBILE': 'intl', 'STREET': 'plain', 'AGE': 'bare'}"
CASE000977,F,18-34,flemish,West-Vlaanderen,Vlaanderen,urban,An De Backer,dr. Tom Janssens,dr. Rik Goossens,Geert Wouters,Broer,24 jaar,vrouw,5 mei 2026,6 mei 2026,12-01-2021,°27-04-2002,02 04 27 666 78,1-46629-35-030,BE03628896581703,4550742982803796,Kasteellaan 147,8000,Brugge,02/792.30.02,0476 35 73 84,an.debacker@proximus.be,https://www.jessaziekenhuis.be,Jessa Ziekenhuis,Pneumologie,obstructief slaapapneusyndroom,syndroom van Raynaud,Snellen 1,M. Biceps caput longum,Asaflow 80 mg,D-cure 25 000 ie,beeld passend bij bursitis,HR: 68,ivm,no evidence of malignancy,,False,patient,patiente,mevrouw,zij,haar,"{'INSZ': 'spaced', 'RIZIV': 'dashed', 'IBAN': 'plain', 'DATE_ENCOUNTER': 'text_abbr', 'DATE_VALIDATION': 'text_nl', 'DATE_HISTORY': 'dd-mm-yyyy', 'DOB': 'degree', 'TELEFOON': 'slash_dot', 'TELEFOON_MOBILE': 'spaced', 'STREET': 'plain', 'AGE': 'jaar'}"
CASE000978,M,50-64,flemish,Antwerpen,Vlaanderen,rural,Koen Van Acker,dr. Lieve Mertens,dr. Serge Bope,Ann Verhoeven,Nicht,57-jarige,man,2026-04-22,23-04-2026,21 maart 2019,°17/05/1969,69.05.17-301.91,6 24306 83 018,BE48 4751 0805 4762,4124573798480025,Bergwal 243,2860,Sint-Katelijne-Waver,056 94 81 57,+32 473 03 04 09,koen.vanacker@telenet.be,https://www.algemeenziekenhuissintrembert.be,Algemeen Ziekenhuis Sint-Rembert,Reumatologie,osteoporose,ziekte van Dupuytren,Bristol-schaal type 4,M. Supraspinatus,Toujeo solostar,Ventolin aerosol,lintvormige stoelgang,FEV1/FVC 73.17,PRP,full range of motion,,False,patient,patient,de heer,hij,zijn,"{'INSZ': 'dotted', 'RIZIV': 'spaced', 'IBAN': 'grouped', 'DATE_ENCOUNTER': 'yyyy-mm-dd', 'DATE_VALIDATION': 'dd-mm-yyyy', 'DATE_HISTORY': 'text_nl', 'DOB': 'degree', 'TELEFOON': 'spaced', 'TELEFOON_MOBILE': 'intl', 'STREET': 'plain', 'AGE': 'jarige'}"
CASE000979,F,65-79,flemish,West-Vlaanderen,Vlaanderen,town,Leen Mertens,dr. Dirk Lambert,dr. Yasmine Cherkaoui,Ann Goossens,Zus,78-jarige,vrouw,03.05.2026,2026-05-03,11/10/2024,°13/5/1948,48.05.13-148.20,5-12426-25-007,BE30 0651 4215 9676,4477146733909219,Hogeweg 140,8900,Ieper,04 672 78 57,+32 474 90 91 26,leen.mertens@skynet.be,https://www.ziekenhuissintblasius.be,Ziekenhuis Sint-Blasius,Fysische Geneeskunde en revalidatie,supraspinatuspeestendinose bilateraal,syndroom van Cushing,Romberg negatief,M. Biceps caput longum,Glucagen hypokit,Ventolin aerosol,boomstructuur van de bronchi,8u,nle,SSp testen positief,,False,patient,patient,mevrouw,zij,haar,"{'INSZ': 'dotted', 'RIZIV': 'dashed', 'IBAN': 'grouped', 'DATE_ENCOUNTER': 'dd.mm.yyyy', 'DATE_VALIDATION': 'yyyy-mm-dd', 'DATE_HISTORY': 'dd/mm/yyyy', 'DOB': 'degree', 'TELEFOON': 'spaced', 'TELEFOON_MOBILE': 'intl', 'STREET': 'plain', 'AGE': 'jarige'}"
CASE000980,M,80-95,eastern_european,Oost-Vlaanderen,Vlaanderen,rural,Vasile Zielinski,dr. Burak Demir,dr. Filip Declercq,Svetlana Nowak,Tante,86-jarige,man,25-05-2026,25/05/2026,6/10/2024,°08-11-1939,39.11.08-349.16,7-37721-61-006,BE55631729402717,4560064209225978,Vijverdreef 187,9600,Ronse,019 03 25 35,0491 77 92 46,vasile.zielinski@skynet.be,https://www.ziekenhuiszeepreventorium.be,Ziekenhuis Zeepreventorium,Neurologie,migraine met aura,manoeuvre van Valsalva,Phalen-test,lig. Collaterale mediale,Atorstatine 20 mg,Pantomed 40 mg,geel verkleurde sclerae,2/d,antec.,watchful waiting,,False,patient,patient,de heer,hij,zijn,"{'INSZ': 'dotted', 'RIZIV': 'dashed', 'IBAN': 'plain', 'DATE_ENCOUNTER': 'dd-mm-yyyy', 'DATE_VALIDATION': 'dd/mm/yyyy', 'DATE_HISTORY': 'd/m/yyyy', 'DOB': 'degree', 'TELEFOON': 'spaced', 'TELEFOON_MOBILE': 'spaced', 'STREET': 'plain', 'AGE': 'jarige'}"
CASE000981,F,80-95,maghrebi,Brussel-Hoofdstad,Brussel,urban,Nadia Cherkaoui,dr. Ionut Dimitrov,dr. Bilal Idrissi,Sara Cherkaoui,Dochter,82 jaar,vrouw,14.04.2026,15-04-2026,06/04/2021,º30/07/1943,43.07.30-400.40,5-98673-11-008,BE23 1111 6346 5549,4793910515071085,Veldsteenweg 203,1000,Brussel,057/24.84.39,0497899206,nadia.cherkaoui@telenet.be,https://www.azklina.be,AZ Klina,Reumatologie,reumatoide artritis,ziekte van Bechterew,teken van Tinel,M. Supraspinatus,Ozempic 1 mg,Cose protect,beers-teken afwezig,spO2: 94%,SSp,shared decision making,,False,patient,patiente,mevrouw,zij,haar,"{'INSZ': 'dotted', 'RIZIV': 'dashed', 'IBAN': 'grouped', 'DATE_ENCOUNTER': 'dd.mm.yyyy', 'DATE_VALIDATION': 'dd-mm-yyyy', 'DATE_HISTORY': 'dd/mm/yyyy', 'DOB': 'masc_ordinal', 'TELEFOON': 'slash_dot', 'TELEFOON_MOBILE': 'plain', 'STREET': 'plain', 'AGE': 'jaar'}"
CASE000982,M,80-95,flemish,Antwerpen,Vlaanderen,rural,Tom Goossens,dr. Veerle Peeters,dr. Khadija Alaoui,Els Vermeulen,Moeder,84-jarige,man,2026-04-25,26.04.2026,25.05.2024,°07/08/1941,41.08.07 217 05,9 95840 59 006,BE57 4435 3298 3588,4828183255126696,Brouwerspad 88,2400,Mol,09 699 30 05,0485 35 21 94,tom.goossens@telenet.be,https://www.ziekenhuismariamiddelares.be,Ziekenhuis Maria Middelares,Oftalmologie,open kamerhoek glaucoom,syndroom van Guillain-Barre,Bristol-schaal type 4,V. Saphena magna,Toujeo solostar,Pantomed 40 mg,peervormige galblaas,-0.25 ^ -0.25 as 165 graden,tvv,shared decision making,,False,patient,patient,de heer,hij,zijn,"{'INSZ': 'mixed', 'RIZIV': 'spaced', 'IBAN': 'grouped', 'DATE_ENCOUNTER': 'yyyy-mm-dd', 'DATE_VALIDATION': 'dd.mm.yyyy', 'DATE_HISTORY': 'dd.mm.yyyy', 'DOB': 'degree', 'TELEFOON': 'spaced', 'TELEFOON_MOBILE': 'spaced', 'STREET': 'plain', 'AGE': 'jarige'}"
CASE000983,F,35-49,maghrebi,West-Vlaanderen,Vlaanderen,town,Leila Phalen,dr. Luc Vermeulen,dr. Dirk Willems,Samira Alaoui,Moeder,44-jarige,vrouw,15/04/2026,15-04-2026,29/03/2022,°27/08/1981,81.08.27 492 67,5-38012-47-003,BE79741589839504,4122694153543181,Gaverdreef 103,8400,Oostende,+32 14 08 66 47,0486244689,leila.phalen@gmail.com,https://www.azzeepreventorium.be,AZ Zeepreventorium,Gastro-enterologie,anale fissuur,ziekte van Dupuytren,Snellen 1,N. Medianus,Atorstatine 20 mg,Trianal suppo,beers-teken afwezig,8u,PPI,Painful arc beiderzijds +,,True,patient,patiente,mevrouw,zij,haar,"{'INSZ': 'mixed', 'RIZIV': 'dashed', 'IBAN': 'plain', 'DATE_ENCOUNTER': 'dd/mm/yyyy', 'DATE_VALIDATION': 'dd-mm-yyyy', 'DATE_HISTORY': 'dd/mm/yyyy', 'DOB': 'degree', 'TELEFOON': 'intl', 'TELEFOON_MOBILE': 'plain', 'STREET': 'plain', 'AGE': 'jarige'}"
CASE000984,M,65-79,flemish,Antwerpen,Vlaanderen,rural,Bart Wouters,dr. An Declercq,dr. Rik Goossens,Koen Mertens,Vader,76-jarige,man,19 mei 2026,20.05.2026,01/08/2018,°03/08/1949,49.08.03-283.33,4-23207-04-003,BE79623372473112,4318058309769047,Kortekaai 108 bus 17,2860,Sint-Katelijne-Waver,055-58 06 43,0489 47 42 94,bart.wouters@gmail.com,https://www.algemeenziekenhuismariamiddelares.be,Algemeen Ziekenhuis Maria Middelares,Oftalmologie,cataract incipiens bilateraal,syndroom van Sjogren,teken van Tinel,M. Biceps caput longum,Injectafer 1000 mg,Injectafer 1000 mg,boomstructuur van de bronchi,pH 7.38,ESWT,no evidence of malignancy,,False,patient,patient,de heer,hij,zijn,"{'INSZ': 'dotted', 'RIZIV': 'dashed', 'IBAN': 'plain', 'DATE_ENCOUNTER': 'text_nl', 'DATE_VALIDATION': 'dd.mm.yyyy', 'DATE_HISTORY': 'dd/mm/yyyy', 'DOB': 'degree', 'TELEFOON': 'dashed', 'TELEFOON_MOBILE': 'spaced', 'STREET': 'bus', 'AGE': 'jarige'}"
CASE000985,F,35-49,flemish,West-Vlaanderen,Vlaanderen,town,Inge Lambert,dr. Els Coppens,dr. Ioana Popescu,Marleen Declercq,Nicht,44-jarige,vrouw,16 mei 2026,18-05-2026,25.02.2022,º12-10-1981,81.10.12 792 37,4-04324-69-008,BE79 2372 6790 5395,4011836063705541,Dorpplein 166,8800,Roeselare,048567868,+32 485 95 64 45,inge.lambert@proximus.be,https://www.kliniekgroeninge.be,Kliniek Groeninge,Oftalmologie,open kamerhoek glaucoom,ziekte van Bechterew,teken van Tinel,m. Infraspinatus,Ozempic 1 mg,Metformine viatris 500 mg,geel verkleurde sclerae,22u,NSAID,blurr-test,,False,patient,patiente,mevrouw,zij,haar,"{'INSZ': 'mixed', 'RIZIV': 'dashed', 'IBAN': 'grouped', 'DATE_ENCOUNTER': 'text_abbr', 'DATE_VALIDATION': 'dd-mm-yyyy', 'DATE_HISTORY': 'dd.mm.yyyy', 'DOB': 'masc_ordinal', 'TELEFOON': 'plain', 'TELEFOON_MOBILE': 'intl', 'STREET': 'plain', 'AGE': 'jarige'}"
CASE000986,M,50-64,eastern_european,Brussel-Hoofdstad,Brussel,urban,Vasile Kaminski,dr. Katrien Wouters,dr. Yassine El Amrani,Katarzyna Marinescu,Nicht,51 jaar,man,2026-05-06,6/5/2026,05/2018,°31-12-1974,74123117548,8-00931-95-004,BE31 3368 0987 9820,4584597220501168,Kasteelring 18,1030,Schaarbeek,054/34.45.56,0490/20.37.63,vasile.kaminski@telenet.be,https://www.ziekenhuisdamiaan.be,Ziekenhuis Damiaan,Gastro-enterologie,lichte chronische niet specifieke colitis,ziekte van Von Willebrand,Jaeger transfertest,A. Radialis,Ventolin aerosol,Nexiam 20 mg,as 165 graden,100 e/ml 3 ml,tvv,full range of motion,,False,patient,patient,de heer,hij,zijn,"{'INSZ': 'plain', 'RIZIV': 'dashed', 'IBAN': 'grouped', 'DATE_ENCOUNTER': 'yyyy-mm-dd', 'DATE_VALIDATION': 'd/m/yyyy', 'DATE_HISTORY': 'mm/yyyy', 'DOB': 'degree', 'TELEFOON': 'slash_dot', 'TELEFOON_MOBILE': 'slash_dot', 'STREET': 'plain', 'AGE': 'jaar'}"
CASE000987,F,18-34,flemish,West-Vlaanderen,Vlaanderen,town,Nele De Clercq,dr. Femke Van Acker,dr. Giuseppe Moreira,Nele De Clercq,Tante,23-jarige,vrouw,23/5/2026,24/5/2026,2 jan 2024,°2002-08-11,02081118401,24178635007,BE08 8416 9439 0966,4389477854079459,Brouwersplein 42/16,8800,Roeselare,+32 56 27 51 31,0498/41.66.94,nele.declercq@skynet.be,https://www.uzonzelievevrouw.be,UZ Onze-Lieve-Vrouw,Gastro-enterologie,refluxoesofagitis graad B,manoeuvre van Valsalva,Goldmann applanatie,m. Deltoideus,D-cure 25 000 ie,Glucagen hypokit,peervormige galblaas,12u,ivm,SSp testen positief,,False,patient,patiente,mevrouw,zij,haar,"{'INSZ': 'plain', 'RIZIV': 'plain', 'IBAN': 'grouped', 'DATE_ENCOUNTER': 'd/m/yyyy', 'DATE_VALIDATION': 'd/m/yyyy', 'DATE_HISTORY': 'text_abbr', 'DOB': 'degree', 'TELEFOON': 'intl', 'TELEFOON_MOBILE': 'slash_dot', 'STREET': 'slash', 'AGE': 'jarige'}"
CASE000988,M,65-79,central_african,Vlaams-Brabant,Vlaanderen,town,Serge Kalala,dr. Anas El Habti,dr. Wouter Lambert,Blaise Tshibangu,Broer,75-jarige,man,21-05-2026,23/05/2026,01-04-2021,º02-01-1951,51.01.02-765.59,14548911008,BE83 5276 4232 3514,4416867448996159,Hoevesteenweg 68,1700,Dilbeek,014965399,0471/79.40.36,serge.kalala@telenet.be,https://www.azdelta.be,AZ Delta,Gastro-enterologie,anale fissuur,ziekte van Hashimoto,Bristol-schaal type 4,A. Radialis,Asaflow 80 mg,Asaflow 80 mg,beers-teken afwezig,1/d,ODS,SSp testen positief,,False,patient,patient,de heer,hij,zijn,"{'INSZ': 'dotted', 'RIZIV': 'plain', 'IBAN': 'grouped', 'DATE_ENCOUNTER': 'dd-mm-yyyy', 'DATE_VALIDATION': 'dd/mm/yyyy', 'DATE_HISTORY': 'dd-mm-yyyy', 'DOB': 'masc_ordinal', 'TELEFOON': 'plain', 'TELEFOON_MOBILE': 'slash_dot', 'STREET': 'plain', 'AGE': 'jarige'}"
CASE000989,F,35-49,flemish,Antwerpen,Vlaanderen,urban,An Van Peer,dr. Tine Peeters,dr. Inge Goossens,Femke Declercq,Nicht,43-jarige,vrouw,11/05/2026,11 mei 2026,11/10/2021,º15 december 1982,82.12.15-776.95,7-96092-84-006,BE21093374329938,4861894206248870,Stationsdreef 126 bus 9,2000,Antwerpen,+32 57 53 74 12,0470032054,an.vanpeer@skynet.be,https://www.azdelta.be,AZ Delta,Fysische Geneeskunde en revalidatie,lumbaal facettair syndroom,ziekte van Hashimoto,Snellen 1,M. Subscapularis,Diltiazemzalf 2%,Lyumjev kwikpen,molaire zwangerschap uitgesloten,12u,ivm,SSp testen positief,,True,patient,patiente,mevrouw,zij,haar,"{'INSZ': 'dotted', 'RIZIV': 'dashed', 'IBAN': 'plain', 'DATE_ENCOUNTER': 'dd/mm/yyyy', 'DATE_VALIDATION': 'text_abbr', 'DATE_HISTORY': 'dd/mm/yyyy', 'DOB': 'masc_ordinal', 'TELEFOON': 'intl', 'TELEFOON_MOBILE': 'plain', 'STREET': 'bus', 'AGE': 'jarige'}"
CASE000990,M,18-34,flemish,Limburg,Vlaanderen,town,Rik Snellen,dr. Griet Lambert,dr. Geert Maes,Jonas Vermeulen,Neef,18,man,19 mei 2026,19 mei 2026,2019-02-18,°31-08-2007,07.08.31-903.48,40277170008,BE28 5974 5696 2787,4348673702197614,Visserslaan 228,3600,Genk,+32 (0)9/658.48.85,0498/90.93.58,rik.snellen@gmail.com,https://www.imeldaziekenhuis.be,Imeldaziekenhuis,Cardiologie,boezemfibrilleren,syndroom van Raynaud,Goldmann applanatie,M. Subscapularis,Depakine chrono 500 mg,Nexiam 20 mg,geel verkleurde sclerae,100 e/ml 3 ml,NSAID,shared decision making,,True,patient,patient,de heer,hij,zijn,"{'INSZ': 'dotted', 'RIZIV': 'plain', 'IBAN': 'grouped', 'DATE_ENCOUNTER': 'text_abbr', 'DATE_VALIDATION': 'text_nl', 'DATE_HISTORY': 'yyyy-mm-dd', 'DOB': 'degree', 'TELEFOON': 'intl_paren', 'TELEFOON_MOBILE': 'slash_dot', 'STREET': 'plain', 'AGE': 'bare'}"
CASE000991,F,35-49,flemish,Oost-Vlaanderen,Vlaanderen,town,Veerle Van Mol,dr. Luc Peeters,dr. Tomasz Novak,Marc Peeters,Grootvader,36 jaar,vrouw,20/04/2026,22-04-2026,1 juni 2025,°27 augustus 1989,89.08.27-254.85,4-20084-23-003,BE34235630158884,4439742257798306,Molenhof 1,9100,Sint-Niklaas,+32 16 45 05 88,0495 05 21 32,veerle.vanmol@proximus.be,https://www.uzgroeninge.be,UZ Groeninge,Gastro-enterologie,diverticulose sigmoid,ziekte van Hashimoto,Jaeger transfertest,m. Infraspinatus,Metformine viatris 500 mg,Ozempic 1 mg,boomstructuur van de bronchi,300 ie/ml 1.5 ml,NSAID,shared decision making,,True,patient,patiente,mevrouw,zij,haar,"{'INSZ': 'dotted', 'RIZIV': 'dashed', 'IBAN': 'plain', 'DATE_ENCOUNTER': 'dd/mm/yyyy', 'DATE_VALIDATION': 'dd-mm-yyyy', 'DATE_HISTORY': 'text_nl', 'DOB': 'degree', 'TELEFOON': 'intl', 'TELEFOON_MOBILE': 'spaced', 'STREET': 'plain', 'AGE': 'jaar'}"
CASE000992,M,18-34,maghrebi,Vlaams-Brabant,Vlaanderen,town,Nabil Rahmani,dr. Antonio Garcia,dr. Tom Dubois,Nabil El Habti,Vader,24 jaar,man,02.05.2026,02/05/2026,13-08-2022,º16.05.2002,02.05.16 601 92,5 69329 61 006,BE05 3919 0366 3159,4696540650023563,Abdijkaai 37,1800,Vilvoorde,03/563.47.16,0489/07.13.60,nabil.rahmani@proximus.be,https://www.ziekenhuisheilighart.be,Ziekenhuis Heilig Hart,Fysische Geneeskunde en revalidatie,laterale epicondylitis rechts,ziekte van Dupuytren,Humphrey - perimetrie,m. Deltoideus,Atorstatine 20 mg,Injectafer 1000 mg,lintvormige stoelgang,3x/week,ODS,shared decision making,,False,patient,patient,de heer,hij,zijn,"{'INSZ': 'mixed', 'RIZIV': 'spaced', 'IBAN': 'grouped', 'DATE_ENCOUNTER': 'dd.mm.yyyy', 'DATE_VALIDATION': 'dd/mm/yyyy', 'DATE_HISTORY': 'dd-mm-yyyy', 'DOB': 'masc_ordinal', 'TELEFOON': 'slash_dot', 'TELEFOON_MOBILE': 'slash_dot', 'STREET': 'plain', 'AGE': 'jaar'}"
CASE000993,F,65-79,flemish,Limburg,Vlaanderen,town,Katrien Jacobs,dr. Lore Coppens,dr. Dirk Janssens,Els De Clercq,Grootmoeder,65-jarige,vrouw,24 april 2026,25.04.2026,14-10-2015,°8 feb 1961,61.02.08-822.39,7 58442 01 004,BE32 6772 2379 0910,4605035090786119,Veldring 77 bus 2,3800,Sint-Truiden,019 47 86 26,0499 10 92 50,katrien.jacobs@proximus.be,https://www.ziekenhuisgroeninge.be,Ziekenhuis Groeninge,Cardiologie,boezemfibrilleren,ziekte van Von Willebrand,Bristol-schaal type 4,lig. Collaterale mediale,Depakine chrono 500 mg,Pantomed 40 mg,beeld passend bij bursitis,18u,OD,watchful waiting,,False,patient,patiente,mevrouw,zij,haar,"{'INSZ': 'dotted', 'RIZIV': 'spaced', 'IBAN': 'grouped', 'DATE_ENCOUNTER': 'text_nl', 'DATE_VALIDATION': 'dd.mm.yyyy', 'DATE_HISTORY': 'dd-mm-yyyy', 'DOB': 'degree', 'TELEFOON': 'spaced', 'TELEFOON_MOBILE': 'spaced', 'STREET': 'bus', 'AGE': 'jarige'}"
CASE000994,M,0-17,flemish,West-Vlaanderen,Vlaanderen,town,Jonas De Smet,dr. Filip Janssens,dr. Yasmine Rahmani,Tom De Backer,Grootvader,4 jaar,man,15/04/2026,16-04-2026,06/05/2019,º21/02/2022,22022140354,6-31660-04-008,BE56 4877 5915 5167,4791261540985697,Nieuwdries 34,8900,Ieper,+32 3 875 67 31,0498/06.15.59,jonas.desmet@telenet.be,https://www.znamiddelheim.be,ZNA Middelheim,Fysische Geneeskunde en revalidatie,lumbaal facettair syndroom,ziekte van Von Willebrand,Goldmann applanatie,M. Supraspinatus,Nexiam 20 mg,Diltiazemzalf 2%,geel verkleurde sclerae,2/d,PRP,blurr-test,,False,patient,patient,de heer,hij,zijn,"{'INSZ': 'plain', 'RIZIV': 'dashed', 'IBAN': 'grouped', 'DATE_ENCOUNTER': 'dd/mm/yyyy', 'DATE_VALIDATION': 'dd-mm-yyyy', 'DATE_HISTORY': 'dd/mm/yyyy', 'DOB': 'masc_ordinal', 'TELEFOON': 'intl', 'TELEFOON_MOBILE': 'slash_dot', 'STREET': 'plain', 'AGE': 'jaar'}"
CASE000995,F,50-64,turkish,Antwerpen,Vlaanderen,urban,Selin Kaya,dr. Inge Coppens,dr. Filip Van Damme,Emre Sahin,Grootvader,53 jaar,vrouw,15/04/2026,16/04/2026,10 april 2018,°6 maa 1973,73030625453,9-67643-29-480,BE74 1615 2021 7970,4218288291454701,Nieuwberg 124,2018,Antwerpen,013 31 15 82,+32 490 37 27 35,selin.kaya@proximus.be,https://www.algemeenziekenhuisonzelievevrouw.be,Algemeen Ziekenhuis Onze-Lieve-Vrouw,Endocrinologie,type 2 diabetes mellitus,syndroom van Raynaud,Goldmann applanatie,M. Supraspinatus,Toujeo solostar,D-cure 25 000 ie,peervormige galblaas,HR: 68,i.o.m.,watchful waiting,,False,patient,patiente,mevrouw,zij,haar,"{'INSZ': 'plain', 'RIZIV': 'dashed', 'IBAN': 'grouped', 'DATE_ENCOUNTER': 'dd/mm/yyyy', 'DATE_VALIDATION': 'dd/mm/yyyy', 'DATE_HISTORY': 'text_nl', 'DOB': 'degree', 'TELEFOON': 'spaced', 'TELEFOON_MOBILE': 'intl', 'STREET': 'plain', 'AGE': 'jaar'}"
CASE000996,M,35-49,southern_european,Limburg,Vlaanderen,town,Salvatore Ferrari,dr. Griet Peeters,dr. Stijn Janssens,Giuseppe Garcia,Neef,37,man,18.05.2026,18-05-2026,31-03-2017,º16/01/1989,89.01.16-251.78,4 90285 50 004,BE52 5069 9407 9863,4513006340961290,Beekring 192,3600,Genk,02 946 17 45,0476 62 71 97,salvatore.ferrari@skynet.be,https://www.kliniekgroeninge.be,Kliniek Groeninge,Cardiologie,boezemfibrilleren,ziekte van Bechterew,Jaeger transfertest,M. Supraspinatus,Sipralexa 20 mg,Glucagen hypokit,beers-teken afwezig,3x/week,i.o.m.,full range of motion,,False,patient,patient,de heer,hij,zijn,"{'INSZ': 'dotted', 'RIZIV': 'spaced', 'IBAN': 'grouped', 'DATE_ENCOUNTER': 'dd.mm.yyyy', 'DATE_VALIDATION': 'dd-mm-yyyy', 'DATE_HISTORY': 'dd-mm-yyyy', 'DOB': 'masc_ordinal', 'TELEFOON': 'spaced', 'TELEFOON_MOBILE': 'spaced', 'STREET': 'plain', 'AGE': 'bare'}"
CASE000997,F,50-64,southern_european,West-Vlaanderen,Vlaanderen,town,Sofia Snellen,dr. Yasmine Bouzid,dr. Jan Goossens,Rafael Rossi,Neef,54-jarige,vrouw,17 mei 2026,17 mei 2026,15/12/2023,º28 februari 1972,72.02.28-106.95,8 90253 13 004,BE15 1791 2274 2781,4140081452860680,Bloembaan 144/8,8800,Roeselare,+32 53 11 08 80,0490/72.43.06,sofia.snellen@skynet.be,https://www.aznikolaas.be,AZ Nikolaas,Gastro-enterologie,diverticulose sigmoid,ziekte van Dupuytren,Humphrey - perimetrie,lig. Collaterale mediale,Nexiam 20 mg,Metformine viatris 500 mg,lintvormige stoelgang,pH 7.38,RYGB,full range of motion,,True,patient,patiente,mevrouw,zij,haar,"{'INSZ': 'dotted', 'RIZIV': 'spaced', 'IBAN': 'grouped', 'DATE_ENCOUNTER': 'text_abbr', 'DATE_VALIDATION': 'text_abbr', 'DATE_HISTORY': 'dd/mm/yyyy', 'DOB': 'masc_ordinal', 'TELEFOON': 'intl', 'TELEFOON_MOBILE': 'slash_dot', 'STREET': 'slash', 'AGE': 'jarige'}"
CASE000998,M,65-79,flemish,Oost-Vlaanderen,Vlaanderen,town,Stijn Declercq,dr. Nele Goossens,dr. An Janssens,Jonas Maes,Grootvader,70,man,8 mei 2026,10 mei 2026,19-07-2019,º15-01-1956,56.01.15-949.75,75064142018,BE56829153342940,4508511274816268,Weverbaan 173 bus 7,9700,Oudenaarde,04/567.59.81,0493513117,stijn.declercq@proximus.be,https://www.azonzelievevrouw.be,AZ Onze-Lieve-Vrouw,Endocrinologie,hypothyreoidie,ziekte van Parkinson,Snellen 1,N. Medianus,Depakine chrono 500 mg,Paracetamol 1 g,as 165 graden,1/d,OS,watchful waiting,,False,patient,patient,de heer,hij,zijn,"{'INSZ': 'dotted', 'RIZIV': 'plain', 'IBAN': 'plain', 'DATE_ENCOUNTER': 'text_nl', 'DATE_VALIDATION': 'text_abbr', 'DATE_HISTORY': 'dd-mm-yyyy', 'DOB': 'masc_ordinal', 'TELEFOON': 'slash_dot', 'TELEFOON_MOBILE': 'plain', 'STREET': 'bus', 'AGE': 'bare'}"
CASE000999,F,50-64,flemish,Vlaams-Brabant,Vlaanderen,town,Femke Van den Berghe,dr. Sofie Declercq,dr. Tine Van Acker,Femke Declercq,Grootmoeder,61-jarige,vrouw,23/05/2026,25-05-2026,15/11/2018,°1964-07-18,64.07.18-096.78,3 31986 45 004,BE41 1418 2628 5090,4652077486025639,Molenpark 160,1800,Vilvoorde,019/19.08.57,0490 20 40 67,femke.vandenberghe@gmail.com,https://www.klinieknikolaas.be,Kliniek Nikolaas,Endocrinologie,hypothyreoidie,teken van Lasegue,Humphrey - perimetrie,m. Infraspinatus,Paracetamol 1 g,Ibuprofen 400 mg,as 165 graden,4.95*,PRP,watchful waiting,,False,patient,patiente,mevrouw,zij,haar,"{'INSZ': 'dotted', 'RIZIV': 'spaced', 'IBAN': 'grouped', 'DATE_ENCOUNTER': 'dd/mm/yyyy', 'DATE_VALIDATION': 'dd-mm-yyyy', 'DATE_HISTORY': 'd/m/yyyy', 'DOB': 'degree', 'TELEFOON': 'slash_dot', 'TELEFOON_MOBILE': 'spaced', 'STREET': 'plain', 'AGE': 'jarige'}"
